Validation Loss: 2.0382696390151978
              precision    recall  f1-score   support

           0     0.0000    0.0000    0.0000     262.0
           1     0.0000    0.0000    0.0000     157.0
           2     0.0000    0.0000    0.0000     167.0
           3     0.0000    0.0000    0.0000       3.0
           4     0.0000    0.0000    0.0000      99.0
           6     0.0000    0.0000    0.0000       0.0

    accuracy                         0.0000     688.0
   macro avg     0.0000    0.0000    0.0000     688.0
weighted avg     0.0000    0.0000    0.0000     688.0

Validation Loss: 1.3593302071094513
              precision    recall  f1-score   support

           0     0.6329    1.0000    0.7751       262
           1     0.2349    0.2229    0.2288       157
           2     0.7360    0.5509    0.6301       167
           3     0.0000    0.0000    0.0000         3
           4     0.0000    0.0000    0.0000        99

    accuracy                         0.5654       688
   macro avg     0.3207    0.3548    0.3268       688
weighted avg     0.4733    0.5654    0.5003       688

Validation Loss: 0.9916776418685913
              precision    recall  f1-score   support

           0     0.6913    1.0000    0.8175       262
           1     0.9167    0.2803    0.4293       157
           2     0.5517    0.8623    0.6729       167
           3     0.0000    0.0000    0.0000         3
           4     0.0000    0.0000    0.0000        99

    accuracy                         0.6541       688
   macro avg     0.4319    0.4285    0.3839       688
weighted avg     0.6064    0.6541    0.5726       688

Validation Loss: 0.8003757745027542
              precision    recall  f1-score   support

           0     0.8419    0.9962    0.9126       262
           1     0.9407    0.8089    0.8699       157
           2     0.5885    0.8563    0.6976       167
           3     0.0000    0.0000    0.0000         3
           4     0.0000    0.0000    0.0000        99

    accuracy                         0.7718       688
   macro avg     0.4742    0.5323    0.4960       688
weighted avg     0.6781    0.7718    0.7153       688

Validation Loss: 0.6532839834690094
              precision    recall  f1-score   support

           0     0.8724    0.9656    0.9167       262
           1     0.8839    0.8726    0.8782       157
           2     0.7606    0.8563    0.8056       167
           3     0.0000    0.0000    0.0000         3
           4     1.0000    0.5556    0.7143        99

    accuracy                         0.8547       688
   macro avg     0.7034    0.6500    0.6630       688
weighted avg     0.8625    0.8547    0.8478       688

Validation Loss: 0.5260569527745247
              precision    recall  f1-score   support

           0     0.8962    0.9885    0.9401       262
           1     0.8861    0.8917    0.8889       157
           2     0.8563    0.8563    0.8563       167
           3     0.0000    0.0000    0.0000         3
           4     0.9865    0.7374    0.8439        99

    accuracy                         0.8939       688
   macro avg     0.7250    0.6948    0.7058       688
weighted avg     0.8933    0.8939    0.8901       688

Validation Loss: 0.4216580241918564
              precision    recall  f1-score   support

           0     0.9094    0.9962    0.9508       262
           1     0.8553    0.8662    0.8608       157
           2     0.9051    0.8563    0.8800       167
           3     0.0000    0.0000    0.0000         3
           4     0.9643    0.8182    0.8852        99

    accuracy                         0.9026       688
   macro avg     0.7268    0.7074    0.7154       688
weighted avg     0.8999    0.9026    0.8995       688

Validation Loss: 0.3520248681306839
              precision    recall  f1-score   support

           0     0.9179    0.9809    0.9483       262
           1     0.8599    0.8599    0.8599       157
           2     0.9108    0.8563    0.8827       167
           3     0.0000    0.0000    0.0000         3
           4     0.9043    0.8586    0.8808        99

    accuracy                         0.9012       688
   macro avg     0.7186    0.7111    0.7144       688
weighted avg     0.8970    0.9012    0.8984       688

Validation Loss: 0.3082391768693924
              precision    recall  f1-score   support

           0     0.8862    0.9809    0.9312       262
           1     0.9466    0.7898    0.8611       157
           2     0.8786    0.9102    0.8941       167
           3     0.0000    0.0000    0.0000         3
           4     0.9043    0.8586    0.8808        99

    accuracy                         0.8983       688
   macro avg     0.7231    0.7079    0.7134       688
weighted avg     0.8969    0.8983    0.8949       688

Validation Loss: 0.2805279307067394
              precision    recall  f1-score   support

           0     0.8862    0.9809    0.9312       262
           1     0.9466    0.7898    0.8611       157
           2     0.8889    0.9102    0.8994       167
           3     0.0000    0.0000    0.0000         3
           4     0.9062    0.8788    0.8923        99

    accuracy                         0.9012       688
   macro avg     0.7256    0.7119    0.7168       688
weighted avg     0.8997    0.9012    0.8978       688

Validation Loss: 0.2561676651239395
              precision    recall  f1-score   support

           0     0.9018    0.9809    0.9397       262
           1     0.9549    0.8089    0.8759       157
           2     0.8807    0.9281    0.9038       167
           3     0.0000    0.0000    0.0000         3
           4     0.9362    0.8889    0.9119        99

    accuracy                         0.9113       688
   macro avg     0.7347    0.7214    0.7262       688
weighted avg     0.9098    0.9113    0.9083       688

Validation Loss: 0.23902743309736252
              precision    recall  f1-score   support

           0     0.9209    0.9771    0.9481       262
           1     0.9632    0.8344    0.8942       157
           2     0.8626    0.9401    0.8997       167
           3     0.0000    0.0000    0.0000         3
           4     0.9565    0.8889    0.9215        99

    accuracy                         0.9186       688
   macro avg     0.7407    0.7281    0.7327       688
weighted avg     0.9175    0.9186    0.9161       688

Validation Loss: 0.22621310502290726
              precision    recall  f1-score   support

           0     0.9508    0.9580    0.9544       262
           1     0.9333    0.8917    0.9121       157
           2     0.8674    0.9401    0.9023       167
           3     0.0000    0.0000    0.0000         3
           4     0.9570    0.8990    0.9271        99

    accuracy                         0.9259       688
   macro avg     0.7417    0.7378    0.7392       688
weighted avg     0.9233    0.9259    0.9240       688

Validation Loss: 0.21196838095784187
              precision    recall  f1-score   support

           0     0.9275    0.9771    0.9517       262
           1     0.9571    0.8535    0.9024       157
           2     0.8722    0.9401    0.9049       167
           3     0.0000    0.0000    0.0000         3
           4     0.9674    0.8990    0.9319        99

    accuracy                         0.9244       688
   macro avg     0.7449    0.7339    0.7382       688
weighted avg     0.9226    0.9244    0.9221       688

Validation Loss: 0.19983546808362007
              precision    recall  f1-score   support

           0     0.9551    0.9733    0.9641       262
           1     0.9589    0.8917    0.9241       157
           2     0.8634    0.9461    0.9029       167
           3     0.0000    0.0000    0.0000         3
           4     0.9674    0.8990    0.9319        99

    accuracy                         0.9331       688
   macro avg     0.7489    0.7420    0.7446       688
weighted avg     0.9313    0.9331    0.9313       688

Validation Loss: 0.1892833672463894
              precision    recall  f1-score   support

           0     0.9412    0.9771    0.9588       262
           1     0.9583    0.8790    0.9169       157
           2     0.8764    0.9341    0.9043       167
           3     0.0000    0.0000    0.0000         3
           4     0.9574    0.9091    0.9326        99

    accuracy                         0.9302       688
   macro avg     0.7467    0.7399    0.7425       688
weighted avg     0.9276    0.9302    0.9281       688

Validation Loss: 0.18205549754202366
              precision    recall  f1-score   support

           0     0.9414    0.9809    0.9607       262
           1     0.9504    0.8535    0.8993       157
           2     0.8876    0.9461    0.9159       167
           3     0.0000    0.0000    0.0000         3
           4     0.9583    0.9293    0.9436        99

    accuracy                         0.9317       688
   macro avg     0.7475    0.7420    0.7439       688
weighted avg     0.9287    0.9317    0.9292       688

Validation Loss: 0.17447062022984028
              precision    recall  f1-score   support

           0     0.9805    0.9618    0.9711       262
           1     0.9108    0.9108    0.9108       157
           2     0.8870    0.9401    0.9128       167
           3     0.0000    0.0000    0.0000         3
           4     0.9485    0.9293    0.9388        99

    accuracy                         0.9360       688
   macro avg     0.7454    0.7484    0.7467       688
weighted avg     0.9330    0.9360    0.9343       688

Validation Loss: 0.16971975192427635
              precision    recall  f1-score   support

           0     0.9483    0.9809    0.9644       262
           1     0.9371    0.8535    0.8933       157
           2     0.8785    0.9521    0.9138       167
           3     0.0000    0.0000    0.0000         3
           4     0.9677    0.9091    0.9375        99

    accuracy                         0.9302       688
   macro avg     0.7463    0.7391    0.7418       688
weighted avg     0.9275    0.9302    0.9278       688

Validation Loss: 0.16118608973920345
              precision    recall  f1-score   support

           0     0.9554    0.9809    0.9680       262
           1     0.9448    0.8726    0.9073       157
           2     0.9029    0.9461    0.9240       167
           3     0.0000    0.0000    0.0000         3
           4     0.9495    0.9495    0.9495        99

    accuracy                         0.9390       688
   macro avg     0.7505    0.7498    0.7497       688
weighted avg     0.9352    0.9390    0.9366       688

Validation Loss: 0.1587439849972725
              precision    recall  f1-score   support

           0     0.9845    0.9695    0.9769       262
           1     0.9290    0.9172    0.9231       157
           2     0.8883    0.9521    0.9191       167
           3     0.0000    0.0000    0.0000         3
           4     0.9583    0.9293    0.9436        99

    accuracy                         0.9433       688
   macro avg     0.7520    0.7536    0.7525       688
weighted avg     0.9404    0.9433    0.9415       688

Validation Loss: 0.1527558844536543
              precision    recall  f1-score   support

           0     0.9519    0.9809    0.9662       262
           1     0.9444    0.8662    0.9037       157
           2     0.8833    0.9521    0.9164       167
           3     0.0000    0.0000    0.0000         3
           4     0.9574    0.9091    0.9326        99

    accuracy                         0.9331       688
   macro avg     0.7474    0.7417    0.7438       688
weighted avg     0.9302    0.9331    0.9308       688

Validation Loss: 0.14613111689686775
              precision    recall  f1-score   support

           0     0.9625    0.9809    0.9716       262
           1     0.9521    0.8854    0.9175       157
           2     0.9034    0.9521    0.9271       167
           3     0.0000    0.0000    0.0000         3
           4     0.9495    0.9495    0.9495        99

    accuracy                         0.9433       688
   macro avg     0.7535    0.7536    0.7531       688
weighted avg     0.9397    0.9433    0.9411       688

Validation Loss: 0.15101310424506664
              precision    recall  f1-score   support

           0     0.9839    0.9351    0.9589       262
           1     0.8834    0.9172    0.9000       157
           2     0.8983    0.9521    0.9244       167
           3     0.0000    0.0000    0.0000         3
           4     0.9495    0.9495    0.9495        99

    accuracy                         0.9331       688
   macro avg     0.7430    0.7508    0.7466       688
weighted avg     0.9310    0.9331    0.9316       688

Validation Loss: 0.14259706996381283
              precision    recall  f1-score   support

           0     0.9519    0.9809    0.9662       262
           1     0.9459    0.8917    0.9180       157
           2     0.9191    0.9521    0.9353       167
           3     0.0000    0.0000    0.0000         3
           4     0.9588    0.9394    0.9490        99

    accuracy                         0.9433       688
   macro avg     0.7551    0.7528    0.7537       688
weighted avg     0.9394    0.9433    0.9410       688

Validation Loss: 0.13603317365050316
              precision    recall  f1-score   support

           0     0.9735    0.9809    0.9772       262
           1     0.9477    0.9236    0.9355       157
           2     0.9186    0.9461    0.9322       167
           3     0.0000    0.0000    0.0000         3
           4     0.9495    0.9495    0.9495        99

    accuracy                         0.9506       688
   macro avg     0.7579    0.7600    0.7589       688
weighted avg     0.9466    0.9506    0.9485       688

Validation Loss: 0.13597832806408405
              precision    recall  f1-score   support

           0     0.9698    0.9809    0.9753       262
           1     0.9470    0.9108    0.9286       157
           2     0.9086    0.9521    0.9298       167
           3     0.0000    0.0000    0.0000         3
           4     0.9588    0.9394    0.9490        99

    accuracy                         0.9477       688
   macro avg     0.7568    0.7566    0.7565       688
weighted avg     0.9439    0.9477    0.9456       688

Validation Loss: 0.1301629152148962
              precision    recall  f1-score   support

           0     0.9772    0.9809    0.9790       262
           1     0.9487    0.9427    0.9457       157
           2     0.9294    0.9461    0.9377       167
           3     0.0000    0.0000    0.0000         3
           4     0.9495    0.9495    0.9495        99

    accuracy                         0.9549       688
   macro avg     0.7610    0.7638    0.7624       688
weighted avg     0.9508    0.9549    0.9529       688

Validation Loss: 0.1330084167420864
              precision    recall  f1-score   support

           0     0.9483    0.9809    0.9644       262
           1     0.9456    0.8854    0.9145       157
           2     0.9240    0.9461    0.9349       167
           3     0.0000    0.0000    0.0000         3
           4     0.9495    0.9495    0.9495        99

    accuracy                         0.9419       688
   macro avg     0.7535    0.7524    0.7526       688
weighted avg     0.9378    0.9419    0.9395       688

Validation Loss: 0.12938563339412212
              precision    recall  f1-score   support

           0     0.9880    0.9466    0.9669       262
           1     0.9080    0.9427    0.9250       157
           2     0.9195    0.9581    0.9384       167
           3     0.0000    0.0000    0.0000         3
           4     0.9500    0.9596    0.9548        99

    accuracy                         0.9462       688
   macro avg     0.7531    0.7614    0.7570       688
weighted avg     0.9434    0.9462    0.9444       688

Validation Loss: 0.12649199925363064
              precision    recall  f1-score   support

           0     0.9625    0.9809    0.9716       262
           1     0.9655    0.8917    0.9272       157
           2     0.9200    0.9641    0.9415       167
           3     0.0000    0.0000    0.0000         3
           4     0.9505    0.9697    0.9600        99

    accuracy                         0.9506       688
   macro avg     0.7597    0.7613    0.7601       688
weighted avg     0.9470    0.9506    0.9483       688

Validation Loss: 0.13013468869030476
              precision    recall  f1-score   support

           0     0.9880    0.9466    0.9669       262
           1     0.9125    0.9299    0.9211       157
           2     0.9200    0.9641    0.9415       167
           3     0.0000    0.0000    0.0000         3
           4     0.9510    0.9798    0.9652        99

    accuracy                         0.9477       688
   macro avg     0.7543    0.7641    0.7589       688
weighted avg     0.9446    0.9477    0.9458       688

Validation Loss: 0.12021824903786182
              precision    recall  f1-score   support

           0     0.9772    0.9809    0.9790       262
           1     0.9730    0.9172    0.9443       157
           2     0.9205    0.9701    0.9446       167
           3     0.0000    0.0000    0.0000         3
           4     0.9505    0.9697    0.9600        99

    accuracy                         0.9578       688
   macro avg     0.7642    0.7676    0.7656       688
weighted avg     0.9544    0.9578    0.9557       688

Validation Loss: 0.12015939317643642
              precision    recall  f1-score   support

           0     0.9735    0.9809    0.9772       262
           1     0.9484    0.9363    0.9423       157
           2     0.9240    0.9461    0.9349       167
           3     0.0000    0.0000    0.0000         3
           4     0.9490    0.9394    0.9442        99

    accuracy                         0.9520       688
   macro avg     0.7590    0.7605    0.7597       688
weighted avg     0.9480    0.9520    0.9500       688

Validation Loss: 0.12017149664461613
              precision    recall  f1-score   support

           0     0.9884    0.9733    0.9808       262
           1     0.9437    0.9618    0.9527       157
           2     0.9408    0.9521    0.9464       167
           3     0.0000    0.0000    0.0000         3
           4     0.9505    0.9697    0.9600        99

    accuracy                         0.9608       688
   macro avg     0.7647    0.7714    0.7680       688
weighted avg     0.9569    0.9608    0.9588       688

Validation Loss: 0.11837128549814224
              precision    recall  f1-score   support

           0     0.9883    0.9656    0.9768       262
           1     0.9096    0.9618    0.9350       157
           2     0.9576    0.9461    0.9518       167
           3     0.0000    0.0000    0.0000         3
           4     0.9505    0.9697    0.9600        99

    accuracy                         0.9564       688
   macro avg     0.7612    0.7686    0.7647       688
weighted avg     0.9531    0.9564    0.9545       688

Validation Loss: 0.11657253094017506
              precision    recall  f1-score   support

           0     0.9885    0.9809    0.9847       262
           1     0.9557    0.9618    0.9587       157
           2     0.9298    0.9521    0.9408       167
           3     0.0000    0.0000    0.0000         3
           4     0.9495    0.9495    0.9495        99

    accuracy                         0.9608       688
   macro avg     0.7647    0.7689    0.7667       688
weighted avg     0.9568    0.9608    0.9588       688

Validation Loss: 0.12013264000415802
              precision    recall  f1-score   support

           0     0.9449    0.9809    0.9625       262
           1     0.9645    0.8662    0.9128       157
           2     0.9253    0.9641    0.9443       167
           3     0.0000    0.0000    0.0000         3
           4     0.9505    0.9697    0.9600        99

    accuracy                         0.9448       688
   macro avg     0.7570    0.7562    0.7559       688
weighted avg     0.9413    0.9448    0.9422       688

Validation Loss: 0.12511634081602097
              precision    recall  f1-score   support

           0     0.9919    0.9389    0.9647       262
           1     0.9080    0.9427    0.9250       157
           2     0.9249    0.9581    0.9412       167
           3     0.0000    0.0000    0.0000         3
           4     0.9327    0.9798    0.9557        99

    accuracy                         0.9462       688
   macro avg     0.7515    0.7639    0.7573       688
weighted avg     0.9436    0.9462    0.9444       688

Validation Loss: 0.11167396418750286
              precision    recall  f1-score   support

           0     0.9772    0.9809    0.9790       262
           1     0.9548    0.9427    0.9487       157
           2     0.9408    0.9521    0.9464       167
           3     0.0000    0.0000    0.0000         3
           4     0.9505    0.9697    0.9600        99

    accuracy                         0.9593       688
   macro avg     0.7647    0.7691    0.7668       688
weighted avg     0.9552    0.9593    0.9572       688

Validation Loss: 0.10964424163103104
              precision    recall  f1-score   support

           0     0.9923    0.9809    0.9866       262
           1     0.9560    0.9682    0.9620       157
           2     0.9306    0.9641    0.9471       167
           3     0.0000    0.0000    0.0000         3
           4     0.9691    0.9495    0.9592        99

    accuracy                         0.9651       688
   macro avg     0.7696    0.7725    0.7710       688
weighted avg     0.9614    0.9651    0.9631       688

Validation Loss: 0.11169200204312801
              precision    recall  f1-score   support

           0     0.9881    0.9542    0.9709       262
           1     0.9136    0.9427    0.9279       157
           2     0.9419    0.9701    0.9558       167
           3     0.0000    0.0000    0.0000         3
           4     0.9505    0.9697    0.9600        99

    accuracy                         0.9535       688
   macro avg     0.7588    0.7673    0.7629       688
weighted avg     0.9502    0.9535    0.9516       688

Validation Loss: 0.11328444071114063
              precision    recall  f1-score   support

           0     0.9662    0.9809    0.9735       262
           1     0.9664    0.9172    0.9412       157
           2     0.9357    0.9581    0.9467       167
           3     0.0000    0.0000    0.0000         3
           4     0.9412    0.9697    0.9552        99

    accuracy                         0.9549       688
   macro avg     0.7619    0.7652    0.7633       688
weighted avg     0.9510    0.9549    0.9527       688

Validation Loss: 0.10664222575724125
              precision    recall  f1-score   support

           0     0.9923    0.9809    0.9866       262
           1     0.9618    0.9618    0.9618       157
           2     0.9357    0.9581    0.9467       167
           3     1.0000    0.3333    0.5000         3
           4     0.9600    0.9697    0.9648        99

    accuracy                         0.9666       688
   macro avg     0.9699    0.8408    0.8720       688
weighted avg     0.9670    0.9666    0.9660       688

Validation Loss: 0.10670775920152664
              precision    recall  f1-score   support

           0     0.9735    0.9809    0.9772       262
           1     0.9605    0.9299    0.9450       157
           2     0.9195    0.9581    0.9384       167
           3     1.0000    0.3333    0.5000         3
           4     0.9588    0.9394    0.9490        99

    accuracy                         0.9549       688
   macro avg     0.9625    0.8283    0.8619       688
weighted avg     0.9554    0.9549    0.9543       688

Validation Loss: 0.10812529362738132
              precision    recall  f1-score   support

           0     0.9921    0.9618    0.9767       262
           1     0.9259    0.9554    0.9404       157
           2     0.9529    0.9701    0.9614       167
           3     1.0000    0.3333    0.5000         3
           4     0.9604    0.9798    0.9700        99

    accuracy                         0.9622       688
   macro avg     0.9663    0.8401    0.8697       688
weighted avg     0.9630    0.9622    0.9617       688

Validation Loss: 0.10661285929381847
              precision    recall  f1-score   support

           0     0.9923    0.9809    0.9866       262
           1     0.9618    0.9618    0.9618       157
           2     0.9471    0.9641    0.9555       167
           3     1.0000    0.3333    0.5000         3
           4     0.9604    0.9798    0.9700        99

    accuracy                         0.9695       688
   macro avg     0.9723    0.8440    0.8748       688
weighted avg     0.9698    0.9695    0.9689       688

Validation Loss: 0.10200809128582478
              precision    recall  f1-score   support

           0     0.9923    0.9809    0.9866       262
           1     0.9437    0.9618    0.9527       157
           2     0.9581    0.9581    0.9581       167
           3     1.0000    0.6667    0.8000         3
           4     0.9700    0.9798    0.9749        99

    accuracy                         0.9695       688
   macro avg     0.9728    0.9094    0.9344       688
weighted avg     0.9697    0.9695    0.9694       688

Validation Loss: 0.11297623720020056
              precision    recall  f1-score   support

           0     0.9483    0.9809    0.9644       262
           1     0.9333    0.8917    0.9121       157
           2     0.9349    0.9461    0.9405       167
           3     1.0000    0.6667    0.8000         3
           4     0.9792    0.9495    0.9641        99

    accuracy                         0.9462       688
   macro avg     0.9592    0.8870    0.9162       688
weighted avg     0.9463    0.9462    0.9459       688

Validation Loss: 0.10121040977537632
              precision    recall  f1-score   support

           0     0.9810    0.9847    0.9829       262
           1     0.9430    0.9490    0.9460       157
           2     0.9697    0.9581    0.9639       167
           3     1.0000    0.6667    0.8000         3
           4     0.9700    0.9798    0.9749        99

    accuracy                         0.9680       688
   macro avg     0.9727    0.9077    0.9335       688
weighted avg     0.9681    0.9680    0.9679       688

Validation Loss: 0.10139860957860947
              precision    recall  f1-score   support

           0     0.9961    0.9695    0.9826       262
           1     0.9441    0.9682    0.9560       157
           2     0.9474    0.9701    0.9586       167
           3     1.0000    0.6667    0.8000         3
           4     0.9697    0.9697    0.9697        99

    accuracy                         0.9680       688
   macro avg     0.9714    0.9088    0.9334       688
weighted avg     0.9686    0.9680    0.9680       688

Validation Loss: 0.10579288844019175
              precision    recall  f1-score   support

           0     0.9960    0.9427    0.9686       262
           1     0.9000    0.9745    0.9358       157
           2     0.9586    0.9701    0.9643       167
           3     1.0000    0.6667    0.8000         3
           4     0.9697    0.9697    0.9697        99

    accuracy                         0.9593       688
   macro avg     0.9648    0.9047    0.9277       688
weighted avg     0.9612    0.9593    0.9595       688

Validation Loss: 0.09958608914166689
              precision    recall  f1-score   support

           0     0.9961    0.9771    0.9865       262
           1     0.9387    0.9745    0.9563       157
           2     0.9699    0.9641    0.9670       167
           3     1.0000    0.6667    0.8000         3
           4     0.9700    0.9798    0.9749        99

    accuracy                         0.9724       688
   macro avg     0.9749    0.9124    0.9369       688
weighted avg     0.9729    0.9724    0.9724       688

Validation Loss: 0.09855598583817482
              precision    recall  f1-score   support

           0     0.9884    0.9733    0.9808       262
           1     0.9321    0.9618    0.9467       157
           2     0.9524    0.9581    0.9552       167
           3     1.0000    0.6667    0.8000         3
           4     0.9694    0.9596    0.9645        99

    accuracy                         0.9637       688
   macro avg     0.9684    0.9039    0.9294       688
weighted avg     0.9641    0.9637    0.9637       688

Validation Loss: 0.09631681628525257
              precision    recall  f1-score   support

           0     0.9961    0.9847    0.9904       262
           1     0.9557    0.9618    0.9587       157
           2     0.9474    0.9701    0.9586       167
           3     1.0000    0.6667    0.8000         3
           4     0.9694    0.9596    0.9645        99

    accuracy                         0.9709       688
   macro avg     0.9737    0.9086    0.9344       688
weighted avg     0.9712    0.9709    0.9709       688

Validation Loss: 0.09728846233338118
              precision    recall  f1-score   support

           0     0.9923    0.9809    0.9866       262
           1     0.9801    0.9427    0.9610       157
           2     0.9253    0.9641    0.9443       167
           3     1.0000    0.6667    0.8000         3
           4     0.9510    0.9798    0.9652        99

    accuracy                         0.9666       688
   macro avg     0.9697    0.9068    0.9314       688
weighted avg     0.9673    0.9666    0.9666       688

Validation Loss: 0.099353838711977
              precision    recall  f1-score   support

           0     0.9921    0.9618    0.9767       262
           1     0.9202    0.9554    0.9375       157
           2     0.9527    0.9641    0.9583       167
           3     1.0000    0.6667    0.8000         3
           4     0.9700    0.9798    0.9749        99

    accuracy                         0.9622       688
   macro avg     0.9670    0.9056    0.9295       688
weighted avg     0.9630    0.9622    0.9623       688

Validation Loss: 0.09729074034839869
              precision    recall  f1-score   support

           0     0.9846    0.9771    0.9808       262
           1     0.9732    0.9236    0.9477       157
           2     0.9209    0.9760    0.9477       167
           3     1.0000    0.6667    0.8000         3
           4     0.9700    0.9798    0.9749        99

    accuracy                         0.9637       688
   macro avg     0.9697    0.9046    0.9302       688
weighted avg     0.9645    0.9637    0.9636       688

Validation Loss: 0.0972857428714633
              precision    recall  f1-score   support

           0     0.9698    0.9809    0.9753       262
           1     0.9603    0.9236    0.9416       157
           2     0.9532    0.9760    0.9645       167
           3     1.0000    0.6667    0.8000         3
           4     0.9697    0.9697    0.9697        99

    accuracy                         0.9637       688
   macro avg     0.9706    0.9034    0.9302       688
weighted avg     0.9637    0.9637    0.9634       688

Validation Loss: 0.09869013633579016
              precision    recall  f1-score   support

           0     1.0000    0.9466    0.9725       262
           1     0.9006    0.9809    0.9390       157
           2     0.9643    0.9701    0.9672       167
           3     1.0000    0.6667    0.8000         3
           4     0.9798    0.9798    0.9798        99

    accuracy                         0.9637       688
   macro avg     0.9689    0.9088    0.9317       688
weighted avg     0.9657    0.9637    0.9639       688

Validation Loss: 0.09390223026275635
              precision    recall  f1-score   support

           0     0.9884    0.9771    0.9827       262
           1     0.9379    0.9618    0.9497       157
           2     0.9581    0.9581    0.9581       167
           3     1.0000    0.6667    0.8000         3
           4     0.9697    0.9697    0.9697        99

    accuracy                         0.9666       688
   macro avg     0.9708    0.9067    0.9320       688
weighted avg     0.9669    0.9666    0.9665       688

Validation Loss: 0.11510019470006227
              precision    recall  f1-score   support

           0     0.9418    0.9885    0.9646       262
           1     0.9205    0.8854    0.9026       157
           2     0.9750    0.9341    0.9541       167
           3     1.0000    0.6667    0.8000         3
           4     0.9700    0.9798    0.9749        99

    accuracy                         0.9491       688
   macro avg     0.9615    0.8909    0.9192       688
weighted avg     0.9493    0.9491    0.9487       688

Validation Loss: 0.09643616527318954
              precision    recall  f1-score   support

           0     1.0000    0.9580    0.9786       262
           1     0.9167    0.9809    0.9477       157
           2     0.9583    0.9641    0.9612       167
           3     1.0000    0.6667    0.8000         3
           4     0.9697    0.9697    0.9697        99

    accuracy                         0.9651       688
   macro avg     0.9689    0.9079    0.9314       688
weighted avg     0.9665    0.9651    0.9652       688

Validation Loss: 0.09305398352444172
              precision    recall  f1-score   support

           0     0.9960    0.9542    0.9747       262
           1     0.9207    0.9618    0.9408       157
           2     0.9532    0.9760    0.9645       167
           3     1.0000    0.6667    0.8000         3
           4     0.9700    0.9798    0.9749        99

    accuracy                         0.9637       688
   macro avg     0.9680    0.9077    0.9310       688
weighted avg     0.9647    0.9637    0.9637       688

Validation Loss: 0.09347133990377188
              precision    recall  f1-score   support

           0     0.9846    0.9771    0.9808       262
           1     0.9430    0.9490    0.9460       157
           2     0.9581    0.9581    0.9581       167
           3     1.0000    0.6667    0.8000         3
           4     0.9604    0.9798    0.9700        99

    accuracy                         0.9651       688
   macro avg     0.9692    0.9061    0.9310       688
weighted avg     0.9653    0.9651    0.9650       688

Validation Loss: 0.09226646088063717
              precision    recall  f1-score   support

           0     0.9961    0.9733    0.9846       262
           1     0.9387    0.9745    0.9563       157
           2     0.9586    0.9701    0.9643       167
           3     1.0000    0.6667    0.8000         3
           4     0.9796    0.9697    0.9746        99

    accuracy                         0.9709       688
   macro avg     0.9746    0.9108    0.9359       688
weighted avg     0.9715    0.9709    0.9709       688

Validation Loss: 0.092406434006989
              precision    recall  f1-score   support

           0     0.9961    0.9656    0.9806       262
           1     0.9277    0.9809    0.9536       157
           2     0.9699    0.9641    0.9670       167
           3     1.0000    0.6667    0.8000         3
           4     0.9700    0.9798    0.9749        99

    accuracy                         0.9695       688
   macro avg     0.9727    0.9114    0.9352       688
weighted avg     0.9704    0.9695    0.9695       688

Validation Loss: 0.09363137744367123
              precision    recall  f1-score   support

           0     0.9960    0.9580    0.9767       262
           1     0.9212    0.9682    0.9441       157
           2     0.9583    0.9641    0.9612       167
           3     1.0000    0.6667    0.8000         3
           4     0.9604    0.9798    0.9700        99

    accuracy                         0.9637       688
   macro avg     0.9672    0.9073    0.9304       688
weighted avg     0.9647    0.9637    0.9637       688

Validation Loss: 0.08890473563224077
              precision    recall  f1-score   support

           0     0.9961    0.9771    0.9865       262
           1     0.9379    0.9618    0.9497       157
           2     0.9529    0.9701    0.9614       167
           3     1.0000    0.6667    0.8000         3
           4     0.9796    0.9697    0.9746        99

    accuracy                         0.9695       688
   macro avg     0.9733    0.9091    0.9344       688
weighted avg     0.9700    0.9695    0.9695       688

Validation Loss: 0.09404837153851986
              precision    recall  f1-score   support

           0     0.9960    0.9504    0.9727       262
           1     0.9255    0.9490    0.9371       157
           2     0.9257    0.9701    0.9474       167
           3     1.0000    0.6667    0.8000         3
           4     0.9700    0.9798    0.9749        99

    accuracy                         0.9578       688
   macro avg     0.9634    0.9032    0.9264       688
weighted avg     0.9591    0.9578    0.9580       688

Validation Loss: 0.08950775023549795
              precision    recall  f1-score   support

           0     0.9961    0.9771    0.9865       262
           1     0.9383    0.9682    0.9530       157
           2     0.9641    0.9641    0.9641       167
           3     1.0000    0.6667    0.8000         3
           4     0.9700    0.9798    0.9749        99

    accuracy                         0.9709       688
   macro avg     0.9737    0.9112    0.9357       688
weighted avg     0.9714    0.9709    0.9709       688

Validation Loss: 0.09177875984460115
              precision    recall  f1-score   support

           0     0.9961    0.9656    0.9806       262
           1     0.9441    0.9682    0.9560       157
           2     0.9415    0.9641    0.9527       167
           3     1.0000    0.6667    0.8000         3
           4     0.9700    0.9798    0.9749        99

    accuracy                         0.9666       688
   macro avg     0.9703    0.9089    0.9328       688
weighted avg     0.9672    0.9666    0.9666       688

Validation Loss: 0.10178493242710829
              precision    recall  f1-score   support

           0     0.9628    0.9885    0.9755       262
           1     0.9236    0.9236    0.9236       157
           2     0.9691    0.9401    0.9544       167
           3     1.0000    0.6667    0.8000         3
           4     0.9796    0.9697    0.9746        99

    accuracy                         0.9578       688
   macro avg     0.9670    0.8977    0.9256       688
weighted avg     0.9580    0.9578    0.9576       688

Validation Loss: 0.09402773063629866
              precision    recall  f1-score   support

           0     0.9961    0.9695    0.9826       262
           1     0.9273    0.9745    0.9503       157
           2     0.9634    0.9461    0.9547       167
           3     1.0000    0.6667    0.8000         3
           4     0.9510    0.9798    0.9652        99

    accuracy                         0.9651       688
   macro avg     0.9675    0.9073    0.9306       688
weighted avg     0.9660    0.9651    0.9651       688

Validation Loss: 0.10084511153399944
              precision    recall  f1-score   support

           0     0.9959    0.9313    0.9625       262
           1     0.8935    0.9618    0.9264       157
           2     0.9209    0.9760    0.9477       167
           3     1.0000    0.6667    0.8000         3
           4     0.9895    0.9495    0.9691        99

    accuracy                         0.9506       688
   macro avg     0.9600    0.8971    0.9211       688
weighted avg     0.9534    0.9506    0.9509       688

Validation Loss: 0.09136280417442322
              precision    recall  f1-score   support

           0     0.9808    0.9733    0.9770       262
           1     0.9308    0.9427    0.9367       157
           2     0.9641    0.9641    0.9641       167
           3     1.0000    0.6667    0.8000         3
           4     0.9700    0.9798    0.9749        99

    accuracy                         0.9637       688
   macro avg     0.9691    0.9053    0.9305       688
weighted avg     0.9639    0.9637    0.9636       688

Validation Loss: 0.08848851919174194
              precision    recall  f1-score   support

           0     0.9773    0.9847    0.9810       262
           1     0.9545    0.9363    0.9453       157
           2     0.9643    0.9701    0.9672       167
           3     1.0000    0.6667    0.8000         3
           4     0.9700    0.9798    0.9749        99

    accuracy                         0.9680       688
   macro avg     0.9732    0.9075    0.9337       688
weighted avg     0.9680    0.9680    0.9678       688

Validation Loss: 0.0925409784540534
              precision    recall  f1-score   support

           0     0.9922    0.9656    0.9787       262
           1     0.9264    0.9618    0.9437       157
           2     0.9529    0.9701    0.9614       167
           3     1.0000    0.6667    0.8000         3
           4     0.9694    0.9596    0.9645        99

    accuracy                         0.9637       688
   macro avg     0.9682    0.9048    0.9297       688
weighted avg     0.9644    0.9637    0.9637       688

Validation Loss: 0.08834647387266159
              precision    recall  f1-score   support

           0     0.9961    0.9771    0.9865       262
           1     0.9383    0.9682    0.9530       157
           2     0.9641    0.9641    0.9641       167
           3     1.0000    0.6667    0.8000         3
           4     0.9700    0.9798    0.9749        99

    accuracy                         0.9709       688
   macro avg     0.9737    0.9112    0.9357       688
weighted avg     0.9714    0.9709    0.9709       688

Validation Loss: 0.08627813216298819
              precision    recall  f1-score   support

           0     0.9846    0.9733    0.9789       262
           1     0.9551    0.9490    0.9521       157
           2     0.9415    0.9641    0.9527       167
           3     1.0000    0.6667    0.8000         3
           4     0.9700    0.9798    0.9749        99

    accuracy                         0.9651       688
   macro avg     0.9702    0.9066    0.9317       688
weighted avg     0.9654    0.9651    0.9650       688

Validation Loss: 0.08704630378633738
              precision    recall  f1-score   support

           0     0.9961    0.9809    0.9885       262
           1     0.9444    0.9745    0.9592       157
           2     0.9643    0.9701    0.9672       167
           3     1.0000    0.6667    0.8000         3
           4     0.9796    0.9697    0.9746        99

    accuracy                         0.9738       688
   macro avg     0.9769    0.9124    0.9379       688
weighted avg     0.9742    0.9738    0.9738       688

Validation Loss: 0.08848843071609735
              precision    recall  f1-score   support

           0     0.9961    0.9656    0.9806       262
           1     0.9383    0.9682    0.9530       157
           2     0.9527    0.9641    0.9583       167
           3     1.0000    0.6667    0.8000         3
           4     0.9604    0.9798    0.9700        99

    accuracy                         0.9666       688
   macro avg     0.9695    0.9089    0.9324       688
weighted avg     0.9672    0.9666    0.9666       688

Validation Loss: 0.08983951061964035
              precision    recall  f1-score   support

           0     0.9961    0.9695    0.9826       262
           1     0.9277    0.9809    0.9536       157
           2     0.9583    0.9641    0.9612       167
           3     1.0000    0.6667    0.8000         3
           4     0.9691    0.9495    0.9592        99

    accuracy                         0.9666       688
   macro avg     0.9702    0.9061    0.9313       688
weighted avg     0.9674    0.9666    0.9666       688

Validation Loss: 0.08947109058499336
              precision    recall  f1-score   support

           0     0.9961    0.9809    0.9885       262
           1     0.9623    0.9745    0.9684       157
           2     0.9518    0.9461    0.9489       167
           3     1.0000    0.6667    0.8000         3
           4     0.9417    0.9798    0.9604        99

    accuracy                         0.9695       688
   macro avg     0.9704    0.9096    0.9332       688
weighted avg     0.9698    0.9695    0.9694       688

Validation Loss: 0.09428888093680143
              precision    recall  f1-score   support

           0     0.9959    0.9351    0.9646       262
           1     0.8793    0.9745    0.9245       157
           2     0.9699    0.9641    0.9670       167
           3     1.0000    0.6667    0.8000         3
           4     0.9700    0.9798    0.9749        99

    accuracy                         0.9564       688
   macro avg     0.9630    0.9040    0.9262       688
weighted avg     0.9593    0.9564    0.9568       688

Validation Loss: 0.08989811409264803
              precision    recall  f1-score   support

           0     0.9884    0.9733    0.9808       262
           1     0.9325    0.9682    0.9500       157
           2     0.9532    0.9760    0.9645       167
           3     1.0000    0.6667    0.8000         3
           4     0.9894    0.9394    0.9637        99

    accuracy                         0.9666       688
   macro avg     0.9727    0.9047    0.9318       688
weighted avg     0.9673    0.9666    0.9666       688

Validation Loss: 0.08852369990199804
              precision    recall  f1-score   support

           0     0.9808    0.9771    0.9790       262
           1     0.9487    0.9427    0.9457       157
           2     0.9578    0.9521    0.9550       167
           3     1.0000    0.6667    0.8000         3
           4     0.9417    0.9798    0.9604        99

    accuracy                         0.9622       688
   macro avg     0.9658    0.9037    0.9280       688
weighted avg     0.9624    0.9622    0.9621       688

Validation Loss: 0.08321430534124374
              precision    recall  f1-score   support

           0     0.9961    0.9695    0.9826       262
           1     0.9329    0.9745    0.9533       157
           2     0.9643    0.9701    0.9672       167
           3     1.0000    0.6667    0.8000         3
           4     0.9798    0.9798    0.9798        99

    accuracy                         0.9709       688
   macro avg     0.9746    0.9121    0.9366       688
weighted avg     0.9716    0.9709    0.9710       688

Validation Loss: 0.0849285451695323
              precision    recall  f1-score   support

           0     0.9961    0.9695    0.9826       262
           1     0.9329    0.9745    0.9533       157
           2     0.9471    0.9641    0.9555       167
           3     1.0000    0.6667    0.8000         3
           4     0.9691    0.9495    0.9592        99

    accuracy                         0.9651       688
   macro avg     0.9690    0.9048    0.9301       688
weighted avg     0.9659    0.9651    0.9652       688

Validation Loss: 0.09126130677759647
              precision    recall  f1-score   support

           0     0.9808    0.9771    0.9790       262
           1     0.9371    0.9490    0.9430       157
           2     0.9632    0.9401    0.9515       167
           3     1.0000    0.6667    0.8000         3
           4     0.9417    0.9798    0.9604        99

    accuracy                         0.9608       688
   macro avg     0.9646    0.9025    0.9268       688
weighted avg     0.9610    0.9608    0.9607       688

Validation Loss: 0.08917514234781265
              precision    recall  f1-score   support

           0     0.9960    0.9618    0.9786       262
           1     0.9107    0.9745    0.9415       157
           2     0.9474    0.9701    0.9586       167
           3     1.0000    0.6667    0.8000         3
           4     0.9894    0.9394    0.9637        99

    accuracy                         0.9622       688
   macro avg     0.9687    0.9025    0.9285       688
weighted avg     0.9638    0.9622    0.9624       688

Validation Loss: 0.09430082235485315
              precision    recall  f1-score   support

           0     0.9960    0.9389    0.9666       262
           1     0.8793    0.9745    0.9245       157
           2     0.9636    0.9521    0.9578       167
           3     1.0000    0.6667    0.8000         3
           4     0.9700    0.9798    0.9749        99

    accuracy                         0.9549       688
   macro avg     0.9618    0.9024    0.9248       688
weighted avg     0.9578    0.9549    0.9553       688

Validation Loss: 0.09213929437100887
              precision    recall  f1-score   support

           0     0.9884    0.9771    0.9827       262
           1     0.9102    0.9682    0.9383       157
           2     0.9750    0.9341    0.9541       167
           3     1.0000    0.6667    0.8000         3
           4     0.9700    0.9798    0.9749        99

    accuracy                         0.9637       688
   macro avg     0.9687    0.9052    0.9300       688
weighted avg     0.9647    0.9637    0.9637       688

Validation Loss: 0.08734266459941864
              precision    recall  f1-score   support

           0     0.9961    0.9771    0.9865       262
           1     0.9273    0.9745    0.9503       157
           2     0.9636    0.9521    0.9578       167
           3     1.0000    0.6667    0.8000         3
           4     0.9697    0.9697    0.9697        99

    accuracy                         0.9680       688
   macro avg     0.9713    0.9080    0.9329       688
weighted avg     0.9687    0.9680    0.9681       688

Validation Loss: 0.08439752645790577
              precision    recall  f1-score   support

           0     0.9961    0.9733    0.9846       262
           1     0.9273    0.9745    0.9503       157
           2     0.9697    0.9581    0.9639       167
           3     1.0000    0.6667    0.8000         3
           4     0.9700    0.9798    0.9749        99

    accuracy                         0.9695       688
   macro avg     0.9726    0.9105    0.9347       688
weighted avg     0.9702    0.9695    0.9695       688

Validation Loss: 0.08241268806159496
              precision    recall  f1-score   support

           0     0.9884    0.9733    0.9808       262
           1     0.9321    0.9618    0.9467       157
           2     0.9641    0.9641    0.9641       167
           3     1.0000    0.6667    0.8000         3
           4     0.9697    0.9697    0.9697        99

    accuracy                         0.9666       688
   macro avg     0.9708    0.9071    0.9322       688
weighted avg     0.9670    0.9666    0.9666       688

Validation Loss: 0.08454609289765358
              precision    recall  f1-score   support

           0     0.9961    0.9733    0.9846       262
           1     0.9277    0.9809    0.9536       157
           2     0.9756    0.9581    0.9668       167
           3     1.0000    0.6667    0.8000         3
           4     0.9700    0.9798    0.9749        99

    accuracy                         0.9709       688
   macro avg     0.9739    0.9117    0.9360       688
weighted avg     0.9718    0.9709    0.9710       688

Validation Loss: 0.08857222180813551
              precision    recall  f1-score   support

           0     0.9960    0.9504    0.9727       262
           1     0.9162    0.9745    0.9444       157
           2     0.9529    0.9701    0.9614       167
           3     1.0000    0.6667    0.8000         3
           4     0.9798    0.9798    0.9798        99

    accuracy                         0.9637       688
   macro avg     0.9690    0.9083    0.9317       688
weighted avg     0.9650    0.9637    0.9638       688

Validation Loss: 0.08990725222975016
              precision    recall  f1-score   support

           0     0.9960    0.9504    0.9727       262
           1     0.8953    0.9809    0.9362       157
           2     0.9756    0.9581    0.9668       167
           3     1.0000    0.6667    0.8000         3
           4     0.9700    0.9798    0.9749        99

    accuracy                         0.9622       688
   macro avg     0.9674    0.9072    0.9301       688
weighted avg     0.9644    0.9622    0.9625       688

Validation Loss: 0.08819937147200108
              precision    recall  f1-score   support

           0     0.9961    0.9695    0.9826       262
           1     0.9053    0.9745    0.9387       157
           2     0.9691    0.9401    0.9544       167
           3     1.0000    0.6667    0.8000         3
           4     0.9700    0.9798    0.9749        99

    accuracy                         0.9637       688
   macro avg     0.9681    0.9061    0.9301       688
weighted avg     0.9651    0.9637    0.9638       688

Validation Loss: 0.09018777403980494
              precision    recall  f1-score   support

           0     0.9922    0.9771    0.9846       262
           1     0.9162    0.9745    0.9444       157
           2     0.9752    0.9401    0.9573       167
           3     1.0000    0.6667    0.8000         3
           4     0.9700    0.9798    0.9749        99

    accuracy                         0.9666       688
   macro avg     0.9707    0.9076    0.9323       688
weighted avg     0.9676    0.9666    0.9666       688

Validation Loss: 0.09157195873558521
              precision    recall  f1-score   support

           0     0.9847    0.9809    0.9828       262
           1     0.9207    0.9618    0.9408       157
           2     0.9576    0.9461    0.9518       167
           3     1.0000    0.6667    0.8000         3
           4     0.9792    0.9495    0.9641        99

    accuracy                         0.9622       688
   macro avg     0.9684    0.9010    0.9279       688
weighted avg     0.9628    0.9622    0.9622       688

Validation Loss: 0.0967396330088377
              precision    recall  f1-score   support

           0     0.9699    0.9847    0.9773       262
           1     0.9245    0.9363    0.9304       157
           2     0.9752    0.9401    0.9573       167
           3     1.0000    0.6667    0.8000         3
           4     0.9700    0.9798    0.9749        99

    accuracy                         0.9608       688
   macro avg     0.9679    0.9015    0.9280       688
weighted avg     0.9610    0.9608    0.9606       688

Validation Loss: 0.08655379619449377
              precision    recall  f1-score   support

           0     0.9961    0.9656    0.9806       262
           1     0.9053    0.9745    0.9387       157
           2     0.9693    0.9461    0.9576       167
           3     1.0000    0.6667    0.8000         3
           4     0.9700    0.9798    0.9749        99

    accuracy                         0.9637       688
   macro avg     0.9681    0.9065    0.9303       688
weighted avg     0.9651    0.9637    0.9638       688

Validation Loss: 0.08914697356522083
              precision    recall  f1-score   support

           0     0.9922    0.9733    0.9827       262
           1     0.9107    0.9745    0.9415       157
           2     0.9753    0.9461    0.9605       167
           3     1.0000    0.6667    0.8000         3
           4     0.9798    0.9798    0.9798        99

    accuracy                         0.9666       688
   macro avg     0.9716    0.9081    0.9329       688
weighted avg     0.9678    0.9666    0.9667       688

Validation Loss: 0.08812894951552153
              precision    recall  f1-score   support

           0     0.9960    0.9542    0.9747       262
           1     0.9006    0.9809    0.9390       157
           2     0.9756    0.9581    0.9668       167
           3     0.6667    0.6667    0.6667         3
           4     0.9798    0.9798    0.9798        99

    accuracy                         0.9637       688
   macro avg     0.9037    0.9079    0.9054       688
weighted avg     0.9655    0.9637    0.9640       688

Validation Loss: 0.0863165995106101
              precision    recall  f1-score   support

           0     0.9922    0.9733    0.9827       262
           1     0.9162    0.9745    0.9444       157
           2     0.9752    0.9401    0.9573       167
           3     0.6667    0.6667    0.6667         3
           4     0.9700    0.9798    0.9749        99

    accuracy                         0.9651       688
   macro avg     0.9040    0.9069    0.9052       688
weighted avg     0.9661    0.9651    0.9653       688

Validation Loss: 0.0884964233264327
              precision    recall  f1-score   support

           0     0.9808    0.9733    0.9770       262
           1     0.9146    0.9554    0.9346       157
           2     0.9695    0.9521    0.9607       167
           3     1.0000    0.6667    0.8000         3
           4     0.9796    0.9697    0.9746        99

    accuracy                         0.9622       688
   macro avg     0.9689    0.9034    0.9294       688
weighted avg     0.9629    0.9622    0.9623       688

Validation Loss: 0.0864406619220972
              precision    recall  f1-score   support

           0     1.0000    0.9733    0.9865       262
           1     0.9277    0.9809    0.9536       157
           2     0.9697    0.9581    0.9639       167
           3     1.0000    0.6667    0.8000         3
           4     0.9700    0.9798    0.9749        99

    accuracy                         0.9709       688
   macro avg     0.9735    0.9117    0.9358       688
weighted avg     0.9718    0.9709    0.9710       688

Validation Loss: 0.08443905599415302
              precision    recall  f1-score   support

           0     0.9884    0.9733    0.9808       262
           1     0.9268    0.9682    0.9470       157
           2     0.9755    0.9521    0.9636       167
           3     1.0000    0.6667    0.8000         3
           4     0.9604    0.9798    0.9700        99

    accuracy                         0.9666       688
   macro avg     0.9702    0.9080    0.9323       688
weighted avg     0.9672    0.9666    0.9666       688

Validation Loss: 0.08364304434508085
              precision    recall  f1-score   support

           0     0.9961    0.9733    0.9846       262
           1     0.9222    0.9809    0.9506       157
           2     0.9639    0.9581    0.9610       167
           3     1.0000    0.6667    0.8000         3
           4     0.9794    0.9596    0.9694        99

    accuracy                         0.9680       688
   macro avg     0.9723    0.9077    0.9331       688
weighted avg     0.9690    0.9680    0.9681       688

Validation Loss: 0.08215824794024229
              precision    recall  f1-score   support

           0     0.9961    0.9847    0.9904       262
           1     0.9390    0.9809    0.9595       157
           2     0.9755    0.9521    0.9636       167
           3     0.6667    0.6667    0.6667         3
           4     0.9798    0.9798    0.9798        99

    accuracy                         0.9738       688
   macro avg     0.9114    0.9128    0.9120       688
weighted avg     0.9743    0.9738    0.9739       688

Validation Loss: 0.08456600364297628
              precision    recall  f1-score   support

           0     0.9961    0.9733    0.9846       262
           1     0.9217    0.9745    0.9474       157
           2     0.9691    0.9401    0.9544       167
           3     0.6667    0.6667    0.6667         3
           4     0.9604    0.9798    0.9700        99

    accuracy                         0.9651       688
   macro avg     0.9028    0.9069    0.9046       688
weighted avg     0.9660    0.9651    0.9653       688

Validation Loss: 0.09506858605891466
              precision    recall  f1-score   support

           0     0.9624    0.9771    0.9697       262
           1     0.9241    0.9299    0.9270       157
           2     0.9755    0.9521    0.9636       167
           3     0.6667    0.6667    0.6667         3
           4     0.9796    0.9697    0.9746        99

    accuracy                         0.9578       688
   macro avg     0.9016    0.8991    0.9003       688
weighted avg     0.9580    0.9578    0.9579       688

Validation Loss: 0.09139202535152435
              precision    recall  f1-score   support

           0     0.9960    0.9466    0.9706       262
           1     0.8988    0.9618    0.9292       157
           2     0.9576    0.9461    0.9518       167
           3     0.6667    0.6667    0.6667         3
           4     0.9417    0.9798    0.9604        99

    accuracy                         0.9535       688
   macro avg     0.8922    0.9002    0.8957       688
weighted avg     0.9552    0.9535    0.9538       688

Validation Loss: 0.09830386843532324
              precision    recall  f1-score   support

           0     1.0000    0.9351    0.9665       262
           1     0.8902    0.9809    0.9333       157
           2     0.9474    0.9701    0.9586       167
           3     1.0000    0.6667    0.8000         3
           4     0.9794    0.9596    0.9694        99

    accuracy                         0.9564       688
   macro avg     0.9634    0.9025    0.9256       688
weighted avg     0.9592    0.9564    0.9567       688

Validation Loss: 0.08377447817474604
              precision    recall  f1-score   support

           0     0.9885    0.9847    0.9866       262
           1     0.9437    0.9618    0.9527       157
           2     0.9695    0.9521    0.9607       167
           3     0.6667    0.6667    0.6667         3
           4     0.9700    0.9798    0.9749        99

    accuracy                         0.9695       688
   macro avg     0.9077    0.9090    0.9083       688
weighted avg     0.9696    0.9695    0.9695       688

Validation Loss: 0.09041036479175091
              precision    recall  f1-score   support

           0     0.9960    0.9504    0.9727       262
           1     0.8895    0.9745    0.9301       157
           2     0.9695    0.9521    0.9607       167
           3     1.0000    0.6667    0.8000         3
           4     0.9700    0.9798    0.9749        99

    accuracy                         0.9593       688
   macro avg     0.9650    0.9047    0.9277       688
weighted avg     0.9616    0.9593    0.9596       688

Validation Loss: 0.08615346997976303
              precision    recall  f1-score   support

           0     1.0000    0.9733    0.9865       262
           1     0.9281    0.9873    0.9568       157
           2     0.9755    0.9521    0.9636       167
           3     1.0000    0.6667    0.8000         3
           4     0.9604    0.9798    0.9700        99

    accuracy                         0.9709       688
   macro avg     0.9728    0.9118    0.9354       688
weighted avg     0.9719    0.9709    0.9710       688

Validation Loss: 0.08545957133173943
              precision    recall  f1-score   support

           0     0.9923    0.9847    0.9885       262
           1     0.9273    0.9745    0.9503       157
           2     0.9752    0.9401    0.9573       167
           3     0.6667    0.6667    0.6667         3
           4     0.9798    0.9798    0.9798        99

    accuracy                         0.9695       688
   macro avg     0.9082    0.9092    0.9085       688
weighted avg     0.9701    0.9695    0.9696       688

Validation Loss: 0.08723985776305199
              precision    recall  f1-score   support

           0     0.9922    0.9733    0.9827       262
           1     0.9157    0.9682    0.9412       157
           2     0.9693    0.9461    0.9576       167
           3     1.0000    0.6667    0.8000         3
           4     0.9700    0.9798    0.9749        99

    accuracy                         0.9651       688
   macro avg     0.9694    0.9068    0.9313       688
weighted avg     0.9660    0.9651    0.9652       688

Validation Loss: 0.09325079340487719
              precision    recall  f1-score   support

           0     1.0000    0.9542    0.9766       262
           1     0.8807    0.9873    0.9309       157
           2     0.9752    0.9401    0.9573       167
           3     1.0000    0.6667    0.8000         3
           4     0.9798    0.9798    0.9798        99

    accuracy                         0.9608       688
   macro avg     0.9671    0.9056    0.9289       688
weighted avg     0.9638    0.9608    0.9612       688

Validation Loss: 0.08754745591431856
              precision    recall  f1-score   support

           0     0.9849    0.9962    0.9905       262
           1     0.9557    0.9618    0.9587       157
           2     0.9752    0.9401    0.9573       167
           3     0.6667    0.6667    0.6667         3
           4     0.9604    0.9798    0.9700        99

    accuracy                         0.9709       688
   macro avg     0.9086    0.9089    0.9086       688
weighted avg     0.9710    0.9709    0.9708       688

Validation Loss: 0.08170648384839296
              precision    recall  f1-score   support

           0     0.9961    0.9847    0.9904       262
           1     0.9387    0.9745    0.9563       157
           2     0.9697    0.9581    0.9639       167
           3     1.0000    0.6667    0.8000         3
           4     0.9798    0.9798    0.9798        99

    accuracy                         0.9738       688
   macro avg     0.9769    0.9128    0.9381       688
weighted avg     0.9743    0.9738    0.9738       688

Validation Loss: 0.08261585794389248
              precision    recall  f1-score   support

           0     0.9885    0.9809    0.9847       262
           1     0.9329    0.9745    0.9533       157
           2     0.9756    0.9581    0.9668       167
           3     1.0000    0.6667    0.8000         3
           4     0.9796    0.9697    0.9746        99

    accuracy                         0.9709       688
   macro avg     0.9753    0.9100    0.9359       688
weighted avg     0.9714    0.9709    0.9709       688

Validation Loss: 0.08571868762373924
              precision    recall  f1-score   support

           0     0.9961    0.9695    0.9826       262
           1     0.9277    0.9809    0.9536       157
           2     0.9752    0.9401    0.9573       167
           3     0.6667    0.6667    0.6667         3
           4     0.9417    0.9798    0.9604        99

    accuracy                         0.9651       688
   macro avg     0.9015    0.9074    0.9041       688
weighted avg     0.9661    0.9651    0.9653       688

Validation Loss: 0.07623341493308544
              precision    recall  f1-score   support

           0     0.9923    0.9885    0.9904       262
           1     0.9623    0.9745    0.9684       157
           2     0.9643    0.9701    0.9672       167
           3     0.6667    0.6667    0.6667         3
           4     0.9794    0.9596    0.9694        99

    accuracy                         0.9753       688
   macro avg     0.9130    0.9119    0.9124       688
weighted avg     0.9754    0.9753    0.9753       688

Validation Loss: 0.07968040648847818
              precision    recall  f1-score   support

           0     0.9961    0.9695    0.9826       262
           1     0.9390    0.9809    0.9595       157
           2     0.9586    0.9701    0.9643       167
           3     1.0000    0.6667    0.8000         3
           4     0.9796    0.9697    0.9746        99

    accuracy                         0.9709       688
   macro avg     0.9747    0.9114    0.9362       688
weighted avg     0.9716    0.9709    0.9709       688

Validation Loss: 0.08347403444349766
              precision    recall  f1-score   support

           0     0.9772    0.9809    0.9790       262
           1     0.9317    0.9554    0.9434       157
           2     0.9812    0.9401    0.9602       167
           3     0.6667    0.6667    0.6667         3
           4     0.9604    0.9798    0.9700        99

    accuracy                         0.9637       688
   macro avg     0.9034    0.9046    0.9039       688
weighted avg     0.9640    0.9637    0.9637       688

Validation Loss: 0.08815192990005016
              precision    recall  f1-score   support

           0     0.9921    0.9580    0.9748       262
           1     0.8953    0.9809    0.9362       157
           2     0.9697    0.9581    0.9639       167
           3     1.0000    0.6667    0.8000         3
           4     0.9896    0.9596    0.9744        99

    accuracy                         0.9622       688
   macro avg     0.9693    0.9047    0.9298       688
weighted avg     0.9643    0.9622    0.9625       688

Validation Loss: 0.08874606713652611
              precision    recall  f1-score   support

           0     0.9736    0.9847    0.9791       262
           1     0.9367    0.9427    0.9397       157
           2     0.9753    0.9461    0.9605       167
           3     0.6667    0.6667    0.6667         3
           4     0.9700    0.9798    0.9749        99

    accuracy                         0.9637       688
   macro avg     0.9045    0.9040    0.9042       688
weighted avg     0.9637    0.9637    0.9636       688

Validation Loss: 0.09305884875357151
              precision    recall  f1-score   support

           0     0.9923    0.9847    0.9885       262
           1     0.9222    0.9809    0.9506       157
           2     0.9809    0.9222    0.9506       167
           3     0.6667    0.6667    0.6667         3
           4     0.9604    0.9798    0.9700        99

    accuracy                         0.9666       688
   macro avg     0.9045    0.9068    0.9053       688
weighted avg     0.9675    0.9666    0.9666       688

Validation Loss: 0.09736036788672209
              precision    recall  f1-score   support

           0     1.0000    0.9389    0.9685       262
           1     0.8851    0.9809    0.9305       157
           2     0.9588    0.9760    0.9674       167
           3     1.0000    0.6667    0.8000         3
           4     0.9896    0.9596    0.9744        99

    accuracy                         0.9593       688
   macro avg     0.9667    0.9044    0.9281       688
weighted avg     0.9623    0.9593    0.9597       688

Validation Loss: 0.09878690540790558
              precision    recall  f1-score   support

           0     1.0000    0.9351    0.9665       262
           1     0.8701    0.9809    0.9222       157
           2     0.9691    0.9401    0.9544       167
           3     0.6667    0.6667    0.6667         3
           4     0.9604    0.9798    0.9700        99

    accuracy                         0.9520       688
   macro avg     0.8933    0.9005    0.8959       688
weighted avg     0.9557    0.9520    0.9526       688

Validation Loss: 0.0842897891998291
              precision    recall  f1-score   support

           0     1.0000    0.9695    0.9845       262
           1     0.9222    0.9809    0.9506       157
           2     0.9693    0.9461    0.9576       167
           3     0.6667    0.6667    0.6667         3
           4     0.9604    0.9798    0.9700        99

    accuracy                         0.9666       688
   macro avg     0.9037    0.9086    0.9059       688
weighted avg     0.9676    0.9666    0.9668       688

Validation Loss: 0.08086419571191072
              precision    recall  f1-score   support

           0     0.9847    0.9809    0.9828       262
           1     0.9383    0.9682    0.9530       157
           2     0.9701    0.9701    0.9701       167
           3     1.0000    0.6667    0.8000         3
           4     0.9896    0.9596    0.9744        99

    accuracy                         0.9709       688
   macro avg     0.9765    0.9091    0.9360       688
weighted avg     0.9713    0.9709    0.9709       688

Validation Loss: 0.08317851088941097
              precision    recall  f1-score   support

           0     0.9808    0.9771    0.9790       262
           1     0.9317    0.9554    0.9434       157
           2     0.9753    0.9461    0.9605       167
           3     0.6667    0.6667    0.6667         3
           4     0.9604    0.9798    0.9700        99

    accuracy                         0.9637       688
   macro avg     0.9030    0.9050    0.9039       688
weighted avg     0.9640    0.9637    0.9637       688

Validation Loss: 0.08428303338587284
              precision    recall  f1-score   support

           0     0.9961    0.9656    0.9806       262
           1     0.9118    0.9873    0.9480       157
           2     0.9753    0.9461    0.9605       167
           3     0.6667    0.6667    0.6667         3
           4     0.9697    0.9697    0.9697        99

    accuracy                         0.9651       688
   macro avg     0.9039    0.9071    0.9051       688
weighted avg     0.9666    0.9651    0.9654       688

Validation Loss: 0.10832312051206827
              precision    recall  f1-score   support

           0     1.0000    0.9122    0.9541       262
           1     0.8556    0.9809    0.9139       157
           2     0.9699    0.9641    0.9670       167
           3     0.6667    0.6667    0.6667         3
           4     0.9700    0.9798    0.9749        99

    accuracy                         0.9491       688
   macro avg     0.8924    0.9007    0.8953       688
weighted avg     0.9540    0.9491    0.9498       688

Validation Loss: 0.09154247026890516
              precision    recall  f1-score   support

           0     1.0000    0.9504    0.9746       262
           1     0.8902    0.9809    0.9333       157
           2     0.9688    0.9281    0.9480       167
           3     0.6667    0.6667    0.6667         3
           4     0.9417    0.9798    0.9604        99

    accuracy                         0.9549       688
   macro avg     0.8935    0.9012    0.8966       688
weighted avg     0.9575    0.9549    0.9553       688

Validation Loss: 0.09170238953083754
              precision    recall  f1-score   support

           0     0.9922    0.9771    0.9846       262
           1     0.9217    0.9745    0.9474       157
           2     0.9524    0.9581    0.9552       167
           3     1.0000    0.6667    0.8000         3
           4     0.9894    0.9394    0.9637        99

    accuracy                         0.9651       688
   macro avg     0.9711    0.9032    0.9302       688
weighted avg     0.9661    0.9651    0.9652       688

Validation Loss: 0.08570706937462091
              precision    recall  f1-score   support

           0     1.0000    0.9809    0.9904       262
           1     0.9390    0.9809    0.9595       157
           2     0.9689    0.9341    0.9512       167
           3     0.6667    0.6667    0.6667         3
           4     0.9417    0.9798    0.9604        99

    accuracy                         0.9680       688
   macro avg     0.9033    0.9085    0.9056       688
weighted avg     0.9687    0.9680    0.9681       688

Validation Loss: 0.07467350363731384
              precision    recall  f1-score   support

           0     0.9923    0.9809    0.9866       262
           1     0.9451    0.9873    0.9657       157
           2     0.9756    0.9581    0.9668       167
           3     1.0000    0.6667    0.8000         3
           4     0.9697    0.9697    0.9697        99

    accuracy                         0.9738       688
   macro avg     0.9765    0.9125    0.9378       688
weighted avg     0.9743    0.9738    0.9738       688

Validation Loss: 0.07981181982904673
              precision    recall  f1-score   support

           0     0.9962    0.9885    0.9923       262
           1     0.9506    0.9809    0.9655       157
           2     0.9755    0.9521    0.9636       167
           3     0.6667    0.6667    0.6667         3
           4     0.9700    0.9798    0.9749        99

    accuracy                         0.9753       688
   macro avg     0.9118    0.9136    0.9126       688
weighted avg     0.9755    0.9753    0.9753       688

Validation Loss: 0.0887089129537344
              precision    recall  f1-score   support

           0     0.9884    0.9771    0.9827       262
           1     0.9053    0.9745    0.9387       157
           2     0.9750    0.9341    0.9541       167
           3     1.0000    0.6667    0.8000         3
           4     0.9796    0.9697    0.9746        99

    accuracy                         0.9637       688
   macro avg     0.9697    0.9044    0.9300       688
weighted avg     0.9650    0.9637    0.9638       688

Validation Loss: 0.08500463329255581
              precision    recall  f1-score   support

           0     0.9924    0.9924    0.9924       262
           1     0.9503    0.9745    0.9623       157
           2     0.9748    0.9281    0.9509       167
           3     0.6667    0.6667    0.6667         3
           4     0.9417    0.9798    0.9604        99

    accuracy                         0.9695       688
   macro avg     0.9052    0.9083    0.9065       688
weighted avg     0.9698    0.9695    0.9694       688

Validation Loss: 0.08164766244590282
              precision    recall  f1-score   support

           0     0.9961    0.9809    0.9885       262
           1     0.9281    0.9873    0.9568       157
           2     0.9812    0.9401    0.9602       167
           3     0.6667    0.6667    0.6667         3
           4     0.9700    0.9798    0.9749        99

    accuracy                         0.9709       688
   macro avg     0.9084    0.9110    0.9094       688
weighted avg     0.9718    0.9709    0.9710       688

Validation Loss: 0.08870031870901585
              precision    recall  f1-score   support

           0     0.9846    0.9733    0.9789       262
           1     0.9102    0.9682    0.9383       157
           2     0.9753    0.9461    0.9605       167
           3     1.0000    0.6667    0.8000         3
           4     0.9796    0.9697    0.9746        99

    accuracy                         0.9637       688
   macro avg     0.9699    0.9048    0.9305       688
weighted avg     0.9647    0.9637    0.9638       688

Validation Loss: 0.07738302275538445
              precision    recall  f1-score   support

           0     0.9886    0.9962    0.9924       262
           1     0.9563    0.9745    0.9653       157
           2     0.9815    0.9521    0.9666       167
           3     0.6667    0.6667    0.6667         3
           4     0.9798    0.9798    0.9798        99

    accuracy                         0.9767       688
   macro avg     0.9146    0.9139    0.9141       688
weighted avg     0.9768    0.9767    0.9767       688

Validation Loss: 0.08234115969389677
              precision    recall  f1-score   support

           0     1.0000    0.9542    0.9766       262
           1     0.8966    0.9936    0.9426       157
           2     0.9816    0.9581    0.9697       167
           3     1.0000    0.6667    0.8000         3
           4     0.9798    0.9798    0.9798        99

    accuracy                         0.9666       688
   macro avg     0.9716    0.9105    0.9337       688
weighted avg     0.9690    0.9666    0.9668       688

Validation Loss: 0.07604262232780457
              precision    recall  f1-score   support

           0     0.9775    0.9962    0.9868       262
           1     0.9615    0.9554    0.9585       157
           2     0.9756    0.9581    0.9668       167
           3     1.0000    0.6667    0.8000         3
           4     0.9697    0.9697    0.9697        99

    accuracy                         0.9724       688
   macro avg     0.9769    0.9092    0.9363       688
weighted avg     0.9724    0.9724    0.9722       688

Validation Loss: 0.079945950768888
              precision    recall  f1-score   support

           0     1.0000    0.9695    0.9845       262
           1     0.9333    0.9809    0.9565       157
           2     0.9581    0.9581    0.9581       167
           3     1.0000    0.6667    0.8000         3
           4     0.9700    0.9798    0.9749        99

    accuracy                         0.9695       688
   macro avg     0.9723    0.9110    0.9348       688
weighted avg     0.9703    0.9695    0.9695       688

Validation Loss: 0.08228988666087389
              precision    recall  f1-score   support

           0     0.9738    0.9924    0.9830       262
           1     0.9554    0.9554    0.9554       157
           2     0.9815    0.9521    0.9666       167
           3     1.0000    0.6667    0.8000         3
           4     0.9700    0.9798    0.9749        99

    accuracy                         0.9709       688
   macro avg     0.9761    0.9093    0.9360       688
weighted avg     0.9710    0.9709    0.9707       688

Validation Loss: 0.08545792754739523
              precision    recall  f1-score   support

           0     1.0000    0.9466    0.9725       262
           1     0.9167    0.9809    0.9477       157
           2     0.9425    0.9820    0.9619       167
           3     1.0000    0.6667    0.8000         3
           4     0.9896    0.9596    0.9744        99

    accuracy                         0.9637       688
   macro avg     0.9698    0.9072    0.9313       688
weighted avg     0.9655    0.9637    0.9638       688

Validation Loss: 0.07463104464113712
              precision    recall  f1-score   support

           0     0.9924    0.9962    0.9943       262
           1     0.9565    0.9809    0.9686       157
           2     0.9814    0.9461    0.9634       167
           3     0.6667    0.6667    0.6667         3
           4     0.9700    0.9798    0.9749        99

    accuracy                         0.9767       688
   macro avg     0.9134    0.9139    0.9136       688
weighted avg     0.9769    0.9767    0.9767       688

Validation Loss: 0.07862610090523958
              precision    recall  f1-score   support

           0     1.0000    0.9847    0.9923       262
           1     0.9506    0.9809    0.9655       157
           2     0.9697    0.9581    0.9639       167
           3     0.6667    0.6667    0.6667         3
           4     0.9700    0.9798    0.9749        99

    accuracy                         0.9753       688
   macro avg     0.9114    0.9140    0.9126       688
weighted avg     0.9756    0.9753    0.9754       688

Validation Loss: 0.07632435765117407
              precision    recall  f1-score   support

           0     1.0000    0.9809    0.9904       262
           1     0.9286    0.9936    0.9600       157
           2     0.9814    0.9461    0.9634       167
           3     0.6667    0.6667    0.6667         3
           4     0.9798    0.9798    0.9798        99

    accuracy                         0.9738       688
   macro avg     0.9113    0.9134    0.9120       688
weighted avg     0.9748    0.9738    0.9740       688

Validation Loss: 0.07599069364368916
              precision    recall  f1-score   support

           0     0.9923    0.9809    0.9866       262
           1     0.9390    0.9809    0.9595       157
           2     0.9758    0.9641    0.9699       167
           3     1.0000    0.6667    0.8000         3
           4     0.9796    0.9697    0.9746        99

    accuracy                         0.9738       688
   macro avg     0.9773    0.9124    0.9381       688
weighted avg     0.9743    0.9738    0.9738       688

Validation Loss: 0.07846925593912601
              precision    recall  f1-score   support

           0     1.0000    0.9656    0.9825       262
           1     0.9123    0.9936    0.9512       157
           2     0.9815    0.9521    0.9666       167
           3     0.6667    0.6667    0.6667         3
           4     0.9798    0.9798    0.9798        99

    accuracy                         0.9695       688
   macro avg     0.9080    0.9116    0.9094       688
weighted avg     0.9711    0.9695    0.9697       688

Validation Loss: 0.07641476951539516
              precision    recall  f1-score   support

           0     1.0000    0.9809    0.9904       262
           1     0.9341    0.9936    0.9630       157
           2     0.9755    0.9521    0.9636       167
           3     0.6667    0.6667    0.6667         3
           4     0.9796    0.9697    0.9746        99

    accuracy                         0.9738       688
   macro avg     0.9112    0.9126    0.9117       688
weighted avg     0.9746    0.9738    0.9739       688

Validation Loss: 0.07586193084716797
              precision    recall  f1-score   support

           0     0.9811    0.9885    0.9848       262
           1     0.9554    0.9554    0.9554       157
           2     0.9758    0.9641    0.9699       167
           3     0.6667    0.6667    0.6667         3
           4     0.9798    0.9798    0.9798        99

    accuracy                         0.9724       688
   macro avg     0.9117    0.9109    0.9113       688
weighted avg     0.9724    0.9724    0.9724       688

Validation Loss: 0.07669987250119448
              precision    recall  f1-score   support

           0     0.9848    0.9885    0.9867       262
           1     0.9387    0.9745    0.9563       157
           2     0.9753    0.9461    0.9605       167
           3     1.0000    0.6667    0.8000         3
           4     0.9796    0.9697    0.9746        99

    accuracy                         0.9709       688
   macro avg     0.9757    0.9091    0.9356       688
weighted avg     0.9713    0.9709    0.9708       688

Validation Loss: 0.08325491286814213
              precision    recall  f1-score   support

           0     1.0000    0.9656    0.9825       262
           1     0.9226    0.9873    0.9538       157
           2     0.9755    0.9521    0.9636       167
           3     0.6667    0.6667    0.6667         3
           4     0.9604    0.9798    0.9700        99

    accuracy                         0.9680       688
   macro avg     0.9050    0.9103    0.9073       688
weighted avg     0.9692    0.9680    0.9682       688

Validation Loss: 0.08869871497154236
              precision    recall  f1-score   support

           0     0.9924    0.9924    0.9924       262
           1     0.9390    0.9809    0.9595       157
           2     0.9812    0.9401    0.9602       167
           3     0.6667    0.6667    0.6667         3
           4     0.9798    0.9798    0.9798        99

    accuracy                         0.9738       688
   macro avg     0.9118    0.9120    0.9117       688
weighted avg     0.9743    0.9738    0.9738       688

Validation Loss: 0.08651065640151501
              precision    recall  f1-score   support

           0     1.0000    0.9809    0.9904       262
           1     0.9390    0.9809    0.9595       157
           2     0.9515    0.9401    0.9458       167
           3     1.0000    0.6667    0.8000         3
           4     0.9700    0.9798    0.9749        99

    accuracy                         0.9695       688
   macro avg     0.9721    0.9097    0.9341       688
weighted avg     0.9700    0.9695    0.9694       688

Validation Loss: 0.08307054825127125
              precision    recall  f1-score   support

           0     0.9886    0.9924    0.9905       262
           1     0.9329    0.9745    0.9533       157
           2     0.9810    0.9281    0.9538       167
           3     0.6667    0.6667    0.6667         3
           4     0.9700    0.9798    0.9749        99

    accuracy                         0.9695       688
   macro avg     0.9078    0.9083    0.9078       688
weighted avg     0.9700    0.9695    0.9694       688

Validation Loss: 0.07701290305703878
              precision    recall  f1-score   support

           0     0.9962    0.9885    0.9923       262
           1     0.9448    0.9809    0.9625       157
           2     0.9697    0.9581    0.9639       167
           3     1.0000    0.6667    0.8000         3
           4     0.9796    0.9697    0.9746        99

    accuracy                         0.9753       688
   macro avg     0.9780    0.9128    0.9387       688
weighted avg     0.9756    0.9753    0.9752       688

Validation Loss: 0.07607294246554375
              precision    recall  f1-score   support

           0     0.9848    0.9885    0.9867       262
           1     0.9387    0.9745    0.9563       157
           2     0.9814    0.9461    0.9634       167
           3     1.0000    0.6667    0.8000         3
           4     0.9798    0.9798    0.9798        99

    accuracy                         0.9724       688
   macro avg     0.9769    0.9111    0.9372       688
weighted avg     0.9728    0.9724    0.9723       688

Validation Loss: 0.0807241527363658
              precision    recall  f1-score   support

           0     1.0000    0.9809    0.9904       262
           1     0.9286    0.9936    0.9600       157
           2     0.9814    0.9461    0.9634       167
           3     0.6667    0.6667    0.6667         3
           4     0.9798    0.9798    0.9798        99

    accuracy                         0.9738       688
   macro avg     0.9113    0.9134    0.9120       688
weighted avg     0.9748    0.9738    0.9740       688

Validation Loss: 0.0826923493295908
              precision    recall  f1-score   support

           0     0.9811    0.9924    0.9867       262
           1     0.9379    0.9618    0.9497       157
           2     0.9810    0.9281    0.9538       167
           3     0.6667    0.6667    0.6667         3
           4     0.9604    0.9798    0.9700        99

    accuracy                         0.9666       688
   macro avg     0.9054    0.9058    0.9054       688
weighted avg     0.9669    0.9666    0.9665       688

Validation Loss: 0.08371980767697096
              precision    recall  f1-score   support

           0     1.0000    0.9733    0.9865       262
           1     0.9281    0.9873    0.9568       157
           2     0.9641    0.9641    0.9641       167
           3     1.0000    0.6667    0.8000         3
           4     0.9794    0.9596    0.9694        99

    accuracy                         0.9709       688
   macro avg     0.9743    0.9102    0.9353       688
weighted avg     0.9719    0.9709    0.9710       688

Validation Loss: 0.07464194484055042
              precision    recall  f1-score   support

           0     0.9962    0.9885    0.9923       262
           1     0.9625    0.9809    0.9716       157
           2     0.9756    0.9581    0.9668       167
           3     0.6667    0.6667    0.6667         3
           4     0.9604    0.9798    0.9700        99

    accuracy                         0.9767       688
   macro avg     0.9123    0.9148    0.9135       688
weighted avg     0.9769    0.9767    0.9768       688

Validation Loss: 0.07246941514313221
              precision    recall  f1-score   support

           0     0.9886    0.9924    0.9905       262
           1     0.9682    0.9682    0.9682       157
           2     0.9701    0.9701    0.9701       167
           3     0.6667    0.6667    0.6667         3
           4     0.9796    0.9697    0.9746        99

    accuracy                         0.9767       688
   macro avg     0.9146    0.9134    0.9140       688
weighted avg     0.9767    0.9767    0.9767       688

Validation Loss: 0.07614209782332182
              precision    recall  f1-score   support

           0     0.9961    0.9809    0.9885       262
           1     0.9281    0.9873    0.9568       157
           2     0.9814    0.9461    0.9634       167
           3     1.0000    0.6667    0.8000         3
           4     0.9700    0.9798    0.9749        99

    accuracy                         0.9724       688
   macro avg     0.9751    0.9121    0.9367       688
weighted avg     0.9733    0.9724    0.9724       688

Validation Loss: 0.07595955953001976
              precision    recall  f1-score   support

           0     0.9962    0.9885    0.9923       262
           1     0.9568    0.9873    0.9718       157
           2     0.9816    0.9581    0.9697       167
           3     0.6667    0.6667    0.6667         3
           4     0.9700    0.9798    0.9749        99

    accuracy                         0.9782       688
   macro avg     0.9142    0.9161    0.9151       688
weighted avg     0.9784    0.9782    0.9782       688

Validation Loss: 0.08295558858662844
              precision    recall  f1-score   support

           0     0.9737    0.9885    0.9811       262
           1     0.9487    0.9427    0.9457       157
           2     0.9701    0.9701    0.9701       167
           3     1.0000    0.6667    0.8000         3
           4     0.9897    0.9697    0.9796        99

    accuracy                         0.9695       688
   macro avg     0.9764    0.9075    0.9353       688
weighted avg     0.9695    0.9695    0.9693       688

Validation Loss: 0.0902835251763463
              precision    recall  f1-score   support

           0     0.9593    0.9885    0.9737       262
           1     0.9419    0.9299    0.9359       157
           2     0.9876    0.9521    0.9695       167
           3     0.6667    0.6667    0.6667         3
           4     0.9798    0.9798    0.9798        99

    accuracy                         0.9637       688
   macro avg     0.9070    0.9034    0.9051       688
weighted avg     0.9639    0.9637    0.9636       688

Validation Loss: 0.08092940971255302
              precision    recall  f1-score   support

           0     1.0000    0.9733    0.9865       262
           1     0.9394    0.9873    0.9627       157
           2     0.9758    0.9641    0.9699       167
           3     0.6667    0.6667    0.6667         3
           4     0.9700    0.9798    0.9749        99

    accuracy                         0.9738       688
   macro avg     0.9104    0.9142    0.9121       688
weighted avg     0.9745    0.9738    0.9740       688

Validation Loss: 0.0775408037006855
              precision    recall  f1-score   support

           0     0.9848    0.9885    0.9867       262
           1     0.9560    0.9682    0.9620       157
           2     0.9817    0.9641    0.9728       167
           3     0.6667    0.6667    0.6667         3
           4     0.9798    0.9798    0.9798        99

    accuracy                         0.9753       688
   macro avg     0.9138    0.9134    0.9136       688
weighted avg     0.9754    0.9753    0.9753       688

Validation Loss: 0.07251088228076696
              precision    recall  f1-score   support

           0     0.9811    0.9924    0.9867       262
           1     0.9677    0.9554    0.9615       157
           2     0.9759    0.9701    0.9730       167
           3     0.6667    0.6667    0.6667         3
           4     0.9798    0.9798    0.9798        99

    accuracy                         0.9753       688
   macro avg     0.9142    0.9129    0.9135       688
weighted avg     0.9752    0.9753    0.9752       688

Validation Loss: 0.074328588321805
              precision    recall  f1-score   support

           0     0.9923    0.9885    0.9904       262
           1     0.9565    0.9809    0.9686       157
           2     0.9812    0.9401    0.9602       167
           3     0.6667    0.6667    0.6667         3
           4     0.9417    0.9798    0.9604        99

    accuracy                         0.9724       688
   macro avg     0.9077    0.9112    0.9093       688
weighted avg     0.9728    0.9724    0.9724       688

Validation Loss: 0.07205399125814438
              precision    recall  f1-score   support

           0     0.9812    0.9962    0.9886       262
           1     0.9679    0.9618    0.9649       157
           2     0.9758    0.9641    0.9699       167
           3     0.6667    0.6667    0.6667         3
           4     0.9796    0.9697    0.9746        99

    accuracy                         0.9753       688
   macro avg     0.9142    0.9117    0.9129       688
weighted avg     0.9753    0.9753    0.9752       688

Validation Loss: 0.09085513558238745
              precision    recall  f1-score   support

           0     1.0000    0.9313    0.9644       262
           1     0.8947    0.9745    0.9329       157
           2     0.9593    0.9880    0.9735       167
           3     1.0000    0.6667    0.8000         3
           4     0.9798    0.9798    0.9798        99

    accuracy                         0.9608       688
   macro avg     0.9668    0.9081    0.9301       688
weighted avg     0.9632    0.9608    0.9609       688

Validation Loss: 0.08620968367904425
              precision    recall  f1-score   support

           0     1.0000    0.9389    0.9685       262
           1     0.8864    0.9936    0.9369       157
           2     0.9817    0.9641    0.9728       167
           3     1.0000    0.6667    0.8000         3
           4     0.9700    0.9798    0.9749        99

    accuracy                         0.9622       688
   macro avg     0.9676    0.9086    0.9306       688
weighted avg     0.9653    0.9622    0.9625       688

Validation Loss: 0.0772550143301487
              precision    recall  f1-score   support

           0     1.0000    0.9733    0.9865       262
           1     0.9176    0.9936    0.9541       157
           2     0.9814    0.9461    0.9634       167
           3     0.6667    0.6667    0.6667         3
           4     0.9798    0.9798    0.9798        99

    accuracy                         0.9709       688
   macro avg     0.9091    0.9119    0.9101       688
weighted avg     0.9723    0.9709    0.9711       688

Validation Loss: 0.07441140245646238
              precision    recall  f1-score   support

           0     0.9811    0.9885    0.9848       262
           1     0.9497    0.9618    0.9557       157
           2     0.9697    0.9581    0.9639       167
           3     0.6667    0.6667    0.6667         3
           4     0.9794    0.9596    0.9694        99

    accuracy                         0.9695       688
   macro avg     0.9093    0.9069    0.9081       688
weighted avg     0.9695    0.9695    0.9695       688

Validation Loss: 0.0723558971658349
              precision    recall  f1-score   support

           0     1.0000    0.9771    0.9884       262
           1     0.9341    0.9936    0.9630       157
           2     0.9816    0.9581    0.9697       167
           3     0.6667    0.6667    0.6667         3
           4     0.9798    0.9798    0.9798        99

    accuracy                         0.9753       688
   macro avg     0.9124    0.9151    0.9135       688
weighted avg     0.9761    0.9753    0.9754       688

Validation Loss: 0.0767671661451459
              precision    recall  f1-score   support

           0     1.0000    0.9809    0.9904       262
           1     0.9394    0.9873    0.9627       157
           2     0.9697    0.9581    0.9639       167
           3     0.6667    0.6667    0.6667         3
           4     0.9796    0.9697    0.9746        99

    accuracy                         0.9738       688
   macro avg     0.9111    0.9125    0.9116       688
weighted avg     0.9744    0.9738    0.9739       688

Validation Loss: 0.0801275223493576
              precision    recall  f1-score   support

           0     0.9962    0.9885    0.9923       262
           1     0.9398    0.9936    0.9659       157
           2     0.9873    0.9341    0.9600       167
           3     0.6667    0.6667    0.6667         3
           4     0.9604    0.9798    0.9700        99

    accuracy                         0.9738       688
   macro avg     0.9101    0.9126    0.9110       688
weighted avg     0.9746    0.9738    0.9738       688

Validation Loss: 0.07413782831281424
              precision    recall  f1-score   support

           0     0.9923    0.9885    0.9904       262
           1     0.9563    0.9745    0.9653       157
           2     0.9701    0.9701    0.9701       167
           3     1.0000    0.6667    0.8000         3
           4     0.9796    0.9697    0.9746        99

    accuracy                         0.9767       688
   macro avg     0.9796    0.9139    0.9401       688
weighted avg     0.9769    0.9767    0.9766       688

Validation Loss: 0.07159403525292873
              precision    recall  f1-score   support

           0     0.9924    0.9924    0.9924       262
           1     0.9506    0.9809    0.9655       157
           2     0.9814    0.9461    0.9634       167
           3     0.6667    0.6667    0.6667         3
           4     0.9700    0.9798    0.9749        99

    accuracy                         0.9753       688
   macro avg     0.9122    0.9132    0.9126       688
weighted avg     0.9755    0.9753    0.9753       688

Validation Loss: 0.07124797813594341
              precision    recall  f1-score   support

           0     1.0000    0.9695    0.9845       262
           1     0.9509    0.9873    0.9688       157
           2     0.9647    0.9820    0.9733       167
           3     1.0000    0.6667    0.8000         3
           4     0.9798    0.9798    0.9798        99

    accuracy                         0.9767       688
   macro avg     0.9791    0.9170    0.9413       688
weighted avg     0.9773    0.9767    0.9767       688

Validation Loss: 0.07230553310364485
              precision    recall  f1-score   support

           0     0.9886    0.9924    0.9905       262
           1     0.9563    0.9745    0.9653       157
           2     0.9816    0.9581    0.9697       167
           3     0.6667    0.6667    0.6667         3
           4     0.9798    0.9798    0.9798        99

    accuracy                         0.9767       688
   macro avg     0.9146    0.9143    0.9144       688
weighted avg     0.9768    0.9767    0.9767       688

Validation Loss: 0.07158306054770947
              precision    recall  f1-score   support

           0     0.9961    0.9847    0.9904       262
           1     0.9565    0.9809    0.9686       157
           2     0.9759    0.9701    0.9730       167
           3     0.6667    0.6667    0.6667         3
           4     0.9798    0.9798    0.9798        99

    accuracy                         0.9782       688
   macro avg     0.9150    0.9164    0.9157       688
weighted avg     0.9784    0.9782    0.9782       688

Validation Loss: 0.07549723796546459
              precision    recall  f1-score   support

           0     0.9812    0.9962    0.9886       262
           1     0.9497    0.9618    0.9557       157
           2     0.9814    0.9461    0.9634       167
           3     0.6667    0.6667    0.6667         3
           4     0.9798    0.9798    0.9798        99

    accuracy                         0.9724       688
   macro avg     0.9117    0.9101    0.9108       688
weighted avg     0.9725    0.9724    0.9723       688

Validation Loss: 0.07807433884590864
              precision    recall  f1-score   support

           0     0.9847    0.9847    0.9847       262
           1     0.9618    0.9618    0.9618       157
           2     0.9532    0.9760    0.9645       167
           3     1.0000    0.6667    0.8000         3
           4     0.9896    0.9596    0.9744        99

    accuracy                         0.9724       688
   macro avg     0.9779    0.9098    0.9371       688
weighted avg     0.9726    0.9724    0.9723       688

Validation Loss: 0.07115187495946884
              precision    recall  f1-score   support

           0     1.0000    0.9847    0.9923       262
           1     0.9571    0.9936    0.9750       157
           2     0.9816    0.9581    0.9697       167
           3     0.6667    0.6667    0.6667         3
           4     0.9604    0.9798    0.9700        99

    accuracy                         0.9782       688
   macro avg     0.9131    0.9166    0.9147       688
weighted avg     0.9786    0.9782    0.9782       688

Validation Loss: 0.06733034364879131
              precision    recall  f1-score   support

           0     1.0000    0.9924    0.9962       262
           1     0.9748    0.9873    0.9810       157
           2     0.9760    0.9760    0.9760       167
           3     0.6667    0.6667    0.6667         3
           4     0.9798    0.9798    0.9798        99

    accuracy                         0.9840       688
   macro avg     0.9195    0.9204    0.9199       688
weighted avg     0.9841    0.9840    0.9840       688

Validation Loss: 0.072103725746274
              precision    recall  f1-score   support

           0     0.9775    0.9962    0.9868       262
           1     0.9497    0.9618    0.9557       157
           2     0.9812    0.9401    0.9602       167
           3     1.0000    0.6667    0.8000         3
           4     0.9700    0.9798    0.9749        99

    accuracy                         0.9709       688
   macro avg     0.9757    0.9089    0.9355       688
weighted avg     0.9711    0.9709    0.9707       688

Validation Loss: 0.07393867243081331
              precision    recall  f1-score   support

           0     0.9922    0.9771    0.9846       262
           1     0.9444    0.9745    0.9592       157
           2     0.9583    0.9641    0.9612       167
           3     1.0000    0.6667    0.8000         3
           4     0.9796    0.9697    0.9746        99

    accuracy                         0.9709       688
   macro avg     0.9749    0.9104    0.9359       688
weighted avg     0.9713    0.9709    0.9709       688

Validation Loss: 0.07143707107752562
              precision    recall  f1-score   support

           0     0.9962    0.9885    0.9923       262
           1     0.9509    0.9873    0.9688       157
           2     0.9755    0.9521    0.9636       167
           3     1.0000    0.6667    0.8000         3
           4     0.9700    0.9798    0.9749        99

    accuracy                         0.9767       688
   macro avg     0.9785    0.9149    0.9399       688
weighted avg     0.9771    0.9767    0.9766       688

Validation Loss: 0.07853668183088303
              precision    recall  f1-score   support

           0     0.9961    0.9847    0.9904       262
           1     0.9337    0.9873    0.9598       157
           2     0.9814    0.9461    0.9634       167
           3     0.6667    0.6667    0.6667         3
           4     0.9798    0.9798    0.9798        99

    accuracy                         0.9738       688
   macro avg     0.9115    0.9129    0.9120       688
weighted avg     0.9745    0.9738    0.9739       688

Validation Loss: 0.09575913101434708
              precision    recall  f1-score   support

           0     0.9630    0.9924    0.9774       262
           1     0.9423    0.9363    0.9393       157
           2     0.9753    0.9461    0.9605       167
           3     1.0000    0.6667    0.8000         3
           4     0.9796    0.9697    0.9746        99

    accuracy                         0.9637       688
   macro avg     0.9720    0.9022    0.9304       688
weighted avg     0.9638    0.9637    0.9634       688

Validation Loss: 0.07304129470139742
              precision    recall  f1-score   support

           0     1.0000    0.9809    0.9904       262
           1     0.9455    0.9936    0.9689       157
           2     0.9816    0.9581    0.9697       167
           3     1.0000    0.6667    0.8000         3
           4     0.9604    0.9798    0.9700        99

    accuracy                         0.9767       688
   macro avg     0.9775    0.9158    0.9398       688
weighted avg     0.9774    0.9767    0.9767       688

Validation Loss: 0.07276409585028887
              precision    recall  f1-score   support

           0     0.9962    0.9924    0.9943       262
           1     0.9568    0.9873    0.9718       157
           2     0.9815    0.9521    0.9666       167
           3     1.0000    0.6667    0.8000         3
           4     0.9604    0.9798    0.9700        99

    accuracy                         0.9782       688
   macro avg     0.9790    0.9156    0.9405       688
weighted avg     0.9785    0.9782    0.9781       688

Validation Loss: 0.07462762575596571
              precision    recall  f1-score   support

           0     0.9811    0.9924    0.9867       262
           1     0.9618    0.9618    0.9618       157
           2     0.9817    0.9641    0.9728       167
           3     0.6667    0.6667    0.6667         3
           4     0.9798    0.9798    0.9798        99

    accuracy                         0.9753       688
   macro avg     0.9142    0.9129    0.9136       688
weighted avg     0.9753    0.9753    0.9753       688

Validation Loss: 0.0748303048312664
              precision    recall  f1-score   support

           0     1.0000    0.9656    0.9825       262
           1     0.9181    1.0000    0.9573       157
           2     0.9816    0.9581    0.9697       167
           3     0.6667    0.6667    0.6667         3
           4     0.9796    0.9697    0.9746        99

    accuracy                         0.9709       688
   macro avg     0.9092    0.9120    0.9102       688
weighted avg     0.9725    0.9709    0.9711       688

Validation Loss: 0.0712366309016943
              precision    recall  f1-score   support

           0     1.0000    0.9847    0.9923       262
           1     0.9458    1.0000    0.9721       157
           2     0.9817    0.9641    0.9728       167
           3     1.0000    0.6667    0.8000         3
           4     0.9796    0.9697    0.9746        99

    accuracy                         0.9797       688
   macro avg     0.9814    0.9170    0.9424       688
weighted avg     0.9803    0.9797    0.9796       688

Validation Loss: 0.07567027769982815
              precision    recall  f1-score   support

           0     0.9774    0.9924    0.9848       262
           1     0.9677    0.9554    0.9615       157
           2     0.9814    0.9461    0.9634       167
           3     0.6667    0.6667    0.6667         3
           4     0.9417    0.9798    0.9604        99

    accuracy                         0.9695       688
   macro avg     0.9070    0.9081    0.9074       688
weighted avg     0.9697    0.9695    0.9694       688

Validation Loss: 0.08585250843316317
              precision    recall  f1-score   support

           0     1.0000    0.9504    0.9746       262
           1     0.9017    0.9936    0.9455       157
           2     0.9759    0.9701    0.9730       167
           3     1.0000    0.6667    0.8000         3
           4     0.9796    0.9697    0.9746        99

    accuracy                         0.9666       688
   macro avg     0.9714    0.9101    0.9335       688
weighted avg     0.9688    0.9666    0.9668       688

Validation Loss: 0.0751288179308176
              precision    recall  f1-score   support

           0     0.9923    0.9885    0.9904       262
           1     0.9448    0.9809    0.9625       157
           2     0.9812    0.9401    0.9602       167
           3     0.6667    0.6667    0.6667         3
           4     0.9604    0.9798    0.9700        99

    accuracy                         0.9724       688
   macro avg     0.9091    0.9112    0.9100       688
weighted avg     0.9728    0.9724    0.9724       688

Validation Loss: 0.07067080959677696
              precision    recall  f1-score   support

           0     0.9848    0.9885    0.9867       262
           1     0.9560    0.9682    0.9620       157
           2     0.9817    0.9641    0.9728       167
           3     0.6667    0.6667    0.6667         3
           4     0.9798    0.9798    0.9798        99

    accuracy                         0.9753       688
   macro avg     0.9138    0.9134    0.9136       688
weighted avg     0.9754    0.9753    0.9753       688

Validation Loss: 0.06981023773550987
              precision    recall  f1-score   support

           0     1.0000    0.9847    0.9923       262
           1     0.9512    0.9936    0.9720       157
           2     0.9818    0.9701    0.9759       167
           3     1.0000    0.6667    0.8000         3
           4     0.9798    0.9798    0.9798        99

    accuracy                         0.9811       688
   macro avg     0.9826    0.9190    0.9440       688
weighted avg     0.9815    0.9811    0.9810       688

Validation Loss: 0.0734283933416009
              precision    recall  f1-score   support

           0     0.9848    0.9924    0.9886       262
           1     0.9620    0.9682    0.9651       157
           2     0.9812    0.9401    0.9602       167
           3     0.6667    0.6667    0.6667         3
           4     0.9417    0.9798    0.9604        99

    accuracy                         0.9709       688
   macro avg     0.9073    0.9094    0.9082       688
weighted avg     0.9712    0.9709    0.9709       688

Validation Loss: 0.07750186696648598
              precision    recall  f1-score   support

           0     1.0000    0.9656    0.9825       262
           1     0.9123    0.9936    0.9512       157
           2     0.9758    0.9641    0.9699       167
           3     1.0000    0.6667    0.8000         3
           4     0.9897    0.9697    0.9796        99

    accuracy                         0.9709       688
   macro avg     0.9755    0.9119    0.9366       688
weighted avg     0.9726    0.9709    0.9711       688

Validation Loss: 0.06755061354488134
              precision    recall  f1-score   support

           0     0.9923    0.9885    0.9904       262
           1     0.9506    0.9809    0.9655       157
           2     0.9815    0.9521    0.9666       167
           3     0.6667    0.6667    0.6667         3
           4     0.9700    0.9798    0.9749        99

    accuracy                         0.9753       688
   macro avg     0.9122    0.9136    0.9128       688
weighted avg     0.9755    0.9753    0.9753       688

Validation Loss: 0.07618333492428064
              precision    recall  f1-score   support

           0     1.0000    0.9847    0.9923       262
           1     0.9398    0.9936    0.9659       157
           2     0.9815    0.9521    0.9666       167
           3     1.0000    0.6667    0.8000         3
           4     0.9700    0.9798    0.9749        99

    accuracy                         0.9767       688
   macro avg     0.9782    0.9154    0.9399       688
weighted avg     0.9774    0.9767    0.9767       688

Validation Loss: 0.06737870071083307
              precision    recall  f1-score   support

           0     0.9923    0.9885    0.9904       262
           1     0.9506    0.9809    0.9655       157
           2     0.9816    0.9581    0.9697       167
           3     0.6667    0.6667    0.6667         3
           4     0.9798    0.9798    0.9798        99

    accuracy                         0.9767       688
   macro avg     0.9142    0.9148    0.9144       688
weighted avg     0.9770    0.9767    0.9768       688

Validation Loss: 0.06640452798455954
              precision    recall  f1-score   support

           0     1.0000    0.9885    0.9942       262
           1     0.9571    0.9936    0.9750       157
           2     0.9817    0.9641    0.9728       167
           3     0.6667    0.6667    0.6667         3
           4     0.9798    0.9798    0.9798        99

    accuracy                         0.9811       688
   macro avg     0.9170    0.9185    0.9177       688
weighted avg     0.9814    0.9811    0.9811       688

Validation Loss: 0.06820163317024708
              precision    recall  f1-score   support

           0     1.0000    0.9847    0.9923       262
           1     0.9512    0.9936    0.9720       157
           2     0.9818    0.9701    0.9759       167
           3     1.0000    0.6667    0.8000         3
           4     0.9798    0.9798    0.9798        99

    accuracy                         0.9811       688
   macro avg     0.9826    0.9190    0.9440       688
weighted avg     0.9815    0.9811    0.9810       688

Validation Loss: 0.07418785896152258
              precision    recall  f1-score   support

           0     0.9923    0.9809    0.9866       262
           1     0.9448    0.9809    0.9625       157
           2     0.9817    0.9641    0.9728       167
           3     0.6667    0.6667    0.6667         3
           4     0.9798    0.9798    0.9798        99

    accuracy                         0.9753       688
   macro avg     0.9130    0.9145    0.9137       688
weighted avg     0.9757    0.9753    0.9754       688

Validation Loss: 0.07735133823007345
              precision    recall  f1-score   support

           0     0.9848    0.9924    0.9886       262
           1     0.9444    0.9745    0.9592       157
           2     0.9814    0.9461    0.9634       167
           3     1.0000    0.6667    0.8000         3
           4     0.9798    0.9798    0.9798        99

    accuracy                         0.9738       688
   macro avg     0.9781    0.9119    0.9382       688
weighted avg     0.9741    0.9738    0.9737       688

Validation Loss: 0.07888574153184891
              precision    recall  f1-score   support

           0     1.0000    0.9771    0.9884       262
           1     0.9231    0.9936    0.9571       157
           2     0.9814    0.9461    0.9634       167
           3     0.6667    0.6667    0.6667         3
           4     0.9798    0.9798    0.9798        99

    accuracy                         0.9724       688
   macro avg     0.9102    0.9127    0.9111       688
weighted avg     0.9736    0.9724    0.9725       688

Validation Loss: 0.07746020797640085
              precision    recall  f1-score   support

           0     0.9923    0.9885    0.9904       262
           1     0.9390    0.9809    0.9595       157
           2     0.9814    0.9461    0.9634       167
           3     0.6667    0.6667    0.6667         3
           4     0.9798    0.9798    0.9798        99

    accuracy                         0.9738       688
   macro avg     0.9118    0.9124    0.9120       688
weighted avg     0.9743    0.9738    0.9739       688

Validation Loss: 0.08154156059026718
              precision    recall  f1-score   support

           0     1.0000    0.9656    0.9825       262
           1     0.9017    0.9936    0.9455       157
           2     0.9811    0.9341    0.9571       167
           3     0.6667    0.6667    0.6667         3
           4     0.9700    0.9798    0.9749        99

    accuracy                         0.9651       688
   macro avg     0.9039    0.9080    0.9053       688
weighted avg     0.9672    0.9651    0.9654       688

Validation Loss: 0.07182611059397459
              precision    recall  f1-score   support

           0     0.9886    0.9924    0.9905       262
           1     0.9451    0.9873    0.9657       157
           2     0.9814    0.9461    0.9634       167
           3     1.0000    0.6667    0.8000         3
           4     0.9796    0.9697    0.9746        99

    accuracy                         0.9753       688
   macro avg     0.9789    0.9124    0.9388       688
weighted avg     0.9757    0.9753    0.9751       688

Validation Loss: 0.07101516053080559
              precision    recall  f1-score   support

           0     0.9849    0.9962    0.9905       262
           1     0.9563    0.9745    0.9653       157
           2     0.9810    0.9281    0.9538       167
           3     1.0000    0.6667    0.8000         3
           4     0.9417    0.9798    0.9604        99

    accuracy                         0.9709       688
   macro avg     0.9728    0.9091    0.9340       688
weighted avg     0.9713    0.9709    0.9707       688

Validation Loss: 0.08123078010976315
              precision    recall  f1-score   support

           0     1.0000    0.9695    0.9845       262
           1     0.9123    0.9936    0.9512       157
           2     0.9756    0.9581    0.9668       167
           3     1.0000    0.6667    0.8000         3
           4     0.9897    0.9697    0.9796        99

    accuracy                         0.9709       688
   macro avg     0.9755    0.9115    0.9364       688
weighted avg     0.9726    0.9709    0.9711       688

Validation Loss: 0.07608890533447266
              precision    recall  f1-score   support

           0     0.9811    0.9885    0.9848       262
           1     0.9383    0.9682    0.9530       157
           2     0.9812    0.9401    0.9602       167
           3     1.0000    0.6667    0.8000         3
           4     0.9700    0.9798    0.9749        99

    accuracy                         0.9695       688
   macro avg     0.9741    0.9087    0.9346       688
weighted avg     0.9698    0.9695    0.9693       688

Validation Loss: 0.0836160583421588
              precision    recall  f1-score   support

           0     0.9738    0.9924    0.9830       262
           1     0.9494    0.9554    0.9524       157
           2     0.9755    0.9521    0.9636       167
           3     1.0000    0.6667    0.8000         3
           4     0.9796    0.9697    0.9746        99

    accuracy                         0.9695       688
   macro avg     0.9756    0.9072    0.9347       688
weighted avg     0.9696    0.9695    0.9693       688

Validation Loss: 0.07025957200676203
              precision    recall  f1-score   support

           0     0.9961    0.9847    0.9904       262
           1     0.9512    0.9936    0.9720       157
           2     0.9817    0.9641    0.9728       167
           3     1.0000    0.6667    0.8000         3
           4     0.9798    0.9798    0.9798        99

    accuracy                         0.9797       688
   macro avg     0.9818    0.9178    0.9430       688
weighted avg     0.9801    0.9797    0.9796       688

Validation Loss: 0.08070939406752586
              precision    recall  f1-score   support

           0     1.0000    0.9924    0.9962       262
           1     0.9345    1.0000    0.9662       157
           2     0.9874    0.9401    0.9632       167
           3     1.0000    0.6667    0.8000         3
           4     0.9798    0.9798    0.9798        99

    accuracy                         0.9782       688
   macro avg     0.9803    0.9158    0.9411       688
weighted avg     0.9791    0.9782    0.9781       688

Validation Loss: 0.07623714487999678
              precision    recall  f1-score   support

           0     0.9885    0.9885    0.9885       262
           1     0.9394    0.9873    0.9627       157
           2     0.9873    0.9341    0.9600       167
           3     1.0000    0.6667    0.8000         3
           4     0.9604    0.9798    0.9700        99

    accuracy                         0.9724       688
   macro avg     0.9751    0.9113    0.9363       688
weighted avg     0.9730    0.9724    0.9722       688

Validation Loss: 0.07632406614720821
              precision    recall  f1-score   support

           0     1.0000    0.9885    0.9942       262
           1     0.9455    0.9936    0.9689       157
           2     0.9758    0.9641    0.9699       167
           3     1.0000    0.6667    0.8000         3
           4     0.9897    0.9697    0.9796        99

    accuracy                         0.9797       688
   macro avg     0.9822    0.9165    0.9425       688
weighted avg     0.9802    0.9797    0.9796       688

Validation Loss: 0.07079137302935123
              precision    recall  f1-score   support

           0     1.0000    0.9733    0.9865       262
           1     0.9341    0.9936    0.9630       157
           2     0.9818    0.9701    0.9759       167
           3     1.0000    0.6667    0.8000         3
           4     0.9798    0.9798    0.9798        99

    accuracy                         0.9767       688
   macro avg     0.9791    0.9167    0.9410       688
weighted avg     0.9776    0.9767    0.9768       688

Validation Loss: 0.09135618712753057
              precision    recall  f1-score   support

           0     1.0000    0.9313    0.9644       262
           1     0.8764    0.9936    0.9313       157
           2     0.9818    0.9701    0.9759       167
           3     1.0000    0.6667    0.8000         3
           4     0.9798    0.9798    0.9798        99

    accuracy                         0.9608       688
   macro avg     0.9676    0.9083    0.9303       688
weighted avg     0.9645    0.9608    0.9612       688

Validation Loss: 0.08528955094516277
              precision    recall  f1-score   support

           0     1.0000    0.9542    0.9766       262
           1     0.9075    1.0000    0.9515       157
           2     0.9818    0.9701    0.9759       167
           3     1.0000    0.6667    0.8000         3
           4     0.9796    0.9697    0.9746        99

    accuracy                         0.9695       688
   macro avg     0.9738    0.9121    0.9357       688
weighted avg     0.9715    0.9695    0.9696       688

Validation Loss: 0.07777374051511288
              precision    recall  f1-score   support

           0     0.9848    0.9924    0.9886       262
           1     0.9679    0.9618    0.9649       157
           2     0.9758    0.9641    0.9699       167
           3     0.6667    0.6667    0.6667         3
           4     0.9700    0.9798    0.9749        99

    accuracy                         0.9753       688
   macro avg     0.9130    0.9129    0.9130       688
weighted avg     0.9753    0.9753    0.9753       688

Validation Loss: 0.08245442621409893
              precision    recall  f1-score   support

           0     0.9738    0.9924    0.9830       262
           1     0.9557    0.9618    0.9587       157
           2     0.9877    0.9581    0.9726       167
           3     1.0000    0.6667    0.8000         3
           4     0.9798    0.9798    0.9798        99

    accuracy                         0.9738       688
   macro avg     0.9794    0.9117    0.9388       688
weighted avg     0.9740    0.9738    0.9737       688

Validation Loss: 0.07598446030169725
              precision    recall  f1-score   support

           0     1.0000    0.9885    0.9942       262
           1     0.9571    0.9936    0.9750       157
           2     0.9814    0.9461    0.9634       167
           3     1.0000    0.6667    0.8000         3
           4     0.9417    0.9798    0.9604        99

    accuracy                         0.9767       688
   macro avg     0.9760    0.9150    0.9386       688
weighted avg     0.9773    0.9767    0.9767       688

Validation Loss: 0.07086389698088169
              precision    recall  f1-score   support

           0     0.9923    0.9847    0.9885       262
           1     0.9451    0.9873    0.9657       157
           2     0.9816    0.9581    0.9697       167
           3     1.0000    0.6667    0.8000         3
           4     0.9798    0.9798    0.9798        99

    accuracy                         0.9767       688
   macro avg     0.9798    0.9153    0.9407       688
weighted avg     0.9772    0.9767    0.9767       688

Validation Loss: 0.07223450019955635
              precision    recall  f1-score   support

           0     0.9961    0.9809    0.9885       262
           1     0.9341    0.9936    0.9630       157
           2     0.9755    0.9521    0.9636       167
           3     1.0000    0.6667    0.8000         3
           4     0.9796    0.9697    0.9746        99

    accuracy                         0.9738       688
   macro avg     0.9771    0.9126    0.9379       688
weighted avg     0.9746    0.9738    0.9738       688

Validation Loss: 0.07315306831151247
              precision    recall  f1-score   support

           0     0.9886    0.9924    0.9905       262
           1     0.9625    0.9809    0.9716       157
           2     0.9812    0.9401    0.9602       167
           3     1.0000    0.6667    0.8000         3
           4     0.9417    0.9798    0.9604        99

    accuracy                         0.9738       688
   macro avg     0.9748    0.9120    0.9365       688
weighted avg     0.9742    0.9738    0.9737       688

Validation Loss: 0.0689989821985364
              precision    recall  f1-score   support

           0     1.0000    0.9885    0.9942       262
           1     0.9630    0.9936    0.9781       157
           2     0.9704    0.9820    0.9762       167
           3     1.0000    0.6667    0.8000         3
           4     0.9896    0.9596    0.9744        99

    accuracy                         0.9826       688
   macro avg     0.9846    0.9181    0.9446       688
weighted avg     0.9829    0.9826    0.9825       688

Validation Loss: 0.06852044630795717
              precision    recall  f1-score   support

           0     1.0000    0.9733    0.9865       262
           1     0.9455    0.9936    0.9689       157
           2     0.9818    0.9701    0.9759       167
           3     0.6667    0.6667    0.6667         3
           4     0.9700    0.9798    0.9749        99

    accuracy                         0.9767       688
   macro avg     0.9128    0.9167    0.9146       688
weighted avg     0.9774    0.9767    0.9768       688

Validation Loss: 0.06519330851733685
              precision    recall  f1-score   support

           0     0.9962    0.9924    0.9943       262
           1     0.9810    0.9873    0.9841       157
           2     0.9756    0.9581    0.9668       167
           3     1.0000    0.6667    0.8000         3
           4     0.9417    0.9798    0.9604        99

    accuracy                         0.9797       688
   macro avg     0.9789    0.9168    0.9411       688
weighted avg     0.9799    0.9797    0.9796       688

Validation Loss: 0.06888502184301615
              precision    recall  f1-score   support

           0     1.0000    0.9885    0.9942       262
           1     0.9630    0.9936    0.9781       157
           2     0.9702    0.9760    0.9731       167
           3     1.0000    0.6667    0.8000         3
           4     0.9794    0.9596    0.9694        99

    accuracy                         0.9811       688
   macro avg     0.9825    0.9169    0.9430       688
weighted avg     0.9814    0.9811    0.9810       688

Validation Loss: 0.07004669588059187
              precision    recall  f1-score   support

           0     1.0000    0.9924    0.9962       262
           1     0.9689    0.9936    0.9811       157
           2     0.9816    0.9581    0.9697       167
           3     0.6667    0.6667    0.6667         3
           4     0.9604    0.9798    0.9700        99

    accuracy                         0.9811       688
   macro avg     0.9155    0.9181    0.9167       688
weighted avg     0.9813    0.9811    0.9811       688

Validation Loss: 0.07194514479488134
              precision    recall  f1-score   support

           0     0.9885    0.9885    0.9885       262
           1     0.9565    0.9809    0.9686       157
           2     0.9816    0.9581    0.9697       167
           3     1.0000    0.6667    0.8000         3
           4     0.9700    0.9798    0.9749        99

    accuracy                         0.9767       688
   macro avg     0.9793    0.9148    0.9403       688
weighted avg     0.9769    0.9767    0.9766       688

Validation Loss: 0.07305009663105011
              precision    recall  f1-score   support

           0     1.0000    0.9924    0.9962       262
           1     0.9458    1.0000    0.9721       157
           2     0.9814    0.9461    0.9634       167
           3     0.6667    0.6667    0.6667         3
           4     0.9796    0.9697    0.9746        99

    accuracy                         0.9782       688
   macro avg     0.9147    0.9150    0.9146       688
weighted avg     0.9787    0.9782    0.9782       688

Validation Loss: 0.08024219423532486
              precision    recall  f1-score   support

           0     1.0000    0.9542    0.9766       262
           1     0.9128    1.0000    0.9544       157
           2     0.9878    0.9701    0.9789       167
           3     1.0000    0.6667    0.8000         3
           4     0.9700    0.9798    0.9749        99

    accuracy                         0.9709       688
   macro avg     0.9741    0.9141    0.9369       688
weighted avg     0.9728    0.9709    0.9710       688

Validation Loss: 0.07551466021686792
              precision    recall  f1-score   support

           0     0.9847    0.9809    0.9828       262
           1     0.9383    0.9682    0.9530       157
           2     0.9758    0.9641    0.9699       167
           3     1.0000    0.6667    0.8000         3
           4     0.9796    0.9697    0.9746        99

    accuracy                         0.9709       688
   macro avg     0.9757    0.9099    0.9361       688
weighted avg     0.9713    0.9709    0.9709       688

Validation Loss: 0.06719060894101858
              precision    recall  f1-score   support

           0     0.9886    0.9924    0.9905       262
           1     0.9688    0.9873    0.9779       157
           2     0.9877    0.9581    0.9726       167
           3     1.0000    0.6667    0.8000         3
           4     0.9604    0.9798    0.9700        99

    accuracy                         0.9797       688
   macro avg     0.9811    0.9168    0.9422       688
weighted avg     0.9798    0.9797    0.9795       688

Validation Loss: 0.07308140955865383
              precision    recall  f1-score   support

           0     0.9961    0.9771    0.9865       262
           1     0.9401    1.0000    0.9691       157
           2     0.9817    0.9641    0.9728       167
           3     1.0000    0.6667    0.8000         3
           4     0.9796    0.9697    0.9746        99

    accuracy                         0.9767       688
   macro avg     0.9795    0.9155    0.9406       688
weighted avg     0.9775    0.9767    0.9767       688

Validation Loss: 0.06730527710169554
              precision    recall  f1-score   support

           0     1.0000    0.9885    0.9942       262
           1     0.9630    0.9936    0.9781       157
           2     0.9818    0.9701    0.9759       167
           3     0.6667    0.6667    0.6667         3
           4     0.9798    0.9798    0.9798        99

    accuracy                         0.9826       688
   macro avg     0.9182    0.9197    0.9189       688
weighted avg     0.9828    0.9826    0.9826       688

Validation Loss: 0.07057362515479326
              precision    recall  f1-score   support

           0     0.9849    0.9962    0.9905       262
           1     0.9506    0.9809    0.9655       157
           2     0.9814    0.9461    0.9634       167
           3     1.0000    0.6667    0.8000         3
           4     0.9796    0.9697    0.9746        99

    accuracy                         0.9753       688
   macro avg     0.9793    0.9119    0.9388       688
weighted avg     0.9755    0.9753    0.9751       688

Validation Loss: 0.07450690492987633
              precision    recall  f1-score   support

           0     1.0000    0.9885    0.9942       262
           1     0.9571    0.9936    0.9750       157
           2     0.9817    0.9641    0.9728       167
           3     0.6667    0.6667    0.6667         3
           4     0.9798    0.9798    0.9798        99

    accuracy                         0.9811       688
   macro avg     0.9170    0.9185    0.9177       688
weighted avg     0.9814    0.9811    0.9811       688

Validation Loss: 0.07430100813508034
              precision    recall  f1-score   support

           0     0.9885    0.9885    0.9885       262
           1     0.9625    0.9809    0.9716       157
           2     0.9814    0.9461    0.9634       167
           3     1.0000    0.6667    0.8000         3
           4     0.9417    0.9798    0.9604        99

    accuracy                         0.9738       688
   macro avg     0.9748    0.9124    0.9368       688
weighted avg     0.9742    0.9738    0.9737       688

Validation Loss: 0.07385460752993822
              precision    recall  f1-score   support

           0     0.9923    0.9885    0.9904       262
           1     0.9506    0.9809    0.9655       157
           2     0.9817    0.9641    0.9728       167
           3     1.0000    0.6667    0.8000         3
           4     0.9798    0.9798    0.9798        99

    accuracy                         0.9782       688
   macro avg     0.9809    0.9160    0.9417       688
weighted avg     0.9785    0.9782    0.9781       688

Validation Loss: 0.09100709483027458
              precision    recall  f1-score   support

           0     1.0000    0.9542    0.9766       262
           1     0.8966    0.9936    0.9426       157
           2     0.9755    0.9521    0.9636       167
           3     1.0000    0.6667    0.8000         3
           4     0.9697    0.9697    0.9697        99

    accuracy                         0.9637       688
   macro avg     0.9683    0.9073    0.9305       688
weighted avg     0.9661    0.9637    0.9639       688

Validation Loss: 0.09123565815389156
              precision    recall  f1-score   support

           0     0.9774    0.9885    0.9829       262
           1     0.9379    0.9618    0.9497       157
           2     0.9814    0.9461    0.9634       167
           3     1.0000    0.6667    0.8000         3
           4     0.9798    0.9798    0.9798        99

    accuracy                         0.9695       688
   macro avg     0.9753    0.9086    0.9352       688
weighted avg     0.9698    0.9695    0.9694       688

Validation Loss: 0.07777540106326342
              precision    recall  f1-score   support

           0     0.9961    0.9847    0.9904       262
           1     0.9458    1.0000    0.9721       157
           2     0.9877    0.9581    0.9726       167
           3     1.0000    0.6667    0.8000         3
           4     0.9798    0.9798    0.9798        99

    accuracy                         0.9797       688
   macro avg     0.9819    0.9179    0.9430       688
weighted avg     0.9803    0.9797    0.9796       688

Validation Loss: 0.0760234547778964
              precision    recall  f1-score   support

           0     0.9961    0.9847    0.9904       262
           1     0.9290    1.0000    0.9632       157
           2     0.9874    0.9401    0.9632       167
           3     1.0000    0.6667    0.8000         3
           4     0.9798    0.9798    0.9798        99

    accuracy                         0.9753       688
   macro avg     0.9785    0.9143    0.9393       688
weighted avg     0.9764    0.9753    0.9752       688

Validation Loss: 0.09742342121899128
              precision    recall  f1-score   support

           0     0.9491    0.9962    0.9721       262
           1     0.9474    0.9172    0.9320       157
           2     0.9875    0.9461    0.9664       167
           3     1.0000    0.6667    0.8000         3
           4     0.9798    0.9798    0.9798        99

    accuracy                         0.9622       688
   macro avg     0.9728    0.9012    0.9301       688
weighted avg     0.9627    0.9622    0.9619       688

Validation Loss: 0.07381478417664766
              precision    recall  f1-score   support

           0     0.9923    0.9847    0.9885       262
           1     0.9451    0.9873    0.9657       157
           2     0.9877    0.9641    0.9758       167
           3     1.0000    0.6667    0.8000         3
           4     0.9798    0.9798    0.9798        99

    accuracy                         0.9782       688
   macro avg     0.9810    0.9165    0.9420       688
weighted avg     0.9787    0.9782    0.9781       688

Validation Loss: 0.07556580193340778
              precision    recall  f1-score   support

           0     1.0000    0.9809    0.9904       262
           1     0.9341    0.9936    0.9630       157
           2     0.9697    0.9581    0.9639       167
           3     1.0000    0.6667    0.8000         3
           4     0.9794    0.9596    0.9694        99

    accuracy                         0.9738       688
   macro avg     0.9766    0.9118    0.9373       688
weighted avg     0.9746    0.9738    0.9738       688

Validation Loss: 0.06960810907185078
              precision    recall  f1-score   support

           0     0.9849    0.9962    0.9905       262
           1     0.9625    0.9809    0.9716       157
           2     0.9876    0.9521    0.9695       167
           3     1.0000    0.6667    0.8000         3
           4     0.9700    0.9798    0.9749        99

    accuracy                         0.9782       688
   macro avg     0.9810    0.9151    0.9413       688
weighted avg     0.9784    0.9782    0.9780       688

Validation Loss: 0.08098460733890533
              precision    recall  f1-score   support

           0     0.9961    0.9695    0.9826       262
           1     0.9128    1.0000    0.9544       157
           2     0.9755    0.9521    0.9636       167
           3     1.0000    0.6667    0.8000         3
           4     0.9896    0.9596    0.9744        99

    accuracy                         0.9695       688
   macro avg     0.9748    0.9096    0.9350       688
weighted avg     0.9712    0.9695    0.9696       688

Validation Loss: 0.0781304519623518
              precision    recall  f1-score   support

           0     0.9923    0.9809    0.9866       262
           1     0.9333    0.9809    0.9565       157
           2     0.9812    0.9401    0.9602       167
           3     0.6667    0.6667    0.6667         3
           4     0.9604    0.9798    0.9700        99

    accuracy                         0.9695       688
   macro avg     0.9068    0.9097    0.9080       688
weighted avg     0.9701    0.9695    0.9695       688

Validation Loss: 0.07571078184992075
              precision    recall  f1-score   support

           0     0.9961    0.9847    0.9904       262
           1     0.9398    0.9936    0.9659       157
           2     0.9815    0.9521    0.9666       167
           3     1.0000    0.6667    0.8000         3
           4     0.9798    0.9798    0.9798        99

    accuracy                         0.9767       688
   macro avg     0.9794    0.9154    0.9405       688
weighted avg     0.9774    0.9767    0.9767       688

Validation Loss: 0.07449470460414886
              precision    recall  f1-score   support

           0     0.9885    0.9847    0.9866       262
           1     0.9390    0.9809    0.9595       157
           2     0.9695    0.9521    0.9607       167
           3     1.0000    0.6667    0.8000         3
           4     0.9794    0.9596    0.9694        99

    accuracy                         0.9709       688
   macro avg     0.9753    0.9088    0.9352       688
weighted avg     0.9713    0.9709    0.9709       688

Validation Loss: 0.07687735464423895
              precision    recall  f1-score   support

           0     0.9961    0.9847    0.9904       262
           1     0.9290    1.0000    0.9632       157
           2     0.9873    0.9341    0.9600       167
           3     1.0000    0.6667    0.8000         3
           4     0.9700    0.9798    0.9749        99

    accuracy                         0.9738       688
   macro avg     0.9765    0.9131    0.9377       688
weighted avg     0.9749    0.9738    0.9737       688

Validation Loss: 0.08353748917579651
              precision    recall  f1-score   support

           0     0.9961    0.9809    0.9885       262
           1     0.9341    0.9936    0.9630       157
           2     0.9811    0.9341    0.9571       167
           3     1.0000    0.6667    0.8000         3
           4     0.9510    0.9798    0.9652        99

    accuracy                         0.9709       688
   macro avg     0.9725    0.9110    0.9347       688
weighted avg     0.9719    0.9709    0.9708       688

Validation Loss: 0.08086319826543331
              precision    recall  f1-score   support

           0     0.9886    0.9924    0.9905       262
           1     0.9509    0.9873    0.9688       157
           2     0.9755    0.9521    0.9636       167
           3     1.0000    0.6667    0.8000         3
           4     0.9794    0.9596    0.9694        99

    accuracy                         0.9753       688
   macro avg     0.9789    0.9116    0.9385       688
weighted avg     0.9755    0.9753    0.9751       688

Validation Loss: 0.08602782152593136
              precision    recall  f1-score   support

           0     0.9701    0.9924    0.9811       262
           1     0.9317    0.9554    0.9434       157
           2     0.9873    0.9281    0.9568       167
           3     1.0000    0.6667    0.8000         3
           4     0.9700    0.9798    0.9749        99

    accuracy                         0.9651       688
   macro avg     0.9718    0.9045    0.9312       688
weighted avg     0.9656    0.9651    0.9649       688

Validation Loss: 0.07629179581999779
              precision    recall  f1-score   support

           0     0.9923    0.9847    0.9885       262
           1     0.9390    0.9809    0.9595       157
           2     0.9815    0.9521    0.9666       167
           3     0.6667    0.6667    0.6667         3
           4     0.9798    0.9798    0.9798        99

    accuracy                         0.9738       688
   macro avg     0.9119    0.9128    0.9122       688
weighted avg     0.9743    0.9738    0.9739       688

Validation Loss: 0.07301723957061768
              precision    recall  f1-score   support

           0     1.0000    0.9885    0.9942       262
           1     0.9515    1.0000    0.9752       157
           2     0.9877    0.9581    0.9726       167
           3     0.6667    0.6667    0.6667         3
           4     0.9798    0.9798    0.9798        99

    accuracy                         0.9811       688
   macro avg     0.9171    0.9186    0.9177       688
weighted avg     0.9816    0.9811    0.9811       688

Validation Loss: 0.07315803412348032
              precision    recall  f1-score   support

           0     1.0000    0.9924    0.9962       262
           1     0.9573    1.0000    0.9782       157
           2     0.9873    0.9341    0.9600       167
           3     0.6667    0.6667    0.6667         3
           4     0.9417    0.9798    0.9604        99

    accuracy                         0.9767       688
   macro avg     0.9106    0.9146    0.9123       688
weighted avg     0.9774    0.9767    0.9767       688

Validation Loss: 0.06963239423930645
              precision    recall  f1-score   support

           0     0.9962    0.9885    0.9923       262
           1     0.9689    0.9936    0.9811       157
           2     0.9647    0.9820    0.9733       167
           3     1.0000    0.6667    0.8000         3
           4     0.9895    0.9495    0.9691        99

    accuracy                         0.9811       688
   macro avg     0.9839    0.9161    0.9432       688
weighted avg     0.9814    0.9811    0.9810       688

Validation Loss: 0.0777203980833292
              precision    recall  f1-score   support

           0     1.0000    0.9771    0.9884       262
           1     0.9286    0.9936    0.9600       157
           2     0.9755    0.9521    0.9636       167
           3     0.6667    0.6667    0.6667         3
           4     0.9796    0.9697    0.9746        99

    accuracy                         0.9724       688
   macro avg     0.9101    0.9118    0.9107       688
weighted avg     0.9734    0.9724    0.9725       688

Validation Loss: 0.09650677628815174
              precision    recall  f1-score   support

           0     0.9596    0.9962    0.9775       262
           1     0.9304    0.9363    0.9333       157
           2     0.9872    0.9222    0.9536       167
           3     1.0000    0.6667    0.8000         3
           4     0.9700    0.9798    0.9749        99

    accuracy                         0.9608       688
   macro avg     0.9694    0.9002    0.9279       688
weighted avg     0.9613    0.9608    0.9605       688

Validation Loss: 0.07749103475362062
              precision    recall  f1-score   support

           0     1.0000    0.9885    0.9942       262
           1     0.9401    1.0000    0.9691       157
           2     0.9876    0.9521    0.9695       167
           3     1.0000    0.6667    0.8000         3
           4     0.9798    0.9798    0.9798        99

    accuracy                         0.9797       688
   macro avg     0.9815    0.9174    0.9425       688
weighted avg     0.9804    0.9797    0.9796       688

Validation Loss: 0.07675621937960386
              precision    recall  f1-score   support

           0     1.0000    0.9618    0.9805       262
           1     0.9231    0.9936    0.9571       157
           2     0.9819    0.9760    0.9790       167
           3     1.0000    0.6667    0.8000         3
           4     0.9798    0.9798    0.9798        99

    accuracy                         0.9738       688
   macro avg     0.9770    0.9156    0.9393       688
weighted avg     0.9752    0.9738    0.9739       688

Validation Loss: 0.076009432785213
              precision    recall  f1-score   support

           0     0.9924    0.9962    0.9943       262
           1     0.9509    0.9873    0.9688       157
           2     0.9872    0.9222    0.9536       167
           3     0.6667    0.6667    0.6667         3
           4     0.9417    0.9798    0.9604        99

    accuracy                         0.9724       688
   macro avg     0.9078    0.9104    0.9087       688
weighted avg     0.9730    0.9724    0.9723       688

Validation Loss: 0.08239454124122858
              precision    recall  f1-score   support

           0     0.9923    0.9885    0.9904       262
           1     0.9390    0.9809    0.9595       157
           2     0.9753    0.9461    0.9605       167
           3     0.6667    0.6667    0.6667         3
           4     0.9796    0.9697    0.9746        99

    accuracy                         0.9724       688
   macro avg     0.9106    0.9104    0.9103       688
weighted avg     0.9728    0.9724    0.9724       688

Validation Loss: 0.07397168315947056
              precision    recall  f1-score   support

           0     1.0000    0.9885    0.9942       262
           1     0.9458    1.0000    0.9721       157
           2     0.9876    0.9521    0.9695       167
           3     0.6667    0.6667    0.6667         3
           4     0.9798    0.9798    0.9798        99

    accuracy                         0.9797       688
   macro avg     0.9160    0.9174    0.9165       688
weighted avg     0.9803    0.9797    0.9797       688

Validation Loss: 0.06949787586927414
              precision    recall  f1-score   support

           0     0.9812    0.9962    0.9886       262
           1     0.9620    0.9682    0.9651       157
           2     0.9816    0.9581    0.9697       167
           3     1.0000    0.6667    0.8000         3
           4     0.9798    0.9798    0.9798        99

    accuracy                         0.9767       688
   macro avg     0.9809    0.9138    0.9406       688
weighted avg     0.9768    0.9767    0.9766       688

Validation Loss: 0.06828027032315731
              precision    recall  f1-score   support

           0     0.9962    0.9924    0.9943       262
           1     0.9630    0.9936    0.9781       157
           2     0.9758    0.9641    0.9699       167
           3     1.0000    0.6667    0.8000         3
           4     0.9796    0.9697    0.9746        99

    accuracy                         0.9811       688
   macro avg     0.9829    0.9173    0.9434       688
weighted avg     0.9813    0.9811    0.9810       688

Validation Loss: 0.08297563996165991
              precision    recall  f1-score   support

           0     0.9774    0.9885    0.9829       262
           1     0.9739    0.9490    0.9613       157
           2     0.9763    0.9880    0.9821       167
           3     1.0000    0.6667    0.8000         3
           4     0.9798    0.9798    0.9798        99

    accuracy                         0.9767       688
   macro avg     0.9815    0.9144    0.9412       688
weighted avg     0.9768    0.9767    0.9765       688

Validation Loss: 0.08315343875437975
              precision    recall  f1-score   support

           0     0.9924    0.9924    0.9924       262
           1     0.9625    0.9809    0.9716       157
           2     0.9817    0.9641    0.9728       167
           3     0.6667    0.6667    0.6667         3
           4     0.9798    0.9798    0.9798        99

    accuracy                         0.9797       688
   macro avg     0.9166    0.9168    0.9166       688
weighted avg     0.9797    0.9797    0.9797       688

Validation Loss: 0.07767886202782393
              precision    recall  f1-score   support

           0     1.0000    0.9809    0.9904       262
           1     0.9345    1.0000    0.9662       157
           2     0.9876    0.9521    0.9695       167
           3     0.6667    0.6667    0.6667         3
           4     0.9798    0.9798    0.9798        99

    accuracy                         0.9767       688
   macro avg     0.9137    0.9159    0.9145       688
weighted avg     0.9777    0.9767    0.9768       688

Validation Loss: 0.07896229904145002
              precision    recall  f1-score   support

           0     0.9961    0.9847    0.9904       262
           1     0.9345    1.0000    0.9662       157
           2     0.9875    0.9461    0.9664       167
           3     1.0000    0.6667    0.8000         3
           4     0.9798    0.9798    0.9798        99

    accuracy                         0.9767       688
   macro avg     0.9796    0.9155    0.9405       688
weighted avg     0.9776    0.9767    0.9767       688

Validation Loss: 0.07276989240199327
              precision    recall  f1-score   support

           0     0.9885    0.9885    0.9885       262
           1     0.9451    0.9873    0.9657       157
           2     0.9876    0.9521    0.9695       167
           3     1.0000    0.6667    0.8000         3
           4     0.9798    0.9798    0.9798        99

    accuracy                         0.9767       688
   macro avg     0.9802    0.9149    0.9407       688
weighted avg     0.9772    0.9767    0.9766       688

Validation Loss: 0.07849597651511431
              precision    recall  f1-score   support

           0     1.0000    0.9695    0.9845       262
           1     0.9181    1.0000    0.9573       157
           2     0.9876    0.9521    0.9695       167
           3     0.6667    0.6667    0.6667         3
           4     0.9798    0.9798    0.9798        99

    accuracy                         0.9724       688
   macro avg     0.9104    0.9136    0.9116       688
weighted avg     0.9739    0.9724    0.9726       688

Validation Loss: 0.08424079418182373
              precision    recall  f1-score   support

           0     0.9923    0.9847    0.9885       262
           1     0.9394    0.9873    0.9627       157
           2     0.9875    0.9461    0.9664       167
           3     0.6667    0.6667    0.6667         3
           4     0.9700    0.9798    0.9749        99

    accuracy                         0.9738       688
   macro avg     0.9112    0.9129    0.9118       688
weighted avg     0.9744    0.9738    0.9739       688

Validation Loss: 0.08512959629297256
              precision    recall  f1-score   support

           0     0.9774    0.9885    0.9829       262
           1     0.9379    0.9618    0.9497       157
           2     0.9875    0.9461    0.9664       167
           3     0.6667    0.6667    0.6667         3
           4     0.9798    0.9798    0.9798        99

    accuracy                         0.9695       688
   macro avg     0.9098    0.9086    0.9091       688
weighted avg     0.9698    0.9695    0.9695       688

Validation Loss: 0.07670345716178417
              precision    recall  f1-score   support

           0     1.0000    0.9962    0.9981       262
           1     0.9571    0.9936    0.9750       157
           2     0.9816    0.9581    0.9697       167
           3     1.0000    0.6667    0.8000         3
           4     0.9798    0.9798    0.9798        99

    accuracy                         0.9826       688
   macro avg     0.9837    0.9189    0.9445       688
weighted avg     0.9828    0.9826    0.9824       688

Validation Loss: 0.07521538622677326
              precision    recall  f1-score   support

           0     0.9962    0.9924    0.9943       262
           1     0.9458    1.0000    0.9721       157
           2     0.9874    0.9401    0.9632       167
           3     1.0000    0.6667    0.8000         3
           4     0.9700    0.9798    0.9749        99

    accuracy                         0.9782       688
   macro avg     0.9799    0.9158    0.9409       688
weighted avg     0.9788    0.9782    0.9780       688

Validation Loss: 0.07695406582206488
              precision    recall  f1-score   support

           0     0.9847    0.9809    0.9828       262
           1     0.9325    0.9682    0.9500       157
           2     0.9816    0.9581    0.9697       167
           3     1.0000    0.6667    0.8000         3
           4     0.9798    0.9798    0.9798        99

    accuracy                         0.9709       688
   macro avg     0.9757    0.9107    0.9365       688
weighted avg     0.9714    0.9709    0.9709       688

Validation Loss: 0.07130118925124407
              precision    recall  f1-score   support

           0     0.9924    0.9924    0.9924       262
           1     0.9509    0.9873    0.9688       157
           2     0.9877    0.9581    0.9726       167
           3     1.0000    0.6667    0.8000         3
           4     0.9798    0.9798    0.9798        99

    accuracy                         0.9797       688
   macro avg     0.9821    0.9168    0.9427       688
weighted avg     0.9800    0.9797    0.9795       688

Validation Loss: 0.06288816127926111
              precision    recall  f1-score   support

           0     0.9924    0.9924    0.9924       262
           1     0.9568    0.9873    0.9718       157
           2     0.9877    0.9641    0.9758       167
           3     1.0000    0.6667    0.8000         3
           4     0.9798    0.9798    0.9798        99

    accuracy                         0.9811       688
   macro avg     0.9833    0.9180    0.9439       688
weighted avg     0.9813    0.9811    0.9810       688

Validation Loss: 0.06399780325591564
              precision    recall  f1-score   support

           0     0.9924    0.9924    0.9924       262
           1     0.9686    0.9809    0.9747       157
           2     0.9760    0.9760    0.9760       167
           3     1.0000    0.6667    0.8000         3
           4     0.9796    0.9697    0.9746        99

    accuracy                         0.9811       688
   macro avg     0.9833    0.9171    0.9435       688
weighted avg     0.9812    0.9811    0.9810       688

Validation Loss: 0.07208266481757164
              precision    recall  f1-score   support

           0     1.0000    0.9618    0.9805       262
           1     0.9181    1.0000    0.9573       157
           2     0.9878    0.9701    0.9789       167
           3     1.0000    0.6667    0.8000         3
           4     0.9798    0.9798    0.9798        99

    accuracy                         0.9738       688
   macro avg     0.9771    0.9157    0.9393       688
weighted avg     0.9755    0.9738    0.9739       688

Validation Loss: 0.07431975565850735
              precision    recall  f1-score   support

           0     0.9885    0.9885    0.9885       262
           1     0.9451    0.9873    0.9657       157
           2     0.9875    0.9461    0.9664       167
           3     1.0000    0.6667    0.8000         3
           4     0.9700    0.9798    0.9749        99

    accuracy                         0.9753       688
   macro avg     0.9782    0.9137    0.9391       688
weighted avg     0.9758    0.9753    0.9752       688

Validation Loss: 0.07020641025155783
              precision    recall  f1-score   support

           0     0.9923    0.9885    0.9904       262
           1     0.9455    0.9936    0.9689       157
           2     0.9876    0.9521    0.9695       167
           3     1.0000    0.6667    0.8000         3
           4     0.9798    0.9798    0.9798        99

    accuracy                         0.9782       688
   macro avg     0.9810    0.9161    0.9417       688
weighted avg     0.9787    0.9782    0.9781       688

Validation Loss: 0.06438078451901674
              precision    recall  f1-score   support

           0     0.9886    0.9924    0.9905       262
           1     0.9565    0.9809    0.9686       157
           2     0.9816    0.9581    0.9697       167
           3     1.0000    0.6667    0.8000         3
           4     0.9798    0.9798    0.9798        99

    accuracy                         0.9782       688
   macro avg     0.9813    0.9156    0.9417       688
weighted avg     0.9784    0.9782    0.9781       688

Validation Loss: 0.07009806390851736
              precision    recall  f1-score   support

           0     0.9812    0.9962    0.9886       262
           1     0.9560    0.9682    0.9620       157
           2     0.9815    0.9521    0.9666       167
           3     1.0000    0.6667    0.8000         3
           4     0.9798    0.9798    0.9798        99

    accuracy                         0.9753       688
   macro avg     0.9797    0.9126    0.9394       688
weighted avg     0.9754    0.9753    0.9751       688

Validation Loss: 0.08001180458813906
              precision    recall  f1-score   support

           0     0.9961    0.9656    0.9806       262
           1     0.9128    1.0000    0.9544       157
           2     0.9875    0.9461    0.9664       167
           3     1.0000    0.6667    0.8000         3
           4     0.9700    0.9798    0.9749        99

    accuracy                         0.9695       688
   macro avg     0.9733    0.9116    0.9353       688
weighted avg     0.9712    0.9695    0.9696       688

Validation Loss: 0.0750978123396635
              precision    recall  f1-score   support

           0     0.9962    0.9885    0.9923       262
           1     0.9512    0.9936    0.9720       157
           2     0.9815    0.9521    0.9666       167
           3     1.0000    0.6667    0.8000         3
           4     0.9700    0.9798    0.9749        99

    accuracy                         0.9782       688
   macro avg     0.9798    0.9161    0.9411       688
weighted avg     0.9786    0.9782    0.9781       688

Validation Loss: 0.07516935933381319
              precision    recall  f1-score   support

           0     1.0000    0.9924    0.9962       262
           1     0.9458    1.0000    0.9721       157
           2     0.9816    0.9581    0.9697       167
           3     1.0000    0.6667    0.8000         3
           4     0.9897    0.9697    0.9796        99

    accuracy                         0.9811       688
   macro avg     0.9834    0.9174    0.9435       688
weighted avg     0.9817    0.9811    0.9810       688

Validation Loss: 0.07427132502198219
              precision    recall  f1-score   support

           0     0.9774    0.9924    0.9848       262
           1     0.9441    0.9682    0.9560       157
           2     0.9875    0.9461    0.9664       167
           3     1.0000    0.6667    0.8000         3
           4     0.9798    0.9798    0.9798        99

    accuracy                         0.9724       688
   macro avg     0.9778    0.9106    0.9374       688
weighted avg     0.9727    0.9724    0.9722       688

Validation Loss: 0.06878072116523981
              precision    recall  f1-score   support

           0     0.9885    0.9885    0.9885       262
           1     0.9565    0.9809    0.9686       157
           2     0.9816    0.9581    0.9697       167
           3     1.0000    0.6667    0.8000         3
           4     0.9700    0.9798    0.9749        99

    accuracy                         0.9767       688
   macro avg     0.9793    0.9148    0.9403       688
weighted avg     0.9769    0.9767    0.9766       688

Validation Loss: 0.06993895955383778
              precision    recall  f1-score   support

           0     0.9886    0.9962    0.9924       262
           1     0.9568    0.9873    0.9718       157
           2     0.9876    0.9521    0.9695       167
           3     1.0000    0.6667    0.8000         3
           4     0.9798    0.9798    0.9798        99

    accuracy                         0.9797       688
   macro avg     0.9826    0.9164    0.9427       688
weighted avg     0.9799    0.9797    0.9795       688

Validation Loss: 0.08590791933238506
              precision    recall  f1-score   support

           0     1.0000    0.9466    0.9725       262
           1     0.8966    0.9936    0.9426       157
           2     0.9817    0.9641    0.9728       167
           3     0.6667    0.6667    0.6667         3
           4     0.9798    0.9798    0.9798        99

    accuracy                         0.9651       688
   macro avg     0.9049    0.9101    0.9069       688
weighted avg     0.9676    0.9651    0.9655       688

Validation Loss: 0.08627889677882195
              precision    recall  f1-score   support

           0     0.9809    0.9809    0.9809       262
           1     0.9268    0.9682    0.9470       157
           2     0.9812    0.9401    0.9602       167
           3     1.0000    0.6667    0.8000         3
           4     0.9700    0.9798    0.9749        99

    accuracy                         0.9666       688
   macro avg     0.9718    0.9071    0.9326       688
weighted avg     0.9672    0.9666    0.9665       688

Validation Loss: 0.07521181274205446
              precision    recall  f1-score   support

           0     0.9811    0.9924    0.9867       262
           1     0.9503    0.9745    0.9623       157
           2     0.9875    0.9461    0.9664       167
           3     1.0000    0.6667    0.8000         3
           4     0.9700    0.9798    0.9749        99

    accuracy                         0.9738       688
   macro avg     0.9778    0.9119    0.9380       688
weighted avg     0.9741    0.9738    0.9737       688

Validation Loss: 0.07211188971996307
              precision    recall  f1-score   support

           0     1.0000    0.9695    0.9845       262
           1     0.9341    0.9936    0.9630       157
           2     0.9762    0.9820    0.9791       167
           3     1.0000    0.6667    0.8000         3
           4     0.9897    0.9697    0.9796        99

    accuracy                         0.9767       688
   macro avg     0.9800    0.9163    0.9412       688
weighted avg     0.9777    0.9767    0.9768       688

Validation Loss: 0.07238334137946367
              precision    recall  f1-score   support

           0     1.0000    0.9847    0.9923       262
           1     0.9458    1.0000    0.9721       157
           2     0.9877    0.9641    0.9758       167
           3     1.0000    0.6667    0.8000         3
           4     0.9798    0.9798    0.9798        99

    accuracy                         0.9811       688
   macro avg     0.9827    0.9191    0.9440       688
weighted avg     0.9817    0.9811    0.9810       688

Validation Loss: 0.07334566209465265
              precision    recall  f1-score   support

           0     0.9812    0.9962    0.9886       262
           1     0.9503    0.9745    0.9623       157
           2     0.9875    0.9461    0.9664       167
           3     1.0000    0.6667    0.8000         3
           4     0.9798    0.9798    0.9798        99

    accuracy                         0.9753       688
   macro avg     0.9798    0.9127    0.9394       688
weighted avg     0.9756    0.9753    0.9751       688

Validation Loss: 0.07163973525166512
              precision    recall  f1-score   support

           0     1.0000    0.9695    0.9845       262
           1     0.9181    1.0000    0.9573       157
           2     0.9875    0.9461    0.9664       167
           3     1.0000    0.6667    0.8000         3
           4     0.9604    0.9798    0.9700        99

    accuracy                         0.9709       688
   macro avg     0.9732    0.9124    0.9356       688
weighted avg     0.9726    0.9709    0.9710       688

Validation Loss: 0.07827358227223158
              precision    recall  f1-score   support

           0     1.0000    0.9809    0.9904       262
           1     0.9398    0.9936    0.9659       157
           2     0.9643    0.9701    0.9672       167
           3     1.0000    0.6667    0.8000         3
           4     0.9895    0.9495    0.9691        99

    accuracy                         0.9753       688
   macro avg     0.9787    0.9122    0.9385       688
weighted avg     0.9761    0.9753    0.9753       688

Validation Loss: 0.07441652659326792
              precision    recall  f1-score   support

           0     0.9962    0.9924    0.9943       262
           1     0.9458    1.0000    0.9721       157
           2     0.9873    0.9341    0.9600       167
           3     1.0000    0.6667    0.8000         3
           4     0.9604    0.9798    0.9700        99

    accuracy                         0.9767       688
   macro avg     0.9779    0.9146    0.9393       688
weighted avg     0.9774    0.9767    0.9766       688

Validation Loss: 0.0726258922368288
              precision    recall  f1-score   support

           0     0.9811    0.9924    0.9867       262
           1     0.9557    0.9618    0.9587       157
           2     0.9756    0.9581    0.9668       167
           3     1.0000    0.6667    0.8000         3
           4     0.9798    0.9798    0.9798        99

    accuracy                         0.9738       688
   macro avg     0.9784    0.9117    0.9384       688
weighted avg     0.9739    0.9738    0.9737       688

Validation Loss: 0.06457892153412104
              precision    recall  f1-score   support

           0     0.9962    0.9885    0.9923       262
           1     0.9571    0.9936    0.9750       157
           2     0.9758    0.9641    0.9699       167
           3     1.0000    0.6667    0.8000         3
           4     0.9796    0.9697    0.9746        99

    accuracy                         0.9797       688
   macro avg     0.9817    0.9165    0.9424       688
weighted avg     0.9799    0.9797    0.9795       688

Validation Loss: 0.06579493544995785
              precision    recall  f1-score   support

           0     0.9885    0.9885    0.9885       262
           1     0.9506    0.9809    0.9655       157
           2     0.9816    0.9581    0.9697       167
           3     1.0000    0.6667    0.8000         3
           4     0.9798    0.9798    0.9798        99

    accuracy                         0.9767       688
   macro avg     0.9801    0.9148    0.9407       688
weighted avg     0.9770    0.9767    0.9766       688

Validation Loss: 0.06820821575820446
              precision    recall  f1-score   support

           0     1.0000    0.9847    0.9923       262
           1     0.9512    0.9936    0.9720       157
           2     0.9816    0.9581    0.9697       167
           3     1.0000    0.6667    0.8000         3
           4     0.9604    0.9798    0.9700        99

    accuracy                         0.9782       688
   macro avg     0.9786    0.9166    0.9408       688
weighted avg     0.9787    0.9782    0.9781       688

Validation Loss: 0.07130859605967999
              precision    recall  f1-score   support

           0     0.9886    0.9924    0.9905       262
           1     0.9451    0.9873    0.9657       157
           2     0.9875    0.9461    0.9664       167
           3     1.0000    0.6667    0.8000         3
           4     0.9798    0.9798    0.9798        99

    accuracy                         0.9767       688
   macro avg     0.9802    0.9144    0.9405       688
weighted avg     0.9772    0.9767    0.9766       688

Validation Loss: 0.08242785651236773
              precision    recall  f1-score   support

           0     0.9774    0.9885    0.9829       262
           1     0.9554    0.9554    0.9554       157
           2     0.9818    0.9701    0.9759       167
           3     1.0000    0.6667    0.8000         3
           4     0.9798    0.9798    0.9798        99

    accuracy                         0.9738       688
   macro avg     0.9789    0.9121    0.9388       688
weighted avg     0.9739    0.9738    0.9737       688

Validation Loss: 0.07378510385751724
              precision    recall  f1-score   support

           0     0.9848    0.9924    0.9886       262
           1     0.9506    0.9809    0.9655       157
           2     0.9874    0.9401    0.9632       167
           3     1.0000    0.6667    0.8000         3
           4     0.9604    0.9798    0.9700        99

    accuracy                         0.9738       688
   macro avg     0.9767    0.9120    0.9375       688
weighted avg     0.9742    0.9738    0.9737       688

Validation Loss: 0.08148996625095606
              precision    recall  f1-score   support

           0     0.9923    0.9885    0.9904       262
           1     0.9281    0.9873    0.9568       157
           2     0.9812    0.9401    0.9602       167
           3     1.0000    0.6667    0.8000         3
           4     0.9796    0.9697    0.9746        99

    accuracy                         0.9724       688
   macro avg     0.9763    0.9105    0.9364       688
weighted avg     0.9732    0.9724    0.9723       688

Validation Loss: 0.07337571494281292
              precision    recall  f1-score   support

           0     0.9924    0.9924    0.9924       262
           1     0.9451    0.9873    0.9657       157
           2     0.9875    0.9461    0.9664       167
           3     0.6667    0.6667    0.6667         3
           4     0.9798    0.9798    0.9798        99

    accuracy                         0.9767       688
   macro avg     0.9143    0.9144    0.9142       688
weighted avg     0.9772    0.9767    0.9767       688

Validation Loss: 0.07120974734425545
              precision    recall  f1-score   support

           0     0.9886    0.9924    0.9905       262
           1     0.9509    0.9873    0.9688       157
           2     0.9876    0.9521    0.9695       167
           3     1.0000    0.6667    0.8000         3
           4     0.9798    0.9798    0.9798        99

    accuracy                         0.9782       688
   macro avg     0.9814    0.9156    0.9417       688
weighted avg     0.9785    0.9782    0.9781       688

Validation Loss: 0.07707876339554787
              precision    recall  f1-score   support

           0     0.9962    0.9885    0.9923       262
           1     0.9458    1.0000    0.9721       157
           2     0.9815    0.9521    0.9666       167
           3     1.0000    0.6667    0.8000         3
           4     0.9796    0.9697    0.9746        99

    accuracy                         0.9782       688
   macro avg     0.9806    0.9154    0.9411       688
weighted avg     0.9787    0.9782    0.9781       688

Validation Loss: 0.061751505360007286
              precision    recall  f1-score   support

           0     0.9962    0.9885    0.9923       262
           1     0.9630    0.9936    0.9781       157
           2     0.9817    0.9641    0.9728       167
           3     1.0000    0.6667    0.8000         3
           4     0.9700    0.9798    0.9749        99

    accuracy                         0.9811       688
   macro avg     0.9822    0.9185    0.9436       688
weighted avg     0.9813    0.9811    0.9810       688

Validation Loss: 0.06244968809187412
              precision    recall  f1-score   support

           0     0.9923    0.9885    0.9904       262
           1     0.9565    0.9809    0.9686       157
           2     0.9819    0.9760    0.9790       167
           3     1.0000    0.6667    0.8000         3
           4     0.9898    0.9798    0.9848        99

    accuracy                         0.9811       688
   macro avg     0.9841    0.9184    0.9445       688
weighted avg     0.9813    0.9811    0.9810       688

Validation Loss: 0.06947378441691399
              precision    recall  f1-score   support

           0     0.9849    0.9962    0.9905       262
           1     0.9503    0.9745    0.9623       157
           2     0.9753    0.9461    0.9605       167
           3     1.0000    0.6667    0.8000         3
           4     0.9796    0.9697    0.9746        99

    accuracy                         0.9738       688
   macro avg     0.9780    0.9106    0.9376       688
weighted avg     0.9740    0.9738    0.9737       688

Validation Loss: 0.07744742464274168
              precision    recall  f1-score   support

           0     1.0000    0.9924    0.9962       262
           1     0.9458    1.0000    0.9721       157
           2     0.9815    0.9521    0.9666       167
           3     1.0000    0.6667    0.8000         3
           4     0.9796    0.9697    0.9746        99

    accuracy                         0.9797       688
   macro avg     0.9814    0.9162    0.9419       688
weighted avg     0.9802    0.9797    0.9795       688

Validation Loss: 0.07519968412816525
              precision    recall  f1-score   support

           0     0.9848    0.9924    0.9886       262
           1     0.9444    0.9745    0.9592       157
           2     0.9875    0.9461    0.9664       167
           3     1.0000    0.6667    0.8000         3
           4     0.9700    0.9798    0.9749        99

    accuracy                         0.9738       688
   macro avg     0.9774    0.9119    0.9378       688
weighted avg     0.9742    0.9738    0.9737       688

Validation Loss: 0.0760591272264719
              precision    recall  f1-score   support

           0     0.9774    0.9924    0.9848       262
           1     0.9557    0.9618    0.9587       157
           2     0.9758    0.9641    0.9699       167
           3     1.0000    0.6667    0.8000         3
           4     0.9897    0.9697    0.9796        99

    accuracy                         0.9738       688
   macro avg     0.9797    0.9109    0.9386       688
weighted avg     0.9739    0.9738    0.9737       688

Validation Loss: 0.06892552878707647
              precision    recall  f1-score   support

           0     0.9962    0.9924    0.9943       262
           1     0.9401    1.0000    0.9691       157
           2     0.9874    0.9401    0.9632       167
           3     1.0000    0.6667    0.8000         3
           4     0.9798    0.9798    0.9798        99

    accuracy                         0.9782       688
   macro avg     0.9807    0.9158    0.9413       688
weighted avg     0.9789    0.9782    0.9781       688

Validation Loss: 0.06430937070399523
              precision    recall  f1-score   support

           0     0.9962    0.9885    0.9923       262
           1     0.9515    1.0000    0.9752       157
           2     0.9877    0.9581    0.9726       167
           3     1.0000    0.6667    0.8000         3
           4     0.9798    0.9798    0.9798        99

    accuracy                         0.9811       688
   macro avg     0.9830    0.9186    0.9440       688
weighted avg     0.9816    0.9811    0.9810       688

Validation Loss: 0.061072938144207
              precision    recall  f1-score   support

           0     0.9885    0.9885    0.9885       262
           1     0.9686    0.9809    0.9747       157
           2     0.9820    0.9820    0.9820       167
           3     1.0000    0.6667    0.8000         3
           4     0.9898    0.9798    0.9848        99

    accuracy                         0.9826       688
   macro avg     0.9858    0.9196    0.9460       688
weighted avg     0.9826    0.9826    0.9824       688

Validation Loss: 0.06533077452331781
              precision    recall  f1-score   support

           0     0.9962    0.9885    0.9923       262
           1     0.9515    1.0000    0.9752       157
           2     0.9876    0.9521    0.9695       167
           3     1.0000    0.6667    0.8000         3
           4     0.9700    0.9798    0.9749        99

    accuracy                         0.9797       688
   macro avg     0.9810    0.9174    0.9424       688
weighted avg     0.9801    0.9797    0.9795       688

Validation Loss: 0.07771568093448877
              precision    recall  f1-score   support

           0     0.9810    0.9847    0.9829       262
           1     0.9329    0.9745    0.9533       157
           2     0.9875    0.9461    0.9664       167
           3     1.0000    0.6667    0.8000         3
           4     0.9798    0.9798    0.9798        99

    accuracy                         0.9709       688
   macro avg     0.9762    0.9104    0.9365       688
weighted avg     0.9715    0.9709    0.9709       688

Validation Loss: 0.0620957063511014
              precision    recall  f1-score   support

           0     1.0000    0.9885    0.9942       262
           1     0.9573    1.0000    0.9782       157
           2     0.9818    0.9701    0.9759       167
           3     1.0000    0.6667    0.8000         3
           4     0.9796    0.9697    0.9746        99

    accuracy                         0.9826       688
   macro avg     0.9837    0.9190    0.9446       688
weighted avg     0.9829    0.9826    0.9825       688

Validation Loss: 0.06728717684745789
              precision    recall  f1-score   support

           0     0.9961    0.9695    0.9826       262
           1     0.9345    1.0000    0.9662       157
           2     0.9878    0.9701    0.9789       167
           3     1.0000    0.6667    0.8000         3
           4     0.9798    0.9798    0.9798        99

    accuracy                         0.9767       688
   macro avg     0.9796    0.9172    0.9415       688
weighted avg     0.9777    0.9767    0.9767       688

Validation Loss: 0.07189276721328497
              precision    recall  f1-score   support

           0     0.9848    0.9924    0.9886       262
           1     0.9444    0.9745    0.9592       157
           2     0.9876    0.9521    0.9695       167
           3     1.0000    0.6667    0.8000         3
           4     0.9798    0.9798    0.9798        99

    accuracy                         0.9753       688
   macro avg     0.9793    0.9131    0.9394       688
weighted avg     0.9756    0.9753    0.9752       688

Validation Loss: 0.07260266877710819
              precision    recall  f1-score   support

           0     0.9924    0.9924    0.9924       262
           1     0.9448    0.9809    0.9625       157
           2     0.9815    0.9521    0.9666       167
           3     1.0000    0.6667    0.8000         3
           4     0.9798    0.9798    0.9798        99

    accuracy                         0.9767       688
   macro avg     0.9797    0.9144    0.9402       688
weighted avg     0.9771    0.9767    0.9766       688

Validation Loss: 0.07653564028441906
              precision    recall  f1-score   support

           0     0.9886    0.9924    0.9905       262
           1     0.9226    0.9873    0.9538       157
           2     0.9872    0.9222    0.9536       167
           3     1.0000    0.6667    0.8000         3
           4     0.9798    0.9798    0.9798        99

    accuracy                         0.9709       688
   macro avg     0.9756    0.9096    0.9355       688
weighted avg     0.9720    0.9709    0.9708       688

Validation Loss: 0.08470300398766994
              precision    recall  f1-score   support

           0     0.9739    0.9962    0.9849       262
           1     0.9497    0.9618    0.9557       157
           2     0.9872    0.9222    0.9536       167
           3     1.0000    0.6667    0.8000         3
           4     0.9417    0.9798    0.9604        99

    accuracy                         0.9666       688
   macro avg     0.9705    0.9053    0.9309       688
weighted avg     0.9671    0.9666    0.9663       688

Validation Loss: 0.07079246826469898
              precision    recall  f1-score   support

           0     0.9923    0.9885    0.9904       262
           1     0.9568    0.9873    0.9718       157
           2     0.9760    0.9760    0.9760       167
           3     1.0000    0.6667    0.8000         3
           4     0.9896    0.9596    0.9744        99

    accuracy                         0.9797       688
   macro avg     0.9830    0.9156    0.9425       688
weighted avg     0.9799    0.9797    0.9795       688

Validation Loss: 0.06230952963232994
              precision    recall  f1-score   support

           0     0.9962    0.9924    0.9943       262
           1     0.9627    0.9873    0.9748       157
           2     0.9702    0.9760    0.9731       167
           3     1.0000    0.6667    0.8000         3
           4     0.9896    0.9596    0.9744        99

    accuracy                         0.9811       688
   macro avg     0.9837    0.9164    0.9433       688
weighted avg     0.9813    0.9811    0.9810       688

Validation Loss: 0.06451583746820688
              precision    recall  f1-score   support

           0     0.9849    0.9962    0.9905       262
           1     0.9745    0.9745    0.9745       157
           2     0.9877    0.9581    0.9726       167
           3     1.0000    0.6667    0.8000         3
           4     0.9510    0.9798    0.9652        99

    accuracy                         0.9782       688
   macro avg     0.9796    0.9151    0.9406       688
weighted avg     0.9784    0.9782    0.9780       688

Validation Loss: 0.0628138817846775
              precision    recall  f1-score   support

           0     0.9962    0.9885    0.9923       262
           1     0.9632    1.0000    0.9812       157
           2     0.9879    0.9760    0.9819       167
           3     1.0000    0.6667    0.8000         3
           4     0.9898    0.9798    0.9848        99

    accuracy                         0.9855       688
   macro avg     0.9874    0.9222    0.9481       688
weighted avg     0.9857    0.9855    0.9854       688

Validation Loss: 0.06610580906271935
              precision    recall  f1-score   support

           0     0.9962    0.9924    0.9943       262
           1     0.9512    0.9936    0.9720       157
           2     0.9816    0.9581    0.9697       167
           3     1.0000    0.6667    0.8000         3
           4     0.9796    0.9697    0.9746        99

    accuracy                         0.9797       688
   macro avg     0.9817    0.9161    0.9421       688
weighted avg     0.9800    0.9797    0.9795       688

Validation Loss: 0.08145986963063478
              precision    recall  f1-score   support

           0     1.0000    0.9656    0.9825       262
           1     0.9075    1.0000    0.9515       157
           2     0.9875    0.9461    0.9664       167
           3     1.0000    0.6667    0.8000         3
           4     0.9700    0.9798    0.9749        99

    accuracy                         0.9695       688
   macro avg     0.9730    0.9116    0.9351       688
weighted avg     0.9715    0.9695    0.9696       688

Validation Loss: 0.06882867030799389
              precision    recall  f1-score   support

           0     1.0000    0.9885    0.9942       262
           1     0.9455    0.9936    0.9689       157
           2     0.9756    0.9581    0.9668       167
           3     1.0000    0.6667    0.8000         3
           4     0.9796    0.9697    0.9746        99

    accuracy                         0.9782       688
   macro avg     0.9801    0.9153    0.9409       688
weighted avg     0.9787    0.9782    0.9781       688

Validation Loss: 0.06049382779747248
              precision    recall  f1-score   support

           0     0.9962    0.9924    0.9943       262
           1     0.9691    1.0000    0.9843       157
           2     0.9877    0.9641    0.9758       167
           3     1.0000    0.6667    0.8000         3
           4     0.9700    0.9798    0.9749        99

    accuracy                         0.9840       688
   macro avg     0.9846    0.9206    0.9458       688
weighted avg     0.9842    0.9840    0.9839       688

Validation Loss: 0.06817505601793528
              precision    recall  f1-score   support

           0     0.9924    0.9962    0.9943       262
           1     0.9509    0.9873    0.9688       157
           2     0.9876    0.9521    0.9695       167
           3     1.0000    0.6667    0.8000         3
           4     0.9798    0.9798    0.9798        99

    accuracy                         0.9797       688
   macro avg     0.9821    0.9164    0.9425       688
weighted avg     0.9800    0.9797    0.9795       688

Validation Loss: 0.07514454890042543
              precision    recall  f1-score   support

           0     1.0000    0.9924    0.9962       262
           1     0.9458    1.0000    0.9721       157
           2     0.9697    0.9581    0.9639       167
           3     1.0000    0.6667    0.8000         3
           4     0.9895    0.9495    0.9691        99

    accuracy                         0.9782       688
   macro avg     0.9810    0.9133    0.9402       688
weighted avg     0.9788    0.9782    0.9781       688

Validation Loss: 0.07869894057512283
              precision    recall  f1-score   support

           0     1.0000    0.9809    0.9904       262
           1     0.9235    1.0000    0.9602       157
           2     0.9873    0.9341    0.9600       167
           3     1.0000    0.6667    0.8000         3
           4     0.9604    0.9798    0.9700        99

    accuracy                         0.9724       688
   macro avg     0.9743    0.9123    0.9361       688
weighted avg     0.9738    0.9724    0.9724       688

Validation Loss: 0.07254025153815746
              precision    recall  f1-score   support

           0     0.9849    0.9962    0.9905       262
           1     0.9503    0.9745    0.9623       157
           2     0.9815    0.9521    0.9666       167
           3     1.0000    0.6667    0.8000         3
           4     0.9796    0.9697    0.9746        99

    accuracy                         0.9753       688
   macro avg     0.9793    0.9118    0.9388       688
weighted avg     0.9755    0.9753    0.9751       688

Validation Loss: 0.06256535742431879
              precision    recall  f1-score   support

           0     0.9849    0.9962    0.9905       262
           1     0.9745    0.9745    0.9745       157
           2     0.9879    0.9760    0.9819       167
           3     1.0000    0.6667    0.8000         3
           4     0.9798    0.9798    0.9798        99

    accuracy                         0.9826       688
   macro avg     0.9854    0.9186    0.9454       688
weighted avg     0.9826    0.9826    0.9824       688

Validation Loss: 0.06138184480369091
              precision    recall  f1-score   support

           0     1.0000    0.9885    0.9942       262
           1     0.9573    1.0000    0.9782       157
           2     0.9878    0.9701    0.9789       167
           3     1.0000    0.6667    0.8000         3
           4     0.9798    0.9798    0.9798        99

    accuracy                         0.9840       688
   macro avg     0.9850    0.9210    0.9462       688
weighted avg     0.9844    0.9840    0.9839       688

Validation Loss: 0.0667163822799921
              precision    recall  f1-score   support

           0     0.9962    0.9885    0.9923       262
           1     0.9512    0.9936    0.9720       157
           2     0.9756    0.9581    0.9668       167
           3     1.0000    0.6667    0.8000         3
           4     0.9796    0.9697    0.9746        99

    accuracy                         0.9782       688
   macro avg     0.9805    0.9153    0.9411       688
weighted avg     0.9785    0.9782    0.9781       688

Validation Loss: 0.06504062470048666
              precision    recall  f1-score   support

           0     0.9811    0.9924    0.9867       262
           1     0.9563    0.9745    0.9653       157
           2     0.9876    0.9521    0.9695       167
           3     1.0000    0.6667    0.8000         3
           4     0.9700    0.9798    0.9749        99

    accuracy                         0.9753       688
   macro avg     0.9790    0.9131    0.9393       688
weighted avg     0.9755    0.9753    0.9751       688

Validation Loss: 0.06705853994935751
              precision    recall  f1-score   support

           0     0.9961    0.9809    0.9885       262
           1     0.9401    1.0000    0.9691       157
           2     0.9877    0.9581    0.9726       167
           3     1.0000    0.6667    0.8000         3
           4     0.9798    0.9798    0.9798        99

    accuracy                         0.9782       688
   macro avg     0.9807    0.9171    0.9420       688
weighted avg     0.9790    0.9782    0.9781       688

Validation Loss: 0.07343177031725645
              precision    recall  f1-score   support

           0     0.9811    0.9924    0.9867       262
           1     0.9387    0.9745    0.9563       157
           2     0.9814    0.9461    0.9634       167
           3     1.0000    0.6667    0.8000         3
           4     0.9897    0.9697    0.9796        99

    accuracy                         0.9724       688
   macro avg     0.9782    0.9099    0.9372       688
weighted avg     0.9728    0.9724    0.9723       688

Validation Loss: 0.06990495789796114
              precision    recall  f1-score   support

           0     0.9923    0.9885    0.9904       262
           1     0.9451    0.9873    0.9657       157
           2     0.9877    0.9581    0.9726       167
           3     1.0000    0.6667    0.8000         3
           4     0.9798    0.9798    0.9798        99

    accuracy                         0.9782       688
   macro avg     0.9810    0.9161    0.9417       688
weighted avg     0.9787    0.9782    0.9781       688

Validation Loss: 0.06760783400386572
              precision    recall  f1-score   support

           0     1.0000    0.9885    0.9942       262
           1     0.9458    1.0000    0.9721       157
           2     0.9875    0.9461    0.9664       167
           3     1.0000    0.6667    0.8000         3
           4     0.9604    0.9798    0.9700        99

    accuracy                         0.9782       688
   macro avg     0.9787    0.9162    0.9405       688
weighted avg     0.9789    0.9782    0.9781       688

Validation Loss: 0.069839246571064
              precision    recall  f1-score   support

           0     0.9848    0.9885    0.9867       262
           1     0.9387    0.9745    0.9563       157
           2     0.9814    0.9461    0.9634       167
           3     1.0000    0.6667    0.8000         3
           4     0.9798    0.9798    0.9798        99

    accuracy                         0.9724       688
   macro avg     0.9769    0.9111    0.9372       688
weighted avg     0.9728    0.9724    0.9723       688

Validation Loss: 0.05728985462337732
              precision    recall  f1-score   support

           0     0.9885    0.9885    0.9885       262
           1     0.9568    0.9873    0.9718       157
           2     0.9877    0.9641    0.9758       167
           3     1.0000    0.6667    0.8000         3
           4     0.9798    0.9798    0.9798        99

    accuracy                         0.9797       688
   macro avg     0.9826    0.9173    0.9432       688
weighted avg     0.9799    0.9797    0.9795       688

Validation Loss: 0.05698464345186949
              precision    recall  f1-score   support

           0     0.9924    0.9924    0.9924       262
           1     0.9688    0.9873    0.9779       157
           2     0.9877    0.9641    0.9758       167
           3     1.0000    0.6667    0.8000         3
           4     0.9604    0.9798    0.9700        99

    accuracy                         0.9811       688
   macro avg     0.9818    0.9180    0.9432       688
weighted avg     0.9813    0.9811    0.9810       688

Validation Loss: 0.05786914378404617
              precision    recall  f1-score   support

           0     1.0000    0.9733    0.9865       262
           1     0.9458    1.0000    0.9721       157
           2     0.9880    0.9820    0.9850       167
           3     1.0000    0.6667    0.8000         3
           4     0.9798    0.9798    0.9798        99

    accuracy                         0.9811       688
   macro avg     0.9827    0.9204    0.9447       688
weighted avg     0.9818    0.9811    0.9811       688

Validation Loss: 0.06340020801872015
              precision    recall  f1-score   support

           0     0.9812    0.9962    0.9886       262
           1     0.9503    0.9745    0.9623       157
           2     0.9753    0.9461    0.9605       167
           3     1.0000    0.6667    0.8000         3
           4     0.9794    0.9596    0.9694        99

    accuracy                         0.9724       688
   macro avg     0.9772    0.9086    0.9362       688
weighted avg     0.9725    0.9724    0.9722       688

Validation Loss: 0.060312178917229176
              precision    recall  f1-score   support

           0     0.9962    0.9885    0.9923       262
           1     0.9689    0.9936    0.9811       157
           2     0.9818    0.9701    0.9759       167
           3     1.0000    0.6667    0.8000         3
           4     0.9700    0.9798    0.9749        99

    accuracy                         0.9826       688
   macro avg     0.9834    0.9197    0.9448       688
weighted avg     0.9827    0.9826    0.9824       688

Validation Loss: 0.06803413480520248
              precision    recall  f1-score   support

           0     0.9962    0.9924    0.9943       262
           1     0.9515    1.0000    0.9752       157
           2     0.9639    0.9581    0.9610       167
           3     1.0000    0.6667    0.8000         3
           4     0.9894    0.9394    0.9637        99

    accuracy                         0.9767       688
   macro avg     0.9802    0.9113    0.9388       688
weighted avg     0.9772    0.9767    0.9766       688

Validation Loss: 0.06945706158876419
              precision    recall  f1-score   support

           0     0.9886    0.9962    0.9924       262
           1     0.9568    0.9873    0.9718       157
           2     0.9875    0.9461    0.9664       167
           3     1.0000    0.6667    0.8000         3
           4     0.9700    0.9798    0.9749        99

    accuracy                         0.9782       688
   macro avg     0.9806    0.9152    0.9411       688
weighted avg     0.9785    0.9782    0.9780       688

Validation Loss: 0.06641804426908493
              precision    recall  f1-score   support

           0     0.9924    0.9962    0.9943       262
           1     0.9568    0.9873    0.9718       157
           2     0.9876    0.9521    0.9695       167
           3     1.0000    0.6667    0.8000         3
           4     0.9700    0.9798    0.9749        99

    accuracy                         0.9797       688
   macro avg     0.9814    0.9164    0.9421       688
weighted avg     0.9799    0.9797    0.9795       688

Validation Loss: 0.08716508559882641
              precision    recall  f1-score   support

           0     1.0000    0.9542    0.9766       262
           1     0.8966    0.9936    0.9426       157
           2     0.9641    0.9641    0.9641       167
           3     1.0000    0.6667    0.8000         3
           4     0.9895    0.9495    0.9691        99

    accuracy                         0.9637       688
   macro avg     0.9700    0.9056    0.9305       688
weighted avg     0.9662    0.9637    0.9639       688

Validation Loss: 0.06403337512165308
              precision    recall  f1-score   support

           0     0.9962    0.9924    0.9943       262
           1     0.9573    1.0000    0.9782       157
           2     0.9875    0.9461    0.9664       167
           3     1.0000    0.6667    0.8000         3
           4     0.9604    0.9798    0.9700        99

    accuracy                         0.9797       688
   macro avg     0.9803    0.9170    0.9418       688
weighted avg     0.9801    0.9797    0.9795       688

Validation Loss: 0.07614153809845448
              precision    recall  f1-score   support

           0     0.9594    0.9924    0.9756       262
           1     0.9608    0.9363    0.9484       157
           2     0.9877    0.9641    0.9758       167
           3     1.0000    0.6667    0.8000         3
           4     0.9798    0.9798    0.9798        99

    accuracy                         0.9695       688
   macro avg     0.9775    0.9078    0.9359       688
weighted avg     0.9697    0.9695    0.9693       688

Validation Loss: 0.06813819520175457
              precision    recall  f1-score   support

           0     0.9849    0.9962    0.9905       262
           1     0.9744    0.9682    0.9712       157
           2     0.9647    0.9820    0.9733       167
           3     1.0000    0.6667    0.8000         3
           4     0.9895    0.9495    0.9691        99

    accuracy                         0.9782       688
   macro avg     0.9827    0.9125    0.9408       688
weighted avg     0.9783    0.9782    0.9780       688

Validation Loss: 0.06825852859765291
              precision    recall  f1-score   support

           0     0.9924    0.9962    0.9943       262
           1     0.9688    0.9873    0.9779       157
           2     0.9817    0.9641    0.9728       167
           3     1.0000    0.6667    0.8000         3
           4     0.9697    0.9697    0.9697        99

    accuracy                         0.9811       688
   macro avg     0.9825    0.9168    0.9429       688
weighted avg     0.9812    0.9811    0.9810       688

Validation Loss: 0.06631271447986364
              precision    recall  f1-score   support

           0     0.9923    0.9885    0.9904       262
           1     0.9568    0.9873    0.9718       157
           2     0.9878    0.9701    0.9789       167
           3     1.0000    0.6667    0.8000         3
           4     0.9798    0.9798    0.9798        99

    accuracy                         0.9811       688
   macro avg     0.9833    0.9185    0.9442       688
weighted avg     0.9814    0.9811    0.9810       688

Validation Loss: 0.07058749627321959
              precision    recall  f1-score   support

           0     1.0000    0.9924    0.9962       262
           1     0.9345    1.0000    0.9662       157
           2     0.9812    0.9401    0.9602       167
           3     1.0000    0.6667    0.8000         3
           4     0.9796    0.9697    0.9746        99

    accuracy                         0.9767       688
   macro avg     0.9791    0.9138    0.9394       688
weighted avg     0.9776    0.9767    0.9766       688

Validation Loss: 0.07215059548616409
              precision    recall  f1-score   support

           0     0.9924    0.9924    0.9924       262
           1     0.9451    0.9873    0.9657       157
           2     0.9876    0.9521    0.9695       167
           3     1.0000    0.6667    0.8000         3
           4     0.9798    0.9798    0.9798        99

    accuracy                         0.9782       688
   macro avg     0.9810    0.9156    0.9415       688
weighted avg     0.9786    0.9782    0.9781       688

Validation Loss: 0.07066467870026827
              precision    recall  f1-score   support

           0     1.0000    0.9885    0.9942       262
           1     0.9573    1.0000    0.9782       157
           2     0.9876    0.9521    0.9695       167
           3     1.0000    0.6667    0.8000         3
           4     0.9510    0.9798    0.9652        99

    accuracy                         0.9797       688
   macro avg     0.9792    0.9174    0.9414       688
weighted avg     0.9802    0.9797    0.9795       688

Validation Loss: 0.07253110222518444
              precision    recall  f1-score   support

           0     0.9923    0.9885    0.9904       262
           1     0.9568    0.9873    0.9718       157
           2     0.9818    0.9701    0.9759       167
           3     1.0000    0.6667    0.8000         3
           4     0.9796    0.9697    0.9746        99

    accuracy                         0.9797       688
   macro avg     0.9821    0.9164    0.9425       688
weighted avg     0.9799    0.9797    0.9795       688

Validation Loss: 0.06735854502767324
              precision    recall  f1-score   support

           0     1.0000    0.9924    0.9962       262
           1     0.9573    1.0000    0.9782       157
           2     0.9877    0.9641    0.9758       167
           3     1.0000    0.6667    0.8000         3
           4     0.9798    0.9798    0.9798        99

    accuracy                         0.9840       688
   macro avg     0.9850    0.9206    0.9460       688
weighted avg     0.9844    0.9840    0.9839       688

Validation Loss: 0.06559028849005699
              precision    recall  f1-score   support

           0     1.0000    0.9885    0.9942       262
           1     0.9689    0.9936    0.9811       157
           2     0.9820    0.9820    0.9820       167
           3     1.0000    0.6667    0.8000         3
           4     0.9798    0.9798    0.9798        99

    accuracy                         0.9855       688
   macro avg     0.9862    0.9221    0.9474       688
weighted avg     0.9856    0.9855    0.9854       688

Validation Loss: 0.0573275126516819
              precision    recall  f1-score   support

           0     1.0000    0.9924    0.9962       262
           1     0.9630    0.9936    0.9781       157
           2     0.9818    0.9701    0.9759       167
           3     1.0000    0.6667    0.8000         3
           4     0.9798    0.9798    0.9798        99

    accuracy                         0.9840       688
   macro avg     0.9849    0.9205    0.9460       688
weighted avg     0.9842    0.9840    0.9839       688

Validation Loss: 0.058947427198290825
              precision    recall  f1-score   support

           0     0.9886    0.9962    0.9924       262
           1     0.9686    0.9809    0.9747       157
           2     0.9817    0.9641    0.9728       167
           3     1.0000    0.6667    0.8000         3
           4     0.9798    0.9798    0.9798        99

    accuracy                         0.9811       688
   macro avg     0.9837    0.9175    0.9439       688
weighted avg     0.9811    0.9811    0.9809       688

Validation Loss: 0.06329991295933723
              precision    recall  f1-score   support

           0     0.9924    0.9962    0.9943       262
           1     0.9565    0.9809    0.9686       157
           2     0.9815    0.9521    0.9666       167
           3     1.0000    0.6667    0.8000         3
           4     0.9700    0.9798    0.9749        99

    accuracy                         0.9782       688
   macro avg     0.9801    0.9151    0.9409       688
weighted avg     0.9784    0.9782    0.9780       688

Validation Loss: 0.07314636278897524
              precision    recall  f1-score   support

           0     0.9631    0.9962    0.9794       262
           1     0.9610    0.9427    0.9518       157
           2     0.9876    0.9521    0.9695       167
           3     1.0000    0.6667    0.8000         3
           4     0.9700    0.9798    0.9749        99

    accuracy                         0.9695       688
   macro avg     0.9763    0.9075    0.9351       688
weighted avg     0.9697    0.9695    0.9692       688

Validation Loss: 0.07322240993380547
              precision    recall  f1-score   support

           0     0.9739    0.9962    0.9849       262
           1     0.9740    0.9554    0.9646       157
           2     0.9647    0.9820    0.9733       167
           3     1.0000    0.6667    0.8000         3
           4     0.9894    0.9394    0.9637        99

    accuracy                         0.9738       688
   macro avg     0.9804    0.9079    0.9373       688
weighted avg     0.9740    0.9738    0.9736       688

Validation Loss: 0.05903901159763336
              precision    recall  f1-score   support

           0     0.9848    0.9924    0.9886       262
           1     0.9745    0.9745    0.9745       157
           2     0.9879    0.9760    0.9819       167
           3     1.0000    0.6667    0.8000         3
           4     0.9700    0.9798    0.9749        99

    accuracy                         0.9811       688
   macro avg     0.9834    0.9179    0.9440       688
weighted avg     0.9812    0.9811    0.9810       688

Validation Loss: 0.06985622923821211
              precision    recall  f1-score   support

           0     0.9811    0.9924    0.9867       262
           1     0.9503    0.9745    0.9623       157
           2     0.9874    0.9401    0.9632       167
           3     1.0000    0.6667    0.8000         3
           4     0.9604    0.9798    0.9700        99

    accuracy                         0.9724       688
   macro avg     0.9759    0.9107    0.9364       688
weighted avg     0.9727    0.9724    0.9722       688

Validation Loss: 0.07988763228058815
              precision    recall  f1-score   support

           0     1.0000    0.9847    0.9923       262
           1     0.9345    1.0000    0.9662       157
           2     0.9697    0.9581    0.9639       167
           3     1.0000    0.6667    0.8000         3
           4     0.9895    0.9495    0.9691        99

    accuracy                         0.9753       688
   macro avg     0.9787    0.9118    0.9383       688
weighted avg     0.9762    0.9753    0.9753       688

Validation Loss: 0.06493800226598978
              precision    recall  f1-score   support

           0     0.9962    0.9924    0.9943       262
           1     0.9515    1.0000    0.9752       157
           2     0.9876    0.9521    0.9695       167
           3     1.0000    0.6667    0.8000         3
           4     0.9798    0.9798    0.9798        99

    accuracy                         0.9811       688
   macro avg     0.9830    0.9182    0.9437       688
weighted avg     0.9816    0.9811    0.9810       688

Validation Loss: 0.06589166447520256
              precision    recall  f1-score   support

           0     1.0000    0.9924    0.9962       262
           1     0.9515    1.0000    0.9752       157
           2     0.9877    0.9581    0.9726       167
           3     1.0000    0.6667    0.8000         3
           4     0.9798    0.9798    0.9798        99

    accuracy                         0.9826       688
   macro avg     0.9838    0.9194    0.9448       688
weighted avg     0.9830    0.9826    0.9825       688

Validation Loss: 0.06650236621499062
              precision    recall  f1-score   support

           0     0.9885    0.9847    0.9866       262
           1     0.9625    0.9809    0.9716       157
           2     0.9817    0.9641    0.9728       167
           3     1.0000    0.6667    0.8000         3
           4     0.9604    0.9798    0.9700        99

    accuracy                         0.9767       688
   macro avg     0.9786    0.9152    0.9402       688
weighted avg     0.9769    0.9767    0.9766       688

Validation Loss: 0.07183473091572523
              precision    recall  f1-score   support

           0     0.9962    0.9885    0.9923       262
           1     0.9401    1.0000    0.9691       157
           2     0.9815    0.9521    0.9666       167
           3     1.0000    0.6667    0.8000         3
           4     0.9897    0.9697    0.9796        99

    accuracy                         0.9782       688
   macro avg     0.9815    0.9154    0.9415       688
weighted avg     0.9789    0.9782    0.9781       688

Validation Loss: 0.06429032981395721
              precision    recall  f1-score   support

           0     1.0000    0.9924    0.9962       262
           1     0.9515    1.0000    0.9752       157
           2     0.9876    0.9521    0.9695       167
           3     1.0000    0.6667    0.8000         3
           4     0.9700    0.9798    0.9749        99

    accuracy                         0.9811       688
   macro avg     0.9818    0.9182    0.9431       688
weighted avg     0.9816    0.9811    0.9810       688

Validation Loss: 0.06149903126060963
              precision    recall  f1-score   support

           0     1.0000    0.9771    0.9884       262
           1     0.9515    1.0000    0.9752       157
           2     0.9880    0.9820    0.9850       167
           3     1.0000    0.6667    0.8000         3
           4     0.9798    0.9798    0.9798        99

    accuracy                         0.9826       688
   macro avg     0.9839    0.9211    0.9457       688
weighted avg     0.9831    0.9826    0.9825       688

Validation Loss: 0.06826918572187424
              precision    recall  f1-score   support

           0     0.9848    0.9924    0.9886       262
           1     0.9503    0.9745    0.9623       157
           2     0.9877    0.9581    0.9726       167
           3     1.0000    0.6667    0.8000         3
           4     0.9798    0.9798    0.9798        99

    accuracy                         0.9767       688
   macro avg     0.9805    0.9143    0.9407       688
weighted avg     0.9770    0.9767    0.9766       688

Validation Loss: 0.06749730091542006
              precision    recall  f1-score   support

           0     0.9923    0.9847    0.9885       262
           1     0.9455    0.9936    0.9689       157
           2     0.9876    0.9521    0.9695       167
           3     1.0000    0.6667    0.8000         3
           4     0.9700    0.9798    0.9749        99

    accuracy                         0.9767       688
   macro avg     0.9791    0.9154    0.9404       688
weighted avg     0.9773    0.9767    0.9766       688

Validation Loss: 0.05712537840008736
              precision    recall  f1-score   support

           0     0.9886    0.9924    0.9905       262
           1     0.9627    0.9873    0.9748       157
           2     0.9877    0.9641    0.9758       167
           3     1.0000    0.6667    0.8000         3
           4     0.9798    0.9798    0.9798        99

    accuracy                         0.9811       688
   macro avg     0.9838    0.9180    0.9442       688
weighted avg     0.9813    0.9811    0.9810       688

Validation Loss: 0.06439519114792347
              precision    recall  f1-score   support

           0     1.0000    0.9695    0.9845       262
           1     0.9235    1.0000    0.9602       157
           2     0.9877    0.9641    0.9758       167
           3     1.0000    0.6667    0.8000         3
           4     0.9798    0.9798    0.9798        99

    accuracy                         0.9753       688
   macro avg     0.9782    0.9160    0.9401       688
weighted avg     0.9767    0.9753    0.9754       688

Validation Loss: 0.06115873157978058
              precision    recall  f1-score   support

           0     1.0000    0.9885    0.9942       262
           1     0.9515    1.0000    0.9752       157
           2     0.9817    0.9641    0.9728       167
           3     1.0000    0.6667    0.8000         3
           4     0.9796    0.9697    0.9746        99

    accuracy                         0.9811       688
   macro avg     0.9826    0.9178    0.9434       688
weighted avg     0.9816    0.9811    0.9810       688

Validation Loss: 0.07038082927465439
              precision    recall  f1-score   support

           0     0.9924    0.9962    0.9943       262
           1     0.9509    0.9873    0.9688       157
           2     0.9873    0.9281    0.9568       167
           3     1.0000    0.6667    0.8000         3
           4     0.9417    0.9798    0.9604        99

    accuracy                         0.9738       688
   macro avg     0.9745    0.9116    0.9360       688
weighted avg     0.9744    0.9738    0.9736       688

Validation Loss: 0.07358113396912813
              precision    recall  f1-score   support

           0     1.0000    0.9695    0.9845       262
           1     0.9181    1.0000    0.9573       157
           2     0.9877    0.9641    0.9758       167
           3     1.0000    0.6667    0.8000         3
           4     0.9898    0.9798    0.9848        99

    accuracy                         0.9753       688
   macro avg     0.9791    0.9160    0.9405       688
weighted avg     0.9769    0.9753    0.9754       688

Validation Loss: 0.06347011215984821
              precision    recall  f1-score   support

           0     0.9923    0.9885    0.9904       262
           1     0.9506    0.9809    0.9655       157
           2     0.9816    0.9581    0.9697       167
           3     1.0000    0.6667    0.8000         3
           4     0.9700    0.9798    0.9749        99

    accuracy                         0.9767       688
   macro avg     0.9789    0.9148    0.9401       688
weighted avg     0.9770    0.9767    0.9766       688

Validation Loss: 0.06042321305721998
              precision    recall  f1-score   support

           0     1.0000    0.9847    0.9923       262
           1     0.9455    0.9936    0.9689       157
           2     0.9817    0.9641    0.9728       167
           3     1.0000    0.6667    0.8000         3
           4     0.9798    0.9798    0.9798        99

    accuracy                         0.9797       688
   macro avg     0.9814    0.9178    0.9428       688
weighted avg     0.9802    0.9797    0.9796       688

Validation Loss: 0.06430743169039488
              precision    recall  f1-score   support

           0     0.9924    0.9924    0.9924       262
           1     0.9451    0.9873    0.9657       157
           2     0.9815    0.9521    0.9666       167
           3     1.0000    0.6667    0.8000         3
           4     0.9796    0.9697    0.9746        99

    accuracy                         0.9767       688
   macro avg     0.9797    0.9136    0.9399       688
weighted avg     0.9771    0.9767    0.9766       688

Validation Loss: 0.06448303256183863
              precision    recall  f1-score   support

           0     0.9924    0.9924    0.9924       262
           1     0.9568    0.9873    0.9718       157
           2     0.9877    0.9581    0.9726       167
           3     1.0000    0.6667    0.8000         3
           4     0.9700    0.9798    0.9749        99

    accuracy                         0.9797       688
   macro avg     0.9814    0.9168    0.9423       688
weighted avg     0.9799    0.9797    0.9795       688

Validation Loss: 0.0771516440436244
              precision    recall  f1-score   support

           0     1.0000    0.9580    0.9786       262
           1     0.9070    0.9936    0.9483       157
           2     0.9701    0.9701    0.9701       167
           3     1.0000    0.6667    0.8000         3
           4     0.9896    0.9596    0.9744        99

    accuracy                         0.9680       688
   macro avg     0.9733    0.9096    0.9343       688
weighted avg     0.9700    0.9680    0.9682       688

Validation Loss: 0.06070063915103674
              precision    recall  f1-score   support

           0     0.9924    0.9924    0.9924       262
           1     0.9509    0.9873    0.9688       157
           2     0.9877    0.9581    0.9726       167
           3     1.0000    0.6667    0.8000         3
           4     0.9798    0.9798    0.9798        99

    accuracy                         0.9797       688
   macro avg     0.9821    0.9168    0.9427       688
weighted avg     0.9800    0.9797    0.9795       688

Validation Loss: 0.06387324631214142
              precision    recall  f1-score   support

           0     1.0000    0.9924    0.9962       262
           1     0.9573    1.0000    0.9782       157
           2     0.9877    0.9581    0.9726       167
           3     1.0000    0.6667    0.8000         3
           4     0.9700    0.9798    0.9749        99

    accuracy                         0.9826       688
   macro avg     0.9830    0.9194    0.9444       688
weighted avg     0.9829    0.9826    0.9824       688

Validation Loss: 0.06226469296962023
              precision    recall  f1-score   support

           0     0.9886    0.9962    0.9924       262
           1     0.9747    0.9809    0.9778       157
           2     0.9879    0.9760    0.9819       167
           3     1.0000    0.6667    0.8000         3
           4     0.9798    0.9798    0.9798        99

    accuracy                         0.9840       688
   macro avg     0.9862    0.9199    0.9464       688
weighted avg     0.9840    0.9840    0.9839       688

Validation Loss: 0.05960609391331673
              precision    recall  f1-score   support

           0     1.0000    0.9924    0.9962       262
           1     0.9752    1.0000    0.9874       157
           2     0.9879    0.9760    0.9819       167
           3     1.0000    0.6667    0.8000         3
           4     0.9700    0.9798    0.9749        99

    accuracy                         0.9869       688
   macro avg     0.9866    0.9230    0.9481       688
weighted avg     0.9871    0.9869    0.9868       688

Validation Loss: 0.06078517623245716
              precision    recall  f1-score   support

           0     0.9962    0.9924    0.9943       262
           1     0.9515    1.0000    0.9752       157
           2     0.9815    0.9521    0.9666       167
           3     1.0000    0.6667    0.8000         3
           4     0.9796    0.9697    0.9746        99

    accuracy                         0.9797       688
   macro avg     0.9818    0.9162    0.9421       688
weighted avg     0.9800    0.9797    0.9795       688

Validation Loss: 0.070683722384274
              precision    recall  f1-score   support

           0     0.9812    0.9962    0.9886       262
           1     0.9563    0.9745    0.9653       157
           2     0.9873    0.9341    0.9600       167
           3     1.0000    0.6667    0.8000         3
           4     0.9510    0.9798    0.9652        99

    accuracy                         0.9724       688
   macro avg     0.9752    0.9103    0.9358       688
weighted avg     0.9727    0.9724    0.9722       688

Validation Loss: 0.06685012765228748
              precision    recall  f1-score   support

           0     1.0000    0.9885    0.9942       262
           1     0.9401    1.0000    0.9691       157
           2     0.9815    0.9521    0.9666       167
           3     1.0000    0.6667    0.8000         3
           4     0.9796    0.9697    0.9746        99

    accuracy                         0.9782       688
   macro avg     0.9802    0.9154    0.9409       688
weighted avg     0.9789    0.9782    0.9781       688

Validation Loss: 0.06353345233947039
              precision    recall  f1-score   support

           0     1.0000    0.9847    0.9923       262
           1     0.9401    1.0000    0.9691       157
           2     0.9876    0.9521    0.9695       167
           3     1.0000    0.6667    0.8000         3
           4     0.9700    0.9798    0.9749        99

    accuracy                         0.9782       688
   macro avg     0.9795    0.9167    0.9412       688
weighted avg     0.9790    0.9782    0.9781       688

Validation Loss: 0.06827868614345789
              precision    recall  f1-score   support

           0     0.9923    0.9885    0.9904       262
           1     0.9394    0.9873    0.9627       157
           2     0.9815    0.9521    0.9666       167
           3     1.0000    0.6667    0.8000         3
           4     0.9796    0.9697    0.9746        99

    accuracy                         0.9753       688
   macro avg     0.9786    0.9129    0.9389       688
weighted avg     0.9758    0.9753    0.9752       688

Validation Loss: 0.06265728082507849
              precision    recall  f1-score   support

           0     1.0000    0.9847    0.9923       262
           1     0.9515    1.0000    0.9752       157
           2     0.9878    0.9701    0.9789       167
           3     1.0000    0.6667    0.8000         3
           4     0.9798    0.9798    0.9798        99

    accuracy                         0.9826       688
   macro avg     0.9838    0.9203    0.9452       688
weighted avg     0.9831    0.9826    0.9825       688

Validation Loss: 0.06726475991308689
              precision    recall  f1-score   support

           0     0.9923    0.9885    0.9904       262
           1     0.9509    0.9873    0.9688       157
           2     0.9877    0.9641    0.9758       167
           3     1.0000    0.6667    0.8000         3
           4     0.9798    0.9798    0.9798        99

    accuracy                         0.9797       688
   macro avg     0.9822    0.9173    0.9429       688
weighted avg     0.9800    0.9797    0.9796       688

Validation Loss: 0.06612360663712025
              precision    recall  f1-score   support

           0     1.0000    0.9924    0.9962       262
           1     0.9573    1.0000    0.9782       157
           2     0.9877    0.9581    0.9726       167
           3     1.0000    0.6667    0.8000         3
           4     0.9700    0.9798    0.9749        99

    accuracy                         0.9826       688
   macro avg     0.9830    0.9194    0.9444       688
weighted avg     0.9829    0.9826    0.9824       688

Validation Loss: 0.0745996180921793
              precision    recall  f1-score   support

           0     0.9701    0.9924    0.9811       262
           1     0.9675    0.9490    0.9582       157
           2     0.9760    0.9760    0.9760       167
           3     1.0000    0.6667    0.8000         3
           4     0.9794    0.9596    0.9694        99

    accuracy                         0.9724       688
   macro avg     0.9786    0.9087    0.9370       688
weighted avg     0.9724    0.9724    0.9722       688

Validation Loss: 0.06324189063161612
              precision    recall  f1-score   support

           0     0.9924    0.9924    0.9924       262
           1     0.9747    0.9809    0.9778       157
           2     0.9762    0.9820    0.9791       167
           3     1.0000    0.6667    0.8000         3
           4     0.9796    0.9697    0.9746        99

    accuracy                         0.9826       688
   macro avg     0.9846    0.9183    0.9448       688
weighted avg     0.9826    0.9826    0.9824       688

Validation Loss: 0.06722080335021019
              precision    recall  f1-score   support

           0     0.9848    0.9885    0.9867       262
           1     0.9560    0.9682    0.9620       157
           2     0.9818    0.9701    0.9759       167
           3     1.0000    0.6667    0.8000         3
           4     0.9798    0.9798    0.9798        99

    accuracy                         0.9767       688
   macro avg     0.9805    0.9146    0.9409       688
weighted avg     0.9768    0.9767    0.9766       688

Validation Loss: 0.05966250319033861
              precision    recall  f1-score   support

           0     1.0000    0.9885    0.9942       262
           1     0.9630    0.9936    0.9781       157
           2     0.9762    0.9820    0.9791       167
           3     1.0000    0.6667    0.8000         3
           4     0.9897    0.9697    0.9796        99

    accuracy                         0.9840       688
   macro avg     0.9858    0.9201    0.9462       688
weighted avg     0.9843    0.9840    0.9839       688

Validation Loss: 0.059508985839784145
              precision    recall  f1-score   support

           0     1.0000    0.9962    0.9981       262
           1     0.9691    1.0000    0.9843       157
           2     0.9877    0.9641    0.9758       167
           3     1.0000    0.6667    0.8000         3
           4     0.9700    0.9798    0.9749        99

    accuracy                         0.9855       688
   macro avg     0.9854    0.9213    0.9466       688
weighted avg     0.9857    0.9855    0.9853       688

Validation Loss: 0.07055169995874166
              precision    recall  f1-score   support

           0     0.9811    0.9924    0.9867       262
           1     0.9563    0.9745    0.9653       157
           2     0.9876    0.9521    0.9695       167
           3     1.0000    0.6667    0.8000         3
           4     0.9700    0.9798    0.9749        99

    accuracy                         0.9753       688
   macro avg     0.9790    0.9131    0.9393       688
weighted avg     0.9755    0.9753    0.9751       688

Validation Loss: 0.06860210932791233
              precision    recall  f1-score   support

           0     1.0000    0.9885    0.9942       262
           1     0.9630    0.9936    0.9781       157
           2     0.9819    0.9760    0.9790       167
           3     1.0000    0.6667    0.8000         3
           4     0.9798    0.9798    0.9798        99

    accuracy                         0.9840       688
   macro avg     0.9849    0.9209    0.9462       688
weighted avg     0.9843    0.9840    0.9839       688

Validation Loss: 0.06670081336051226
              precision    recall  f1-score   support

           0     1.0000    0.9962    0.9981       262
           1     0.9573    1.0000    0.9782       157
           2     0.9877    0.9581    0.9726       167
           3     1.0000    0.6667    0.8000         3
           4     0.9798    0.9798    0.9798        99

    accuracy                         0.9840       688
   macro avg     0.9850    0.9201    0.9457       688
weighted avg     0.9844    0.9840    0.9839       688

Validation Loss: 0.08003932796418667
              precision    recall  f1-score   support

           0     0.9847    0.9847    0.9847       262
           1     0.9273    0.9745    0.9503       157
           2     0.9875    0.9461    0.9664       167
           3     1.0000    0.6667    0.8000         3
           4     0.9798    0.9798    0.9798        99

    accuracy                         0.9709       688
   macro avg     0.9759    0.9104    0.9362       688
weighted avg     0.9716    0.9709    0.9709       688

Validation Loss: 0.07076916098594666
              precision    recall  f1-score   support

           0     0.9886    0.9924    0.9905       262
           1     0.9451    0.9873    0.9657       157
           2     0.9814    0.9461    0.9634       167
           3     1.0000    0.6667    0.8000         3
           4     0.9796    0.9697    0.9746        99

    accuracy                         0.9753       688
   macro avg     0.9789    0.9124    0.9388       688
weighted avg     0.9757    0.9753    0.9751       688

Validation Loss: 0.0725297536700964
              precision    recall  f1-score   support

           0     0.9811    0.9885    0.9848       262
           1     0.9503    0.9745    0.9623       157
           2     0.9877    0.9581    0.9726       167
           3     1.0000    0.6667    0.8000         3
           4     0.9798    0.9798    0.9798        99

    accuracy                         0.9753       688
   macro avg     0.9798    0.9135    0.9399       688
weighted avg     0.9755    0.9753    0.9752       688

Validation Loss: 0.08681239932775497
              precision    recall  f1-score   support

           0     1.0000    0.9542    0.9766       262
           1     0.8820    1.0000    0.9373       157
           2     0.9874    0.9401    0.9632       167
           3     1.0000    0.6667    0.8000         3
           4     0.9798    0.9798    0.9798        99

    accuracy                         0.9637       688
   macro avg     0.9698    0.9082    0.9314       688
weighted avg     0.9671    0.9637    0.9641       688

Validation Loss: 0.06206696294248104
              precision    recall  f1-score   support

           0     1.0000    0.9885    0.9942       262
           1     0.9458    1.0000    0.9721       157
           2     0.9876    0.9521    0.9695       167
           3     1.0000    0.6667    0.8000         3
           4     0.9700    0.9798    0.9749        99

    accuracy                         0.9797       688
   macro avg     0.9807    0.9174    0.9422       688
weighted avg     0.9803    0.9797    0.9796       688

Validation Loss: 0.07058723457157612
              precision    recall  f1-score   support

           0     0.9848    0.9924    0.9886       262
           1     0.9620    0.9682    0.9651       157
           2     0.9588    0.9760    0.9674       167
           3     1.0000    0.6667    0.8000         3
           4     0.9894    0.9394    0.9637        99

    accuracy                         0.9738       688
   macro avg     0.9790    0.9085    0.9370       688
weighted avg     0.9740    0.9738    0.9737       688

Validation Loss: 0.0681660482659936
              precision    recall  f1-score   support

           0     0.9886    0.9924    0.9905       262
           1     0.9627    0.9873    0.9748       157
           2     0.9877    0.9641    0.9758       167
           3     1.0000    0.6667    0.8000         3
           4     0.9798    0.9798    0.9798        99

    accuracy                         0.9811       688
   macro avg     0.9838    0.9180    0.9442       688
weighted avg     0.9813    0.9811    0.9810       688

Validation Loss: 0.06794354598969221
              precision    recall  f1-score   support

           0     0.9924    0.9924    0.9924       262
           1     0.9451    0.9873    0.9657       157
           2     0.9815    0.9521    0.9666       167
           3     1.0000    0.6667    0.8000         3
           4     0.9796    0.9697    0.9746        99

    accuracy                         0.9767       688
   macro avg     0.9797    0.9136    0.9399       688
weighted avg     0.9771    0.9767    0.9766       688

Validation Loss: 0.07113861665129662
              precision    recall  f1-score   support

           0     1.0000    0.9809    0.9904       262
           1     0.9401    1.0000    0.9691       157
           2     0.9876    0.9521    0.9695       167
           3     1.0000    0.6667    0.8000         3
           4     0.9604    0.9798    0.9700        99

    accuracy                         0.9767       688
   macro avg     0.9776    0.9159    0.9398       688
weighted avg     0.9776    0.9767    0.9767       688

Validation Loss: 0.07448282558470964
              precision    recall  f1-score   support

           0     1.0000    0.9924    0.9962       262
           1     0.9458    1.0000    0.9721       157
           2     0.9815    0.9521    0.9666       167
           3     1.0000    0.6667    0.8000         3
           4     0.9796    0.9697    0.9746        99

    accuracy                         0.9797       688
   macro avg     0.9814    0.9162    0.9419       688
weighted avg     0.9802    0.9797    0.9795       688

Validation Loss: 0.07154219131916761
              precision    recall  f1-score   support

           0     1.0000    0.9924    0.9962       262
           1     0.9458    1.0000    0.9721       157
           2     0.9874    0.9401    0.9632       167
           3     1.0000    0.6667    0.8000         3
           4     0.9604    0.9798    0.9700        99

    accuracy                         0.9782       688
   macro avg     0.9787    0.9158    0.9403       688
weighted avg     0.9789    0.9782    0.9781       688

Validation Loss: 0.07160918321460485
              precision    recall  f1-score   support

           0     1.0000    0.9885    0.9942       262
           1     0.9290    1.0000    0.9632       157
           2     0.9812    0.9401    0.9602       167
           3     1.0000    0.6667    0.8000         3
           4     0.9796    0.9697    0.9746        99

    accuracy                         0.9753       688
   macro avg     0.9780    0.9130    0.9385       688
weighted avg     0.9763    0.9753    0.9752       688

Validation Loss: 0.061456434428691864
              precision    recall  f1-score   support

           0     0.9924    0.9924    0.9924       262
           1     0.9625    0.9809    0.9716       157
           2     0.9759    0.9701    0.9730       167
           3     1.0000    0.6667    0.8000         3
           4     0.9796    0.9697    0.9746        99

    accuracy                         0.9797       688
   macro avg     0.9821    0.9159    0.9423       688
weighted avg     0.9797    0.9797    0.9795       688

Validation Loss: 0.06408423092216253
              precision    recall  f1-score   support

           0     1.0000    0.9695    0.9845       262
           1     0.9235    1.0000    0.9602       157
           2     0.9877    0.9641    0.9758       167
           3     1.0000    0.6667    0.8000         3
           4     0.9798    0.9798    0.9798        99

    accuracy                         0.9753       688
   macro avg     0.9782    0.9160    0.9401       688
weighted avg     0.9767    0.9753    0.9754       688

Validation Loss: 0.07035734504461288
              precision    recall  f1-score   support

           0     0.9849    0.9962    0.9905       262
           1     0.9444    0.9745    0.9592       157
           2     0.9874    0.9401    0.9632       167
           3     1.0000    0.6667    0.8000         3
           4     0.9700    0.9798    0.9749        99

    accuracy                         0.9738       688
   macro avg     0.9774    0.9115    0.9376       688
weighted avg     0.9742    0.9738    0.9737       688

Validation Loss: 0.06341571919620037
              precision    recall  f1-score   support

           0     0.9848    0.9924    0.9886       262
           1     0.9560    0.9682    0.9620       157
           2     0.9817    0.9641    0.9728       167
           3     1.0000    0.6667    0.8000         3
           4     0.9798    0.9798    0.9798        99

    accuracy                         0.9767       688
   macro avg     0.9805    0.9142    0.9406       688
weighted avg     0.9768    0.9767    0.9766       688

Validation Loss: 0.07155281212180853
              precision    recall  f1-score   support

           0     1.0000    0.9885    0.9942       262
           1     0.9458    1.0000    0.9721       157
           2     0.9816    0.9581    0.9697       167
           3     1.0000    0.6667    0.8000         3
           4     0.9796    0.9697    0.9746        99

    accuracy                         0.9797       688
   macro avg     0.9814    0.9166    0.9421       688
weighted avg     0.9802    0.9797    0.9796       688

Validation Loss: 0.062301729805767536
              precision    recall  f1-score   support

           0     0.9962    0.9924    0.9943       262
           1     0.9573    1.0000    0.9782       157
           2     0.9876    0.9521    0.9695       167
           3     1.0000    0.6667    0.8000         3
           4     0.9700    0.9798    0.9749        99

    accuracy                         0.9811       688
   macro avg     0.9822    0.9182    0.9434       688
weighted avg     0.9815    0.9811    0.9810       688

Validation Loss: 0.07099422067403793
              precision    recall  f1-score   support

           0     1.0000    0.9885    0.9942       262
           1     0.9401    1.0000    0.9691       157
           2     0.9875    0.9461    0.9664       167
           3     1.0000    0.6667    0.8000         3
           4     0.9700    0.9798    0.9749        99

    accuracy                         0.9782       688
   macro avg     0.9795    0.9162    0.9409       688
weighted avg     0.9790    0.9782    0.9781       688

Validation Loss: 0.0772610167041421
              precision    recall  f1-score   support

           0     0.9811    0.9885    0.9848       262
           1     0.9441    0.9682    0.9560       157
           2     0.9877    0.9581    0.9726       167
           3     1.0000    0.6667    0.8000         3
           4     0.9798    0.9798    0.9798        99

    accuracy                         0.9738       688
   macro avg     0.9785    0.9123    0.9386       688
weighted avg     0.9741    0.9738    0.9737       688

Validation Loss: 0.06318943109363317
              precision    recall  f1-score   support

           0     1.0000    0.9847    0.9923       262
           1     0.9571    0.9936    0.9750       157
           2     0.9819    0.9760    0.9790       167
           3     1.0000    0.6667    0.8000         3
           4     0.9798    0.9798    0.9798        99

    accuracy                         0.9826       688
   macro avg     0.9838    0.9202    0.9452       688
weighted avg     0.9829    0.9826    0.9825       688

Validation Loss: 0.05792229250073433
              precision    recall  f1-score   support

           0     0.9848    0.9924    0.9886       262
           1     0.9684    0.9745    0.9714       157
           2     0.9879    0.9760    0.9819       167
           3     1.0000    0.6667    0.8000         3
           4     0.9798    0.9798    0.9798        99

    accuracy                         0.9811       688
   macro avg     0.9842    0.9179    0.9443       688
weighted avg     0.9812    0.9811    0.9810       688

Validation Loss: 0.06645894050598145
              precision    recall  f1-score   support

           0     1.0000    0.9847    0.9923       262
           1     0.9573    1.0000    0.9782       157
           2     0.9879    0.9760    0.9819       167
           3     1.0000    0.6667    0.8000         3
           4     0.9798    0.9798    0.9798        99

    accuracy                         0.9840       688
   macro avg     0.9850    0.9214    0.9464       688
weighted avg     0.9844    0.9840    0.9839       688

Validation Loss: 0.06425474770367146
              precision    recall  f1-score   support

           0     0.9924    0.9924    0.9924       262
           1     0.9568    0.9873    0.9718       157
           2     0.9817    0.9641    0.9728       167
           3     1.0000    0.6667    0.8000         3
           4     0.9796    0.9697    0.9746        99

    accuracy                         0.9797       688
   macro avg     0.9821    0.9160    0.9423       688
weighted avg     0.9799    0.9797    0.9795       688

Validation Loss: 0.06702265236526728
              precision    recall  f1-score   support

           0     0.9924    0.9924    0.9924       262
           1     0.9451    0.9873    0.9657       157
           2     0.9874    0.9401    0.9632       167
           3     1.0000    0.6667    0.8000         3
           4     0.9604    0.9798    0.9700        99

    accuracy                         0.9753       688
   macro avg     0.9771    0.9132    0.9383       688
weighted avg     0.9758    0.9753    0.9751       688

Validation Loss: 0.07178793661296368
              precision    recall  f1-score   support

           0     1.0000    0.9885    0.9942       262
           1     0.9401    1.0000    0.9691       157
           2     0.9756    0.9581    0.9668       167
           3     1.0000    0.6667    0.8000         3
           4     0.9896    0.9596    0.9744        99

    accuracy                         0.9782       688
   macro avg     0.9811    0.9146    0.9409       688
weighted avg     0.9789    0.9782    0.9781       688

Validation Loss: 0.07403446733951569
              precision    recall  f1-score   support

           0     0.9886    0.9924    0.9905       262
           1     0.9509    0.9873    0.9688       157
           2     0.9815    0.9521    0.9666       167
           3     1.0000    0.6667    0.8000         3
           4     0.9796    0.9697    0.9746        99

    accuracy                         0.9767       688
   macro avg     0.9801    0.9136    0.9401       688
weighted avg     0.9770    0.9767    0.9766       688

Validation Loss: 0.07907028123736382
              precision    recall  f1-score   support

           0     1.0000    0.9618    0.9805       262
           1     0.9128    1.0000    0.9544       157
           2     0.9877    0.9581    0.9726       167
           3     1.0000    0.6667    0.8000         3
           4     0.9700    0.9798    0.9749        99

    accuracy                         0.9709       688
   macro avg     0.9741    0.9133    0.9365       688
weighted avg     0.9728    0.9709    0.9711       688

Validation Loss: 0.06255468167364597
              precision    recall  f1-score   support

           0     1.0000    0.9847    0.9923       262
           1     0.9512    0.9936    0.9720       157
           2     0.9818    0.9701    0.9759       167
           3     1.0000    0.6667    0.8000         3
           4     0.9798    0.9798    0.9798        99

    accuracy                         0.9811       688
   macro avg     0.9826    0.9190    0.9440       688
weighted avg     0.9815    0.9811    0.9810       688

Validation Loss: 0.06198827177286148
              precision    recall  f1-score   support

           0     0.9812    0.9962    0.9886       262
           1     0.9679    0.9618    0.9649       157
           2     0.9817    0.9641    0.9728       167
           3     1.0000    0.6667    0.8000         3
           4     0.9700    0.9798    0.9749        99

    accuracy                         0.9767       688
   macro avg     0.9802    0.9137    0.9402       688
weighted avg     0.9768    0.9767    0.9766       688

Validation Loss: 0.06514326203614473
              precision    recall  f1-score   support

           0     0.9924    0.9962    0.9943       262
           1     0.9627    0.9873    0.9748       157
           2     0.9877    0.9581    0.9726       167
           3     1.0000    0.6667    0.8000         3
           4     0.9700    0.9798    0.9749        99

    accuracy                         0.9811       688
   macro avg     0.9826    0.9176    0.9433       688
weighted avg     0.9813    0.9811    0.9810       688

Validation Loss: 0.0658078258857131
              precision    recall  f1-score   support

           0     1.0000    0.9847    0.9923       262
           1     0.9455    0.9936    0.9689       157
           2     0.9817    0.9641    0.9728       167
           3     1.0000    0.6667    0.8000         3
           4     0.9798    0.9798    0.9798        99

    accuracy                         0.9797       688
   macro avg     0.9814    0.9178    0.9428       688
weighted avg     0.9802    0.9797    0.9796       688

Validation Loss: 0.06370500288903713
              precision    recall  f1-score   support

           0     1.0000    0.9924    0.9962       262
           1     0.9632    1.0000    0.9812       157
           2     0.9760    0.9760    0.9760       167
           3     1.0000    0.6667    0.8000         3
           4     0.9896    0.9596    0.9744        99

    accuracy                         0.9840       688
   macro avg     0.9858    0.9189    0.9456       688
weighted avg     0.9843    0.9840    0.9839       688

Validation Loss: 0.06793616525828838
              precision    recall  f1-score   support

           0     1.0000    0.9924    0.9962       262
           1     0.9515    1.0000    0.9752       157
           2     0.9816    0.9581    0.9697       167
           3     1.0000    0.6667    0.8000         3
           4     0.9796    0.9697    0.9746        99

    accuracy                         0.9811       688
   macro avg     0.9825    0.9174    0.9431       688
weighted avg     0.9815    0.9811    0.9810       688

Validation Loss: 0.06797823309898376
              precision    recall  f1-score   support

           0     1.0000    0.9885    0.9942       262
           1     0.9401    1.0000    0.9691       157
           2     0.9875    0.9461    0.9664       167
           3     1.0000    0.6667    0.8000         3
           4     0.9700    0.9798    0.9749        99

    accuracy                         0.9782       688
   macro avg     0.9795    0.9162    0.9409       688
weighted avg     0.9790    0.9782    0.9781       688

Validation Loss: 0.07793314289301634
              precision    recall  f1-score   support

           0     0.9811    0.9924    0.9867       262
           1     0.9500    0.9682    0.9590       157
           2     0.9699    0.9641    0.9670       167
           3     1.0000    0.6667    0.8000         3
           4     0.9895    0.9495    0.9691        99

    accuracy                         0.9724       688
   macro avg     0.9781    0.9082    0.9363       688
weighted avg     0.9726    0.9724    0.9722       688

Validation Loss: 0.07139049097895622
              precision    recall  f1-score   support

           0     0.9848    0.9885    0.9867       262
           1     0.9444    0.9745    0.9592       157
           2     0.9876    0.9521    0.9695       167
           3     1.0000    0.6667    0.8000         3
           4     0.9700    0.9798    0.9749        99

    accuracy                         0.9738       688
   macro avg     0.9774    0.9123    0.9381       688
weighted avg     0.9742    0.9738    0.9737       688

Validation Loss: 0.06698764860630035
              precision    recall  f1-score   support

           0     1.0000    0.9924    0.9962       262
           1     0.9689    0.9936    0.9811       157
           2     0.9815    0.9521    0.9666       167
           3     1.0000    0.6667    0.8000         3
           4     0.9417    0.9798    0.9604        99

    accuracy                         0.9797       688
   macro avg     0.9784    0.9169    0.9409       688
weighted avg     0.9800    0.9797    0.9795       688

Validation Loss: 0.0646003745496273
              precision    recall  f1-score   support

           0     1.0000    0.9847    0.9923       262
           1     0.9571    0.9936    0.9750       157
           2     0.9535    0.9820    0.9676       167
           3     1.0000    0.6667    0.8000         3
           4     0.9892    0.9293    0.9583        99

    accuracy                         0.9767       688
   macro avg     0.9800    0.9113    0.9386       688
weighted avg     0.9774    0.9767    0.9766       688

Validation Loss: 0.06587533745914698
              precision    recall  f1-score   support

           0     1.0000    0.9924    0.9962       262
           1     0.9515    1.0000    0.9752       157
           2     0.9876    0.9521    0.9695       167
           3     1.0000    0.6667    0.8000         3
           4     0.9700    0.9798    0.9749        99

    accuracy                         0.9811       688
   macro avg     0.9818    0.9182    0.9431       688
weighted avg     0.9816    0.9811    0.9810       688

Validation Loss: 0.07036471646279097
              precision    recall  f1-score   support

           0     0.9962    0.9924    0.9943       262
           1     0.9451    0.9873    0.9657       157
           2     0.9814    0.9461    0.9634       167
           3     1.0000    0.6667    0.8000         3
           4     0.9700    0.9798    0.9749        99

    accuracy                         0.9767       688
   macro avg     0.9785    0.9144    0.9397       688
weighted avg     0.9772    0.9767    0.9766       688

Validation Loss: 0.06483379937708378
              precision    recall  f1-score   support

           0     1.0000    0.9924    0.9962       262
           1     0.9515    1.0000    0.9752       157
           2     0.9758    0.9641    0.9699       167
           3     1.0000    0.6667    0.8000         3
           4     0.9896    0.9596    0.9744        99

    accuracy                         0.9811       688
   macro avg     0.9834    0.9165    0.9431       688
weighted avg     0.9816    0.9811    0.9810       688

Validation Loss: 0.06794277299195528
              precision    recall  f1-score   support

           0     1.0000    0.9847    0.9923       262
           1     0.9458    1.0000    0.9721       157
           2     0.9877    0.9581    0.9726       167
           3     1.0000    0.6667    0.8000         3
           4     0.9700    0.9798    0.9749        99

    accuracy                         0.9797       688
   macro avg     0.9807    0.9179    0.9424       688
weighted avg     0.9803    0.9797    0.9796       688

Validation Loss: 0.06451128982007504
              precision    recall  f1-score   support

           0     0.9848    0.9924    0.9886       262
           1     0.9560    0.9682    0.9620       157
           2     0.9817    0.9641    0.9728       167
           3     1.0000    0.6667    0.8000         3
           4     0.9798    0.9798    0.9798        99

    accuracy                         0.9767       688
   macro avg     0.9805    0.9142    0.9406       688
weighted avg     0.9768    0.9767    0.9766       688

Validation Loss: 0.06179556529968977
              precision    recall  f1-score   support

           0     1.0000    0.9695    0.9845       262
           1     0.9341    0.9936    0.9630       157
           2     0.9819    0.9760    0.9790       167
           3     1.0000    0.6667    0.8000         3
           4     0.9798    0.9798    0.9798        99

    accuracy                         0.9767       688
   macro avg     0.9792    0.9171    0.9412       688
weighted avg     0.9777    0.9767    0.9768       688

Validation Loss: 0.059229614213109016
              precision    recall  f1-score   support

           0     0.9923    0.9885    0.9904       262
           1     0.9568    0.9873    0.9718       157
           2     0.9759    0.9701    0.9730       167
           3     1.0000    0.6667    0.8000         3
           4     0.9794    0.9596    0.9694        99

    accuracy                         0.9782       688
   macro avg     0.9809    0.9144    0.9409       688
weighted avg     0.9784    0.9782    0.9781       688

Validation Loss: 0.07676727138459682
              precision    recall  f1-score   support

           0     0.9811    0.9924    0.9867       262
           1     0.9618    0.9618    0.9618       157
           2     0.9814    0.9461    0.9634       167
           3     1.0000    0.6667    0.8000         3
           4     0.9417    0.9798    0.9604        99

    accuracy                         0.9709       688
   macro avg     0.9732    0.9093    0.9345       688
weighted avg     0.9712    0.9709    0.9708       688

Validation Loss: 0.06633198540657759
              precision    recall  f1-score   support

           0     1.0000    0.9733    0.9865       262
           1     0.9401    1.0000    0.9691       157
           2     0.9879    0.9760    0.9819       167
           3     1.0000    0.6667    0.8000         3
           4     0.9798    0.9798    0.9798        99

    accuracy                         0.9797       688
   macro avg     0.9816    0.9192    0.9435       688
weighted avg     0.9805    0.9797    0.9796       688

Validation Loss: 0.06952240131795406
              precision    recall  f1-score   support

           0     0.9924    0.9924    0.9924       262
           1     0.9509    0.9873    0.9688       157
           2     0.9816    0.9581    0.9697       167
           3     1.0000    0.6667    0.8000         3
           4     0.9796    0.9697    0.9746        99

    accuracy                         0.9782       688
   macro avg     0.9809    0.9148    0.9411       688
weighted avg     0.9785    0.9782    0.9781       688

Validation Loss: 0.06606089323759079
              precision    recall  f1-score   support

           0     0.9886    0.9924    0.9905       262
           1     0.9565    0.9809    0.9686       157
           2     0.9816    0.9581    0.9697       167
           3     1.0000    0.6667    0.8000         3
           4     0.9798    0.9798    0.9798        99

    accuracy                         0.9782       688
   macro avg     0.9813    0.9156    0.9417       688
weighted avg     0.9784    0.9782    0.9781       688

Validation Loss: 0.06611046008765697
              precision    recall  f1-score   support

           0     1.0000    0.9771    0.9884       262
           1     0.9401    1.0000    0.9691       157
           2     0.9878    0.9701    0.9789       167
           3     1.0000    0.6667    0.8000         3
           4     0.9798    0.9798    0.9798        99

    accuracy                         0.9797       688
   macro avg     0.9815    0.9187    0.9432       688
weighted avg     0.9805    0.9797    0.9796       688

Validation Loss: 0.06455533858388662
              precision    recall  f1-score   support

           0     0.9848    0.9924    0.9886       262
           1     0.9563    0.9745    0.9653       157
           2     0.9877    0.9641    0.9758       167
           3     1.0000    0.6667    0.8000         3
           4     0.9798    0.9798    0.9798        99

    accuracy                         0.9782       688
   macro avg     0.9817    0.9155    0.9419       688
weighted avg     0.9784    0.9782    0.9781       688

Validation Loss: 0.06732920184731483
              precision    recall  f1-score   support

           0     0.9962    0.9885    0.9923       262
           1     0.9458    1.0000    0.9721       157
           2     0.9876    0.9521    0.9695       167
           3     1.0000    0.6667    0.8000         3
           4     0.9798    0.9798    0.9798        99

    accuracy                         0.9797       688
   macro avg     0.9819    0.9174    0.9428       688
weighted avg     0.9802    0.9797    0.9795       688

Validation Loss: 0.0629509063437581
              precision    recall  f1-score   support

           0     0.9886    0.9962    0.9924       262
           1     0.9625    0.9809    0.9716       157
           2     0.9816    0.9581    0.9697       167
           3     1.0000    0.6667    0.8000         3
           4     0.9798    0.9798    0.9798        99

    accuracy                         0.9797       688
   macro avg     0.9825    0.9163    0.9427       688
weighted avg     0.9797    0.9797    0.9795       688

Validation Loss: 0.07152652274817228
              precision    recall  f1-score   support

           0     1.0000    0.9695    0.9845       262
           1     0.9235    1.0000    0.9602       157
           2     0.9877    0.9641    0.9758       167
           3     1.0000    0.6667    0.8000         3
           4     0.9798    0.9798    0.9798        99

    accuracy                         0.9753       688
   macro avg     0.9782    0.9160    0.9401       688
weighted avg     0.9767    0.9753    0.9754       688

Validation Loss: 0.05932729970663786
              precision    recall  f1-score   support

           0     1.0000    0.9924    0.9962       262
           1     0.9691    1.0000    0.9843       157
           2     0.9879    0.9760    0.9819       167
           3     1.0000    0.6667    0.8000         3
           4     0.9798    0.9798    0.9798        99

    accuracy                         0.9869       688
   macro avg     0.9874    0.9230    0.9484       688
weighted avg     0.9871    0.9869    0.9868       688

Validation Loss: 0.06355189066380262
              precision    recall  f1-score   support

           0     0.9849    0.9962    0.9905       262
           1     0.9563    0.9745    0.9653       157
           2     0.9877    0.9581    0.9726       167
           3     1.0000    0.6667    0.8000         3
           4     0.9798    0.9798    0.9798        99

    accuracy                         0.9782       688
   macro avg     0.9817    0.9151    0.9417       688
weighted avg     0.9784    0.9782    0.9780       688

Validation Loss: 0.060975403524935246
              precision    recall  f1-score   support

           0     1.0000    0.9924    0.9962       262
           1     0.9632    1.0000    0.9812       157
           2     0.9877    0.9581    0.9726       167
           3     1.0000    0.6667    0.8000         3
           4     0.9604    0.9798    0.9700        99

    accuracy                         0.9826       688
   macro avg     0.9822    0.9194    0.9440       688
weighted avg     0.9829    0.9826    0.9824       688

Validation Loss: 0.0646052360534668
              precision    recall  f1-score   support

           0     1.0000    0.9885    0.9942       262
           1     0.9573    1.0000    0.9782       157
           2     0.9878    0.9701    0.9789       167
           3     1.0000    0.6667    0.8000         3
           4     0.9798    0.9798    0.9798        99

    accuracy                         0.9840       688
   macro avg     0.9850    0.9210    0.9462       688
weighted avg     0.9844    0.9840    0.9839       688

Validation Loss: 0.07766540255397558
              precision    recall  f1-score   support

           0     0.9775    0.9962    0.9868       262
           1     0.9679    0.9618    0.9649       157
           2     0.9818    0.9701    0.9759       167
           3     1.0000    0.6667    0.8000         3
           4     0.9796    0.9697    0.9746        99

    accuracy                         0.9767       688
   macro avg     0.9814    0.9129    0.9404       688
weighted avg     0.9768    0.9767    0.9766       688

Validation Loss: 0.07268460560590029
              precision    recall  f1-score   support

           0     1.0000    0.9733    0.9865       262
           1     0.9290    1.0000    0.9632       157
           2     0.9876    0.9521    0.9695       167
           3     1.0000    1.0000    1.0000         3
           4     0.9700    0.9798    0.9749        99

    accuracy                         0.9753       688
   macro avg     0.9773    0.9810    0.9788       688
weighted avg     0.9765    0.9753    0.9754       688

Validation Loss: 0.07014800421893597
              precision    recall  f1-score   support

           0     0.9924    0.9924    0.9924       262
           1     0.9451    0.9873    0.9657       157
           2     0.9875    0.9461    0.9664       167
           3     1.0000    1.0000    1.0000         3
           4     0.9798    0.9798    0.9798        99

    accuracy                         0.9782       688
   macro avg     0.9810    0.9811    0.9809       688
weighted avg     0.9786    0.9782    0.9782       688

Validation Loss: 0.08498752675950527
              precision    recall  f1-score   support

           0     0.9774    0.9885    0.9829       262
           1     0.9500    0.9682    0.9590       157
           2     0.9758    0.9641    0.9699       167
           3     1.0000    1.0000    1.0000         3
           4     1.0000    0.9596    0.9794        99

    accuracy                         0.9738       688
   macro avg     0.9806    0.9761    0.9782       688
weighted avg     0.9741    0.9738    0.9739       688

Final Test Loss: 0.09829839132726192
              precision    recall  f1-score   support

           0     0.9750    0.9881    0.9815       670
           1     0.9447    0.9612    0.9528       515
           2     0.9735    0.9381    0.9555       549
           3     0.5000    0.6000    0.5455         5
           4     0.9618    0.9655    0.9637       261

    accuracy                         0.9635      2000
   macro avg     0.8710    0.8906    0.8798      2000
weighted avg     0.9639    0.9635    0.9635      2000

