Validation Loss: 2.3407833576202393
              precision    recall  f1-score   support

           0     0.0000    0.0000    0.0000      23.0
           2     0.0000    0.0000    0.0000      30.0
           4     0.0000    0.0000    0.0000       8.0
           5     0.0000    0.0000    0.0000      18.0
           6     0.0000    0.0000    0.0000      54.0
           7     0.0000    0.0000    0.0000      55.0
           8     0.0000    0.0000    0.0000       0.0
           9     0.0000    0.0000    0.0000     212.0

    accuracy                         0.0000     400.0
   macro avg     0.0000    0.0000    0.0000     400.0
weighted avg     0.0000    0.0000    0.0000     400.0

Validation Loss: 1.2058541774749756
              precision    recall  f1-score   support

           0     1.0000    0.0435    0.0833        23
           2     0.0000    0.0000    0.0000        30
           4     0.0000    0.0000    0.0000         8
           5     0.0000    0.0000    0.0000        18
           6     0.0000    0.0000    0.0000        54
           7     0.1389    0.1818    0.1575        55
           9     0.6417    0.9717    0.7730       212

    accuracy                         0.5425       400
   macro avg     0.2544    0.1710    0.1448       400
weighted avg     0.4167    0.5425    0.4361       400

Validation Loss: 1.073563575744629
              precision    recall  f1-score   support

           0     0.6000    0.3913    0.4737        23
           2     0.2955    0.4333    0.3514        30
           4     0.0000    0.0000    0.0000         8
           5     0.0000    0.0000    0.0000        18
           6     0.0000    0.0000    0.0000        54
           7     0.2857    0.0364    0.0645        55
           9     0.6228    0.9811    0.7619       212

    accuracy                         0.5800       400
   macro avg     0.2577    0.2632    0.2359       400
weighted avg     0.4260    0.5800    0.4663       400

Validation Loss: 1.0334137678146362
              precision    recall  f1-score   support

           0     0.7500    0.3913    0.5143        23
           2     0.3607    0.7333    0.4835        30
           4     0.0000    0.0000    0.0000         8
           5     0.0000    0.0000    0.0000        18
           6     0.0000    0.0000    0.0000        54
           7     0.3590    0.2545    0.2979        55
           9     0.7049    0.9575    0.8120       212

    accuracy                         0.6200       400
   macro avg     0.3106    0.3338    0.3011       400
weighted avg     0.4931    0.6200    0.5372       400

Validation Loss: 0.9941494464874268
              precision    recall  f1-score   support

           0     0.7692    0.4348    0.5556        23
           2     0.4043    0.6333    0.4935        30
           4     0.0000    0.0000    0.0000         8
           5     0.0000    0.0000    0.0000        18
           6     0.0000    0.0000    0.0000        54
           7     0.2564    0.3636    0.3008        55
           9     0.7634    0.9434    0.8439       212

    accuracy                         0.6225       400
   macro avg     0.3133    0.3393    0.3134       400
weighted avg     0.5144    0.6225    0.5576       400

Validation Loss: 0.9705697298049927
              precision    recall  f1-score   support

           0     0.8571    0.5217    0.6486        23
           2     0.4107    0.7667    0.5349        30
           4     0.0000    0.0000    0.0000         8
           5     0.0000    0.0000    0.0000        18
           6     0.0000    0.0000    0.0000        54
           7     0.2564    0.3636    0.3008        55
           9     0.7817    0.9292    0.8491       212

    accuracy                         0.6300       400
   macro avg     0.3294    0.3688    0.3333       400
weighted avg     0.5297    0.6300    0.5688       400

Validation Loss: 0.9508037567138672
              precision    recall  f1-score   support

           0     0.8571    0.5217    0.6486        23
           2     0.3966    0.7667    0.5227        30
           4     0.0000    0.0000    0.0000         8
           5     0.0000    0.0000    0.0000        18
           6     0.0000    0.0000    0.0000        54
           7     0.2619    0.4000    0.3165        55
           9     0.7992    0.9198    0.8553       212

    accuracy                         0.6300       400
   macro avg     0.3307    0.3726    0.3347       400
weighted avg     0.5386    0.6300    0.5733       400

Validation Loss: 0.9332857131958008
              precision    recall  f1-score   support

           0     0.8571    0.5217    0.6486        23
           2     0.4167    0.8333    0.5556        30
           4     0.0000    0.0000    0.0000         8
           5     0.0000    0.0000    0.0000        18
           6     0.0000    0.0000    0.0000        54
           7     0.2841    0.4545    0.3497        55
           9     0.8109    0.9104    0.8578       212

    accuracy                         0.6375       400
   macro avg     0.3384    0.3886    0.3445       400
weighted avg     0.5494    0.6375    0.5817       400

Validation Loss: 0.9171134233474731
              precision    recall  f1-score   support

           0     0.8571    0.5217    0.6486        23
           2     0.4032    0.8333    0.5435        30
           4     0.0000    0.0000    0.0000         8
           5     0.0000    0.0000    0.0000        18
           6     0.0000    0.0000    0.0000        54
           7     0.2889    0.4727    0.3586        55
           9     0.8248    0.9104    0.8655       212

    accuracy                         0.6400       400
   macro avg     0.3391    0.3912    0.3452       400
weighted avg     0.5564    0.6400    0.5861       400

Validation Loss: 0.9021958112716675
              precision    recall  f1-score   support

           0     0.8571    0.5217    0.6486        23
           2     0.3906    0.8333    0.5319        30
           4     0.0000    0.0000    0.0000         8
           5     0.0000    0.0000    0.0000        18
           6     1.0000    0.0185    0.0364        54
           7     0.3077    0.5091    0.3836        55
           9     0.8391    0.9104    0.8733       212

    accuracy                         0.6475       400
   macro avg     0.4849    0.3990    0.3534       400
weighted avg     0.7006    0.6475    0.5977       400

Validation Loss: 0.8884193301200867
              precision    recall  f1-score   support

           0     0.8571    0.5217    0.6486        23
           2     0.3881    0.8667    0.5361        30
           4     0.0000    0.0000    0.0000         8
           5     0.0000    0.0000    0.0000        18
           6     1.0000    0.0185    0.0364        54
           7     0.3187    0.5273    0.3973        55
           9     0.8502    0.9104    0.8793       212

    accuracy                         0.6525       400
   macro avg     0.4877    0.4064    0.3568       400
weighted avg     0.7078    0.6525    0.6030       400

Validation Loss: 0.8756839036941528
              precision    recall  f1-score   support

           0     0.8571    0.5217    0.6486        23
           2     0.3971    0.9000    0.5510        30
           4     0.0000    0.0000    0.0000         8
           5     0.0000    0.0000    0.0000        18
           6     1.0000    0.0185    0.0364        54
           7     0.3222    0.5273    0.4000        55
           9     0.8502    0.9104    0.8793       212

    accuracy                         0.6550       400
   macro avg     0.4895    0.4111    0.3593       400
weighted avg     0.7090    0.6550    0.6045       400

Validation Loss: 0.8638643026351929
              precision    recall  f1-score   support

           0     0.8571    0.5217    0.6486        23
           2     0.4000    0.9333    0.5600        30
           4     0.0000    0.0000    0.0000         8
           5     0.0000    0.0000    0.0000        18
           6     1.0000    0.0370    0.0714        54
           7     0.3295    0.5273    0.4056        55
           9     0.8540    0.9104    0.8813       212

    accuracy                         0.6600       400
   macro avg     0.4915    0.4185    0.3667       400
weighted avg     0.7122    0.6600    0.6118       400

Validation Loss: 0.8528386354446411
              precision    recall  f1-score   support

           0     0.8571    0.5217    0.6486        23
           2     0.4000    0.9333    0.5600        30
           4     0.0000    0.0000    0.0000         8
           5     0.0000    0.0000    0.0000        18
           6     1.0000    0.0370    0.0714        54
           7     0.3333    0.5636    0.4189        55
           9     0.8733    0.9104    0.8915       212

    accuracy                         0.6650       400
   macro avg     0.4948    0.4237    0.3701       400
weighted avg     0.7230    0.6650    0.6190       400

Validation Loss: 0.8425230979919434
              precision    recall  f1-score   support

           0     0.8571    0.5217    0.6486        23
           2     0.3944    0.9333    0.5545        30
           4     0.0000    0.0000    0.0000         8
           5     0.0000    0.0000    0.0000        18
           6     1.0000    0.0370    0.0714        54
           7     0.3516    0.5818    0.4384        55
           9     0.8784    0.9198    0.8986       212

    accuracy                         0.6725       400
   macro avg     0.4974    0.4277    0.3731       400
weighted avg     0.7278    0.6725    0.6251       400

Validation Loss: 0.8328523635864258
              precision    recall  f1-score   support

           0     0.8571    0.5217    0.6486        23
           2     0.4028    0.9667    0.5686        30
           4     0.0000    0.0000    0.0000         8
           5     0.0000    0.0000    0.0000        18
           6     1.0000    0.0370    0.0714        54
           7     0.3656    0.6182    0.4595        55
           9     0.8904    0.9198    0.9049       212

    accuracy                         0.6800       400
   macro avg     0.5023    0.4376    0.3790       400
weighted avg     0.7367    0.6800    0.6323       400

Validation Loss: 0.8237606287002563
              precision    recall  f1-score   support

           0     0.8571    0.5217    0.6486        23
           2     0.4028    0.9667    0.5686        30
           4     0.0000    0.0000    0.0000         8
           5     0.0000    0.0000    0.0000        18
           6     1.0000    0.0370    0.0714        54
           7     0.3579    0.6182    0.4533        55
           9     0.8940    0.9151    0.9044       212

    accuracy                         0.6775       400
   macro avg     0.5017    0.4370    0.3781       400
weighted avg     0.7375    0.6775    0.6313       400

Validation Loss: 0.8152070641517639
              precision    recall  f1-score   support

           0     0.8667    0.5652    0.6842        23
           2     0.4085    0.9667    0.5743        30
           4     0.0000    0.0000    0.0000         8
           5     0.0000    0.0000    0.0000        18
           6     1.0000    0.0370    0.0714        54
           7     0.3542    0.6182    0.4503        55
           9     0.8981    0.9151    0.9065       212

    accuracy                         0.6800       400
   macro avg     0.5039    0.4432    0.3838       400
weighted avg     0.7402    0.6800    0.6344       400

Validation Loss: 0.8071328401565552
              precision    recall  f1-score   support

           0     0.8667    0.5652    0.6842        23
           2     0.4143    0.9667    0.5800        30
           4     0.0000    0.0000    0.0000         8
           5     0.0000    0.0000    0.0000        18
           6     0.6667    0.0370    0.0702        54
           7     0.3505    0.6182    0.4474        55
           9     0.8977    0.9104    0.9040       212

    accuracy                         0.6775       400
   macro avg     0.4565    0.4425    0.3837       400
weighted avg     0.6949    0.6775    0.6329       400

Validation Loss: 0.7994996905326843
              precision    recall  f1-score   support

           0     0.8667    0.5652    0.6842        23
           2     0.4143    0.9667    0.5800        30
           4     0.0000    0.0000    0.0000         8
           5     0.0000    0.0000    0.0000        18
           6     0.5000    0.0370    0.0690        54
           7     0.3608    0.6364    0.4605        55
           9     0.9019    0.9104    0.9061       212

    accuracy                         0.6800       400
   macro avg     0.4348    0.4451    0.3857       400
weighted avg     0.6760    0.6800    0.6357       400

Validation Loss: 0.7922728657722473
              precision    recall  f1-score   support

           0     0.8667    0.5652    0.6842        23
           2     0.4143    0.9667    0.5800        30
           4     0.0000    0.0000    0.0000         8
           5     0.0000    0.0000    0.0000        18
           6     0.6000    0.0556    0.1017        54
           7     0.3684    0.6364    0.4667        55
           9     0.9023    0.9151    0.9087       212

    accuracy                         0.6850       400
   macro avg     0.4502    0.4484    0.3916       400
weighted avg     0.6908    0.6850    0.6423       400

Validation Loss: 0.7854242324829102
              precision    recall  f1-score   support

           0     0.8667    0.5652    0.6842        23
           2     0.4143    0.9667    0.5800        30
           4     0.0000    0.0000    0.0000         8
           5     0.0000    0.0000    0.0000        18
           6     0.6000    0.0556    0.1017        54
           7     0.3684    0.6364    0.4667        55
           9     0.9023    0.9151    0.9087       212

    accuracy                         0.6850       400
   macro avg     0.4502    0.4484    0.3916       400
weighted avg     0.6908    0.6850    0.6423       400

Validation Loss: 0.7789250612258911
              precision    recall  f1-score   support

           0     0.8667    0.5652    0.6842        23
           2     0.4143    0.9667    0.5800        30
           4     0.0000    0.0000    0.0000         8
           5     0.0000    0.0000    0.0000        18
           6     0.6000    0.0556    0.1017        54
           7     0.3684    0.6364    0.4667        55
           9     0.9070    0.9198    0.9133       212

    accuracy                         0.6875       400
   macro avg     0.4509    0.4491    0.3923       400
weighted avg     0.6933    0.6875    0.6448       400

Validation Loss: 0.772750735282898
              precision    recall  f1-score   support

           0     0.9286    0.5652    0.7027        23
           2     0.4225    1.0000    0.5941        30
           4     0.0000    0.0000    0.0000         8
           5     0.0000    0.0000    0.0000        18
           6     0.6000    0.0556    0.1017        54
           7     0.3711    0.6545    0.4737        55
           9     0.9108    0.9151    0.9129       212

    accuracy                         0.6900       400
   macro avg     0.4619    0.4558    0.3979       400
weighted avg     0.6998    0.6900    0.6477       400

Validation Loss: 0.7668803930282593
              precision    recall  f1-score   support

           0     0.9286    0.5652    0.7027        23
           2     0.4225    1.0000    0.5941        30
           4     0.0000    0.0000    0.0000         8
           5     0.0000    0.0000    0.0000        18
           6     0.5000    0.0556    0.1000        54
           7     0.3608    0.6364    0.4605        55
           9     0.9104    0.9104    0.9104       212

    accuracy                         0.6850       400
   macro avg     0.4460    0.4525    0.3954       400
weighted avg     0.6847    0.6850    0.6443       400

Validation Loss: 0.7612900733947754
              precision    recall  f1-score   support

           0     0.9286    0.5652    0.7027        23
           2     0.4225    1.0000    0.5941        30
           4     0.0000    0.0000    0.0000         8
           5     0.0000    0.0000    0.0000        18
           6     0.5000    0.0556    0.1000        54
           7     0.3608    0.6364    0.4605        55
           9     0.9104    0.9104    0.9104       212

    accuracy                         0.6850       400
   macro avg     0.4460    0.4525    0.3954       400
weighted avg     0.6847    0.6850    0.6443       400

Validation Loss: 0.7559599280357361
              precision    recall  f1-score   support

           0     0.9286    0.5652    0.7027        23
           2     0.4167    1.0000    0.5882        30
           4     0.0000    0.0000    0.0000         8
           5     0.0000    0.0000    0.0000        18
           6     0.4000    0.0370    0.0678        54
           7     0.3608    0.6364    0.4605        55
           9     0.9104    0.9104    0.9104       212

    accuracy                         0.6825       400
   macro avg     0.4309    0.4499    0.3899       400
weighted avg     0.6708    0.6825    0.6395       400

Validation Loss: 0.7508761882781982
              precision    recall  f1-score   support

           0     0.9286    0.5652    0.7027        23
           2     0.4167    1.0000    0.5882        30
           4     0.0000    0.0000    0.0000         8
           5     0.0000    0.0000    0.0000        18
           6     0.4000    0.0370    0.0678        54
           7     0.3608    0.6364    0.4605        55
           9     0.9104    0.9104    0.9104       212

    accuracy                         0.6825       400
   macro avg     0.4309    0.4499    0.3899       400
weighted avg     0.6708    0.6825    0.6395       400

Validation Loss: 0.7460185289382935
              precision    recall  f1-score   support

           0     0.9286    0.5652    0.7027        23
           2     0.4225    1.0000    0.5941        30
           4     0.0000    0.0000    0.0000         8
           5     0.0000    0.0000    0.0000        18
           6     0.5000    0.0741    0.1290        54
           7     0.3646    0.6364    0.4636        55
           9     0.9100    0.9057    0.9078       212

    accuracy                         0.6850       400
   macro avg     0.4465    0.4545    0.3996       400
weighted avg     0.6850    0.6850    0.6473       400

Validation Loss: 0.7413706183433533
              precision    recall  f1-score   support

           0     0.9286    0.5652    0.7027        23
           2     0.4225    1.0000    0.5941        30
           4     0.0000    0.0000    0.0000         8
           5     0.0000    0.0000    0.0000        18
           6     0.5000    0.0741    0.1290        54
           7     0.3646    0.6364    0.4636        55
           9     0.9100    0.9057    0.9078       212

    accuracy                         0.6850       400
   macro avg     0.4465    0.4545    0.3996       400
weighted avg     0.6850    0.6850    0.6473       400

Validation Loss: 0.7369202375411987
              precision    recall  f1-score   support

           0     0.9286    0.5652    0.7027        23
           2     0.4286    1.0000    0.6000        30
           4     0.0000    0.0000    0.0000         8
           5     0.0000    0.0000    0.0000        18
           6     0.5000    0.0741    0.1290        54
           7     0.3571    0.6364    0.4575        55
           9     0.9095    0.9009    0.9052       212

    accuracy                         0.6825       400
   macro avg     0.4463    0.4538    0.3992       400
weighted avg     0.6842    0.6825    0.6455       400

Validation Loss: 0.7326542139053345
              precision    recall  f1-score   support

           0     0.9286    0.5652    0.7027        23
           2     0.4348    1.0000    0.6061        30
           4     0.0000    0.0000    0.0000         8
           5     0.0000    0.0000    0.0000        18
           6     0.5556    0.0926    0.1587        54
           7     0.3571    0.6364    0.4575        55
           9     0.9095    0.9009    0.9052       212

    accuracy                         0.6850       400
   macro avg     0.4551    0.4564    0.4043       400
weighted avg     0.6922    0.6850    0.6500       400

Validation Loss: 0.7285586595535278
              precision    recall  f1-score   support

           0     0.9286    0.5652    0.7027        23
           2     0.4348    1.0000    0.6061        30
           4     0.0000    0.0000    0.0000         8
           5     0.0000    0.0000    0.0000        18
           6     0.5556    0.0926    0.1587        54
           7     0.3571    0.6364    0.4575        55
           9     0.9095    0.9009    0.9052       212

    accuracy                         0.6850       400
   macro avg     0.4551    0.4564    0.4043       400
weighted avg     0.6922    0.6850    0.6500       400

Validation Loss: 0.7246224880218506
              precision    recall  f1-score   support

           0     0.9286    0.5652    0.7027        23
           2     0.4412    1.0000    0.6122        30
           4     0.0000    0.0000    0.0000         8
           5     0.0000    0.0000    0.0000        18
           6     0.5000    0.0926    0.1562        54
           7     0.3571    0.6364    0.4575        55
           9     0.9095    0.9009    0.9052       212

    accuracy                         0.6850       400
   macro avg     0.4481    0.4564    0.4048       400
weighted avg     0.6851    0.6850    0.6501       400

Validation Loss: 0.7208386659622192
              precision    recall  f1-score   support

           0     0.9286    0.5652    0.7027        23
           2     0.4412    1.0000    0.6122        30
           4     0.0000    0.0000    0.0000         8
           5     0.0000    0.0000    0.0000        18
           6     0.5455    0.1111    0.1846        54
           7     0.3646    0.6364    0.4636        55
           9     0.9100    0.9057    0.9078       212

    accuracy                         0.6900       400
   macro avg     0.4557    0.4598    0.4101       400
weighted avg     0.6925    0.6900    0.6561       400

Validation Loss: 0.7171965837478638
              precision    recall  f1-score   support

           0     0.9286    0.5652    0.7027        23
           2     0.4412    1.0000    0.6122        30
           4     0.0000    0.0000    0.0000         8
           5     0.0000    0.0000    0.0000        18
           6     0.5455    0.1111    0.1846        54
           7     0.3711    0.6545    0.4737        55
           9     0.9143    0.9057    0.9100       212

    accuracy                         0.6925       400
   macro avg     0.4572    0.4624    0.4119       400
weighted avg     0.6957    0.6925    0.6587       400

Validation Loss: 0.713686466217041
              precision    recall  f1-score   support

           0     0.9286    0.5652    0.7027        23
           2     0.4412    1.0000    0.6122        30
           4     0.0000    0.0000    0.0000         8
           5     0.0000    0.0000    0.0000        18
           6     0.5455    0.1111    0.1846        54
           7     0.3711    0.6545    0.4737        55
           9     0.9143    0.9057    0.9100       212

    accuracy                         0.6925       400
   macro avg     0.4572    0.4624    0.4119       400
weighted avg     0.6957    0.6925    0.6587       400

Validation Loss: 0.7103014588356018
              precision    recall  f1-score   support

           0     0.9286    0.5652    0.7027        23
           2     0.4412    1.0000    0.6122        30
           4     0.0000    0.0000    0.0000         8
           5     0.0000    0.0000    0.0000        18
           6     0.5455    0.1111    0.1846        54
           7     0.3711    0.6545    0.4737        55
           9     0.9143    0.9057    0.9100       212

    accuracy                         0.6925       400
   macro avg     0.4572    0.4624    0.4119       400
weighted avg     0.6957    0.6925    0.6587       400

Validation Loss: 0.7070342302322388
              precision    recall  f1-score   support

           0     0.9286    0.5652    0.7027        23
           2     0.4412    1.0000    0.6122        30
           4     0.0000    0.0000    0.0000         8
           5     0.0000    0.0000    0.0000        18
           6     0.5455    0.1111    0.1846        54
           7     0.3711    0.6545    0.4737        55
           9     0.9143    0.9057    0.9100       212

    accuracy                         0.6925       400
   macro avg     0.4572    0.4624    0.4119       400
weighted avg     0.6957    0.6925    0.6587       400

Validation Loss: 0.7038731575012207
              precision    recall  f1-score   support

           0     0.9231    0.5217    0.6667        23
           2     0.4348    1.0000    0.6061        30
           4     0.0000    0.0000    0.0000         8
           5     0.0000    0.0000    0.0000        18
           6     0.5000    0.1111    0.1818        54
           7     0.3814    0.6727    0.4868        55
           9     0.9187    0.9057    0.9121       212

    accuracy                         0.6925       400
   macro avg     0.4511    0.4587    0.4076       400
weighted avg     0.6925    0.6925    0.6587       400

Validation Loss: 0.7008148431777954
              precision    recall  f1-score   support

           0     0.9231    0.5217    0.6667        23
           2     0.4478    1.0000    0.6186        30
           4     0.0000    0.0000    0.0000         8
           5     0.0000    0.0000    0.0000        18
           6     0.5385    0.1296    0.2090        54
           7     0.3762    0.6909    0.4872        55
           9     0.9272    0.9009    0.9139       212

    accuracy                         0.6950       400
   macro avg     0.4590    0.4633    0.4136       400
weighted avg     0.7025    0.6950    0.6643       400

Validation Loss: 0.6978570222854614
              precision    recall  f1-score   support

           0     0.9231    0.5217    0.6667        23
           2     0.4478    1.0000    0.6186        30
           4     0.0000    0.0000    0.0000         8
           5     0.0000    0.0000    0.0000        18
           6     0.5714    0.1481    0.2353        54
           7     0.3800    0.6909    0.4903        55
           9     0.9272    0.9009    0.9139       212

    accuracy                         0.6975       400
   macro avg     0.4642    0.4660    0.4178       400
weighted avg     0.7075    0.6975    0.6683       400

Validation Loss: 0.6949946284294128
              precision    recall  f1-score   support

           0     0.9231    0.5217    0.6667        23
           2     0.4478    1.0000    0.6186        30
           4     0.0000    0.0000    0.0000         8
           5     0.0000    0.0000    0.0000        18
           6     0.6250    0.1852    0.2857        54
           7     0.3939    0.7091    0.5065        55
           9     0.9317    0.9009    0.9161       212

    accuracy                         0.7050       400
   macro avg     0.4745    0.4739    0.4276       400
weighted avg     0.7190    0.7050    0.6785       400

Validation Loss: 0.6922219395637512
              precision    recall  f1-score   support

           0     0.9286    0.5652    0.7027        23
           2     0.4545    1.0000    0.6250        30
           4     0.0000    0.0000    0.0000         8
           5     0.0000    0.0000    0.0000        18
           6     0.6250    0.1852    0.2857        54
           7     0.3939    0.7091    0.5065        55
           9     0.9317    0.9009    0.9161       212

    accuracy                         0.7075       400
   macro avg     0.4763    0.4801    0.4337       400
weighted avg     0.7198    0.7075    0.6810       400

Validation Loss: 0.6895340085029602
              precision    recall  f1-score   support

           0     0.9286    0.5652    0.7027        23
           2     0.4545    1.0000    0.6250        30
           4     0.0000    0.0000    0.0000         8
           5     0.0000    0.0000    0.0000        18
           6     0.6250    0.1852    0.2857        54
           7     0.4000    0.7273    0.5161        55
           9     0.9363    0.9009    0.9183       212

    accuracy                         0.7100       400
   macro avg     0.4778    0.4827    0.4354       400
weighted avg     0.7231    0.7100    0.6835       400

Validation Loss: 0.6869266629219055
              precision    recall  f1-score   support

           0     0.9286    0.5652    0.7027        23
           2     0.4545    1.0000    0.6250        30
           4     0.0000    0.0000    0.0000         8
           5     0.0000    0.0000    0.0000        18
           6     0.6250    0.1852    0.2857        54
           7     0.4000    0.7273    0.5161        55
           9     0.9363    0.9009    0.9183       212

    accuracy                         0.7100       400
   macro avg     0.4778    0.4827    0.4354       400
weighted avg     0.7231    0.7100    0.6835       400

Validation Loss: 0.6843957901000977
              precision    recall  f1-score   support

           0     0.9286    0.5652    0.7027        23
           2     0.4615    1.0000    0.6316        30
           4     0.0000    0.0000    0.0000         8
           5     0.0000    0.0000    0.0000        18
           6     0.6667    0.2222    0.3333        54
           7     0.4040    0.7273    0.5195        55
           9     0.9363    0.9009    0.9183       212

    accuracy                         0.7150       400
   macro avg     0.4853    0.4880    0.4436       400
weighted avg     0.7298    0.7150    0.6909       400

Validation Loss: 0.681937575340271
              precision    recall  f1-score   support

           0     0.9286    0.5652    0.7027        23
           2     0.4688    1.0000    0.6383        30
           4     0.0000    0.0000    0.0000         8
           5     0.0000    0.0000    0.0000        18
           6     0.6667    0.2593    0.3733        54
           7     0.4021    0.7091    0.5132        55
           9     0.9363    0.9009    0.9183       212

    accuracy                         0.7175       400
   macro avg     0.4860    0.4906    0.4494       400
weighted avg     0.7301    0.7175    0.6959       400

Validation Loss: 0.6795483827590942
              precision    recall  f1-score   support

           0     0.9286    0.5652    0.7027        23
           2     0.4688    1.0000    0.6383        30
           4     0.0000    0.0000    0.0000         8
           5     0.0000    0.0000    0.0000        18
           6     0.6667    0.2593    0.3733        54
           7     0.4082    0.7273    0.5229        55
           9     0.9409    0.9009    0.9205       212

    accuracy                         0.7200       400
   macro avg     0.4876    0.4932    0.4511       400
weighted avg     0.7333    0.7200    0.6984       400

Validation Loss: 0.6772249937057495
              precision    recall  f1-score   support

           0     0.9286    0.5652    0.7027        23
           2     0.4762    1.0000    0.6452        30
           4     0.0000    0.0000    0.0000         8
           5     1.0000    0.0556    0.1053        18
           6     0.6818    0.2778    0.3947        54
           7     0.4124    0.7273    0.5263        55
           9     0.9409    0.9009    0.9205       212

    accuracy                         0.7250       400
   macro avg     0.6343    0.5038    0.4707       400
weighted avg     0.7815    0.7250    0.7070       400

Validation Loss: 0.6749635934829712
              precision    recall  f1-score   support

           0     0.9286    0.5652    0.7027        23
           2     0.4762    1.0000    0.6452        30
           4     0.0000    0.0000    0.0000         8
           5     1.0000    0.0556    0.1053        18
           6     0.6818    0.2778    0.3947        54
           7     0.4124    0.7273    0.5263        55
           9     0.9409    0.9009    0.9205       212

    accuracy                         0.7250       400
   macro avg     0.6343    0.5038    0.4707       400
weighted avg     0.7815    0.7250    0.7070       400

Validation Loss: 0.6727616786956787
              precision    recall  f1-score   support

           0     0.9286    0.5652    0.7027        23
           2     0.4839    1.0000    0.6522        30
           4     0.0000    0.0000    0.0000         8
           5     1.0000    0.0556    0.1053        18
           6     0.6818    0.2778    0.3947        54
           7     0.4167    0.7273    0.5298        55
           9     0.9366    0.9057    0.9209       212

    accuracy                         0.7275       400
   macro avg     0.6354    0.5045    0.4722       400
weighted avg     0.7804    0.7275    0.7083       400

Validation Loss: 0.6706176996231079
              precision    recall  f1-score   support

           0     0.9286    0.5652    0.7027        23
           2     0.4839    1.0000    0.6522        30
           4     0.0000    0.0000    0.0000         8
           5     1.0000    0.0556    0.1053        18
           6     0.6818    0.2778    0.3947        54
           7     0.4167    0.7273    0.5298        55
           9     0.9366    0.9057    0.9209       212

    accuracy                         0.7275       400
   macro avg     0.6354    0.5045    0.4722       400
weighted avg     0.7804    0.7275    0.7083       400

Validation Loss: 0.6685274243354797
              precision    recall  f1-score   support

           0     0.9286    0.5652    0.7027        23
           2     0.4839    1.0000    0.6522        30
           4     0.0000    0.0000    0.0000         8
           5     1.0000    0.0556    0.1053        18
           6     0.6818    0.2778    0.3947        54
           7     0.4167    0.7273    0.5298        55
           9     0.9366    0.9057    0.9209       212

    accuracy                         0.7275       400
   macro avg     0.6354    0.5045    0.4722       400
weighted avg     0.7804    0.7275    0.7083       400

Validation Loss: 0.6664896607398987
              precision    recall  f1-score   support

           0     0.9286    0.5652    0.7027        23
           2     0.4839    1.0000    0.6522        30
           4     0.0000    0.0000    0.0000         8
           5     1.0000    0.0556    0.1053        18
           6     0.6818    0.2778    0.3947        54
           7     0.4167    0.7273    0.5298        55
           9     0.9366    0.9057    0.9209       212

    accuracy                         0.7275       400
   macro avg     0.6354    0.5045    0.4722       400
weighted avg     0.7804    0.7275    0.7083       400

Validation Loss: 0.6645018458366394
              precision    recall  f1-score   support

           0     0.9286    0.5652    0.7027        23
           2     0.4839    1.0000    0.6522        30
           4     0.0000    0.0000    0.0000         8
           5     1.0000    0.0556    0.1053        18
           6     0.6818    0.2778    0.3947        54
           7     0.4167    0.7273    0.5298        55
           9     0.9366    0.9057    0.9209       212

    accuracy                         0.7275       400
   macro avg     0.6354    0.5045    0.4722       400
weighted avg     0.7804    0.7275    0.7083       400

Validation Loss: 0.662556529045105
              precision    recall  f1-score   support

           0     0.9286    0.5652    0.7027        23
           2     0.4839    1.0000    0.6522        30
           4     0.0000    0.0000    0.0000         8
           5     1.0000    0.0556    0.1053        18
           6     0.6957    0.2963    0.4156        54
           7     0.4211    0.7273    0.5333        55
           9     0.9366    0.9057    0.9209       212

    accuracy                         0.7300       400
   macro avg     0.6380    0.5071    0.4757       400
weighted avg     0.7829    0.7300    0.7116       400

Validation Loss: 0.6606526374816895
              precision    recall  f1-score   support

           0     0.9286    0.5652    0.7027        23
           2     0.4839    1.0000    0.6522        30
           4     0.0000    0.0000    0.0000         8
           5     1.0000    0.0556    0.1053        18
           6     0.7391    0.3148    0.4416        54
           7     0.4316    0.7455    0.5467        55
           9     0.9366    0.9057    0.9209       212

    accuracy                         0.7350       400
   macro avg     0.6457    0.5124    0.4813       400
weighted avg     0.7902    0.7350    0.7169       400

Validation Loss: 0.6587909460067749
              precision    recall  f1-score   support

           0     0.9286    0.5652    0.7027        23
           2     0.4833    0.9667    0.6444        30
           4     0.0000    0.0000    0.0000         8
           5     1.0000    0.0556    0.1053        18
           6     0.7200    0.3333    0.4557        54
           7     0.4316    0.7455    0.5467        55
           9     0.9366    0.9057    0.9209       212

    accuracy                         0.7350       400
   macro avg     0.6429    0.5103    0.4822       400
weighted avg     0.7876    0.7350    0.7182       400

Validation Loss: 0.6569720506668091
              precision    recall  f1-score   support

           0     0.9286    0.5652    0.7027        23
           2     0.4833    0.9667    0.6444        30
           4     0.0000    0.0000    0.0000         8
           5     1.0000    0.0556    0.1053        18
           6     0.7200    0.3333    0.4557        54
           7     0.4375    0.7636    0.5563        55
           9     0.9412    0.9057    0.9231       212

    accuracy                         0.7375       400
   macro avg     0.6444    0.5129    0.4839       400
weighted avg     0.7908    0.7375    0.7207       400

Validation Loss: 0.6551939249038696
              precision    recall  f1-score   support

           0     0.9286    0.5652    0.7027        23
           2     0.4833    0.9667    0.6444        30
           4     0.0000    0.0000    0.0000         8
           5     1.0000    0.0556    0.1053        18
           6     0.7200    0.3333    0.4557        54
           7     0.4375    0.7636    0.5563        55
           9     0.9412    0.9057    0.9231       212

    accuracy                         0.7375       400
   macro avg     0.6444    0.5129    0.4839       400
weighted avg     0.7908    0.7375    0.7207       400

Validation Loss: 0.6534545421600342
              precision    recall  f1-score   support

           0     0.9286    0.5652    0.7027        23
           2     0.4833    0.9667    0.6444        30
           4     0.0000    0.0000    0.0000         8
           5     1.0000    0.0556    0.1053        18
           6     0.7200    0.3333    0.4557        54
           7     0.4433    0.7818    0.5658        55
           9     0.9458    0.9057    0.9253       212

    accuracy                         0.7400       400
   macro avg     0.6459    0.5155    0.4856       400
weighted avg     0.7941    0.7400    0.7232       400

Validation Loss: 0.6517548561096191
              precision    recall  f1-score   support

           0     0.9286    0.5652    0.7027        23
           2     0.4915    0.9667    0.6517        30
           4     0.0000    0.0000    0.0000         8
           5     1.0000    0.0556    0.1053        18
           6     0.6923    0.3333    0.4500        54
           7     0.4433    0.7818    0.5658        55
           9     0.9458    0.9057    0.9253       212

    accuracy                         0.7400       400
   macro avg     0.6431    0.5155    0.4858       400
weighted avg     0.7910    0.7400    0.7230       400

Validation Loss: 0.6500924825668335
              precision    recall  f1-score   support

           0     0.9286    0.5652    0.7027        23
           2     0.4915    0.9667    0.6517        30
           4     0.0000    0.0000    0.0000         8
           5     1.0000    0.0556    0.1053        18
           6     0.6667    0.3333    0.4444        54
           7     0.4526    0.7818    0.5733        55
           9     0.9461    0.9104    0.9279       212

    accuracy                         0.7425       400
   macro avg     0.6408    0.5161    0.4865       400
weighted avg     0.7889    0.7425    0.7246       400

Validation Loss: 0.6484659314155579
              precision    recall  f1-score   support

           0     0.9286    0.5652    0.7027        23
           2     0.4915    0.9667    0.6517        30
           4     0.0000    0.0000    0.0000         8
           5     1.0000    0.0556    0.1053        18
           6     0.6667    0.3333    0.4444        54
           7     0.4526    0.7818    0.5733        55
           9     0.9461    0.9104    0.9279       212

    accuracy                         0.7425       400
   macro avg     0.6408    0.5161    0.4865       400
weighted avg     0.7889    0.7425    0.7246       400

Validation Loss: 0.64687180519104
              precision    recall  f1-score   support

           0     0.9286    0.5652    0.7027        23
           2     0.4915    0.9667    0.6517        30
           4     0.0000    0.0000    0.0000         8
           5     1.0000    0.0556    0.1053        18
           6     0.6667    0.3333    0.4444        54
           7     0.4526    0.7818    0.5733        55
           9     0.9461    0.9104    0.9279       212

    accuracy                         0.7425       400
   macro avg     0.6408    0.5161    0.4865       400
weighted avg     0.7889    0.7425    0.7246       400

Validation Loss: 0.6453068256378174
              precision    recall  f1-score   support

           0     0.9286    0.5652    0.7027        23
           2     0.4915    0.9667    0.6517        30
           4     0.0000    0.0000    0.0000         8
           5     1.0000    0.0556    0.1053        18
           6     0.6667    0.3333    0.4444        54
           7     0.4526    0.7818    0.5733        55
           9     0.9461    0.9104    0.9279       212

    accuracy                         0.7425       400
   macro avg     0.6408    0.5161    0.4865       400
weighted avg     0.7889    0.7425    0.7246       400

Validation Loss: 0.6437695026397705
              precision    recall  f1-score   support

           0     0.9286    0.5652    0.7027        23
           2     0.4915    0.9667    0.6517        30
           4     0.0000    0.0000    0.0000         8
           5     1.0000    0.0556    0.1053        18
           6     0.6667    0.3333    0.4444        54
           7     0.4526    0.7818    0.5733        55
           9     0.9461    0.9104    0.9279       212

    accuracy                         0.7425       400
   macro avg     0.6408    0.5161    0.4865       400
weighted avg     0.7889    0.7425    0.7246       400

Validation Loss: 0.6422615647315979
              precision    recall  f1-score   support

           0     0.9286    0.5652    0.7027        23
           2     0.4915    0.9667    0.6517        30
           4     0.0000    0.0000    0.0000         8
           5     1.0000    0.0556    0.1053        18
           6     0.6667    0.3333    0.4444        54
           7     0.4526    0.7818    0.5733        55
           9     0.9461    0.9104    0.9279       212

    accuracy                         0.7425       400
   macro avg     0.6408    0.5161    0.4865       400
weighted avg     0.7889    0.7425    0.7246       400

Validation Loss: 0.6407791972160339
              precision    recall  f1-score   support

           0     0.9286    0.5652    0.7027        23
           2     0.5000    0.9667    0.6591        30
           4     0.0000    0.0000    0.0000         8
           5     1.0000    0.0556    0.1053        18
           6     0.6786    0.3519    0.4634        54
           7     0.4526    0.7818    0.5733        55
           9     0.9461    0.9104    0.9279       212

    accuracy                         0.7450       400
   macro avg     0.6437    0.5188    0.4902       400
weighted avg     0.7912    0.7450    0.7277       400

Validation Loss: 0.6393238306045532
              precision    recall  f1-score   support

           0     0.9286    0.5652    0.7027        23
           2     0.5000    0.9667    0.6591        30
           4     0.0000    0.0000    0.0000         8
           5     1.0000    0.0556    0.1053        18
           6     0.6786    0.3519    0.4634        54
           7     0.4526    0.7818    0.5733        55
           9     0.9461    0.9104    0.9279       212

    accuracy                         0.7450       400
   macro avg     0.6437    0.5188    0.4902       400
weighted avg     0.7912    0.7450    0.7277       400

Validation Loss: 0.6378946304321289
              precision    recall  f1-score   support

           0     0.9286    0.5652    0.7027        23
           2     0.5000    0.9667    0.6591        30
           4     0.0000    0.0000    0.0000         8
           5     1.0000    0.0556    0.1053        18
           6     0.6786    0.3519    0.4634        54
           7     0.4526    0.7818    0.5733        55
           9     0.9461    0.9104    0.9279       212

    accuracy                         0.7450       400
   macro avg     0.6437    0.5188    0.4902       400
weighted avg     0.7912    0.7450    0.7277       400

Validation Loss: 0.6364911794662476
              precision    recall  f1-score   support

           0     0.9286    0.5652    0.7027        23
           2     0.5000    0.9667    0.6591        30
           4     0.0000    0.0000    0.0000         8
           5     1.0000    0.0556    0.1053        18
           6     0.6897    0.3704    0.4819        54
           7     0.4574    0.7818    0.5772        55
           9     0.9461    0.9104    0.9279       212

    accuracy                         0.7475       400
   macro avg     0.6460    0.5214    0.4934       400
weighted avg     0.7933    0.7475    0.7308       400

Validation Loss: 0.6351121068000793
              precision    recall  f1-score   support

           0     0.9286    0.5652    0.7027        23
           2     0.5000    0.9667    0.6591        30
           4     0.0000    0.0000    0.0000         8
           5     1.0000    0.0556    0.1053        18
           6     0.6897    0.3704    0.4819        54
           7     0.4574    0.7818    0.5772        55
           9     0.9461    0.9104    0.9279       212

    accuracy                         0.7475       400
   macro avg     0.6460    0.5214    0.4934       400
weighted avg     0.7933    0.7475    0.7308       400

Validation Loss: 0.6337572336196899
              precision    recall  f1-score   support

           0     0.9286    0.5652    0.7027        23
           2     0.5000    0.9667    0.6591        30
           4     0.0000    0.0000    0.0000         8
           5     1.0000    0.0556    0.1053        18
           6     0.6897    0.3704    0.4819        54
           7     0.4574    0.7818    0.5772        55
           9     0.9461    0.9104    0.9279       212

    accuracy                         0.7475       400
   macro avg     0.6460    0.5214    0.4934       400
weighted avg     0.7933    0.7475    0.7308       400

Validation Loss: 0.6324244141578674
              precision    recall  f1-score   support

           0     0.9286    0.5652    0.7027        23
           2     0.5000    0.9667    0.6591        30
           4     0.0000    0.0000    0.0000         8
           5     1.0000    0.0556    0.1053        18
           6     0.6897    0.3704    0.4819        54
           7     0.4574    0.7818    0.5772        55
           9     0.9461    0.9104    0.9279       212

    accuracy                         0.7475       400
   macro avg     0.6460    0.5214    0.4934       400
weighted avg     0.7933    0.7475    0.7308       400

Validation Loss: 0.6311146020889282
              precision    recall  f1-score   support

           0     0.9286    0.5652    0.7027        23
           2     0.5000    0.9667    0.6591        30
           4     0.0000    0.0000    0.0000         8
           5     1.0000    0.0556    0.1053        18
           6     0.6897    0.3704    0.4819        54
           7     0.4574    0.7818    0.5772        55
           9     0.9461    0.9104    0.9279       212

    accuracy                         0.7475       400
   macro avg     0.6460    0.5214    0.4934       400
weighted avg     0.7933    0.7475    0.7308       400

Validation Loss: 0.6298254728317261
              precision    recall  f1-score   support

           0     0.9286    0.5652    0.7027        23
           2     0.5000    0.9667    0.6591        30
           4     0.0000    0.0000    0.0000         8
           5     1.0000    0.0556    0.1053        18
           6     0.6897    0.3704    0.4819        54
           7     0.4574    0.7818    0.5772        55
           9     0.9461    0.9104    0.9279       212

    accuracy                         0.7475       400
   macro avg     0.6460    0.5214    0.4934       400
weighted avg     0.7933    0.7475    0.7308       400

Validation Loss: 0.6285562515258789
              precision    recall  f1-score   support

           0     0.9286    0.5652    0.7027        23
           2     0.5000    0.9667    0.6591        30
           4     0.0000    0.0000    0.0000         8
           5     1.0000    0.0556    0.1053        18
           6     0.6897    0.3704    0.4819        54
           7     0.4574    0.7818    0.5772        55
           9     0.9461    0.9104    0.9279       212

    accuracy                         0.7475       400
   macro avg     0.6460    0.5214    0.4934       400
weighted avg     0.7933    0.7475    0.7308       400

Validation Loss: 0.6273055672645569
              precision    recall  f1-score   support

           0     0.9333    0.6087    0.7368        23
           2     0.5088    0.9667    0.6667        30
           4     0.0000    0.0000    0.0000         8
           5     1.0000    0.0556    0.1053        18
           6     0.7000    0.3889    0.5000        54
           7     0.4624    0.7818    0.5811        55
           9     0.9461    0.9104    0.9279       212

    accuracy                         0.7525       400
   macro avg     0.6501    0.5303    0.5025       400
weighted avg     0.7963    0.7525    0.7363       400

Validation Loss: 0.6260712146759033
              precision    recall  f1-score   support

           0     0.9333    0.6087    0.7368        23
           2     0.5273    0.9667    0.6824        30
           4     0.0000    0.0000    0.0000         8
           5     1.0000    0.0556    0.1053        18
           6     0.6562    0.3889    0.4884        54
           7     0.4624    0.7818    0.5811        55
           9     0.9461    0.9104    0.9279       212

    accuracy                         0.7525       400
   macro avg     0.6465    0.5303    0.5031       400
weighted avg     0.7918    0.7525    0.7359       400

Validation Loss: 0.624853253364563
              precision    recall  f1-score   support

           0     0.9333    0.6087    0.7368        23
           2     0.5273    0.9667    0.6824        30
           4     0.0000    0.0000    0.0000         8
           5     1.0000    0.0556    0.1053        18
           6     0.6667    0.4074    0.5057        54
           7     0.4624    0.7818    0.5811        55
           9     0.9458    0.9057    0.9253       212

    accuracy                         0.7525       400
   macro avg     0.6479    0.5323    0.5052       400
weighted avg     0.7931    0.7525    0.7369       400

Validation Loss: 0.6236518621444702
              precision    recall  f1-score   support

           0     1.0000    0.6087    0.7568        23
           2     0.5273    0.9667    0.6824        30
           4     0.0000    0.0000    0.0000         8
           5     1.0000    0.0556    0.1053        18
           6     0.6286    0.4074    0.4944        54
           7     0.4674    0.7818    0.5850        55
           9     0.9458    0.9057    0.9253       212

    accuracy                         0.7525       400
   macro avg     0.6527    0.5323    0.5070       400
weighted avg     0.7924    0.7525    0.7370       400

Validation Loss: 0.6224668025970459
              precision    recall  f1-score   support

           0     1.0000    0.6087    0.7568        23
           2     0.5273    0.9667    0.6824        30
           4     0.0000    0.0000    0.0000         8
           5     1.0000    0.0556    0.1053        18
           6     0.6286    0.4074    0.4944        54
           7     0.4615    0.7636    0.5753        55
           9     0.9412    0.9057    0.9231       212

    accuracy                         0.7500       400
   macro avg     0.6512    0.5297    0.5053       400
weighted avg     0.7892    0.7500    0.7345       400

Validation Loss: 0.6212975978851318
              precision    recall  f1-score   support

           0     1.0000    0.6087    0.7568        23
           2     0.5273    0.9667    0.6824        30
           4     0.0000    0.0000    0.0000         8
           5     1.0000    0.0556    0.1053        18
           6     0.6111    0.4074    0.4889        54
           7     0.4556    0.7455    0.5655        55
           9     0.9412    0.9057    0.9231       212

    accuracy                         0.7475       400
   macro avg     0.6479    0.5271    0.5031       400
weighted avg     0.7860    0.7475    0.7324       400

Validation Loss: 0.6201441287994385
              precision    recall  f1-score   support

           0     1.0000    0.6087    0.7568        23
           2     0.5370    0.9667    0.6905        30
           4     0.0000    0.0000    0.0000         8
           5     1.0000    0.0556    0.1053        18
           6     0.5789    0.4074    0.4783        54
           7     0.4659    0.7455    0.5734        55
           9     0.9415    0.9104    0.9257       212

    accuracy                         0.7500       400
   macro avg     0.6462    0.5277    0.5043       400
weighted avg     0.7840    0.7500    0.7340       400

Validation Loss: 0.6190053224563599
              precision    recall  f1-score   support

           0     1.0000    0.6087    0.7568        23
           2     0.5370    0.9667    0.6905        30
           4     0.0000    0.0000    0.0000         8
           5     1.0000    0.0556    0.1053        18
           6     0.5789    0.4074    0.4783        54
           7     0.4659    0.7455    0.5734        55
           9     0.9415    0.9104    0.9257       212

    accuracy                         0.7500       400
   macro avg     0.6462    0.5277    0.5043       400
weighted avg     0.7840    0.7500    0.7340       400

Validation Loss: 0.6178820133209229
              precision    recall  f1-score   support

           0     1.0000    0.6087    0.7568        23
           2     0.5370    0.9667    0.6905        30
           4     0.0000    0.0000    0.0000         8
           5     1.0000    0.0556    0.1053        18
           6     0.5789    0.4074    0.4783        54
           7     0.4659    0.7455    0.5734        55
           9     0.9415    0.9104    0.9257       212

    accuracy                         0.7500       400
   macro avg     0.6462    0.5277    0.5043       400
weighted avg     0.7840    0.7500    0.7340       400

Validation Loss: 0.6167720556259155
              precision    recall  f1-score   support

           0     1.0000    0.6087    0.7568        23
           2     0.5370    0.9667    0.6905        30
           4     0.0000    0.0000    0.0000         8
           5     1.0000    0.0556    0.1053        18
           6     0.5789    0.4074    0.4783        54
           7     0.4659    0.7455    0.5734        55
           9     0.9415    0.9104    0.9257       212

    accuracy                         0.7500       400
   macro avg     0.6462    0.5277    0.5043       400
weighted avg     0.7840    0.7500    0.7340       400

Validation Loss: 0.6156769394874573
              precision    recall  f1-score   support

           0     1.0000    0.6087    0.7568        23
           2     0.5370    0.9667    0.6905        30
           4     0.0000    0.0000    0.0000         8
           5     1.0000    0.0556    0.1053        18
           6     0.5789    0.4074    0.4783        54
           7     0.4659    0.7455    0.5734        55
           9     0.9415    0.9104    0.9257       212

    accuracy                         0.7500       400
   macro avg     0.6462    0.5277    0.5043       400
weighted avg     0.7840    0.7500    0.7340       400

Validation Loss: 0.6145917177200317
              precision    recall  f1-score   support

           0     1.0000    0.6087    0.7568        23
           2     0.5370    0.9667    0.6905        30
           4     0.0000    0.0000    0.0000         8
           5     1.0000    0.0556    0.1053        18
           6     0.5789    0.4074    0.4783        54
           7     0.4659    0.7455    0.5734        55
           9     0.9415    0.9104    0.9257       212

    accuracy                         0.7500       400
   macro avg     0.6462    0.5277    0.5043       400
weighted avg     0.7840    0.7500    0.7340       400

Validation Loss: 0.6135196685791016
              precision    recall  f1-score   support

           0     1.0000    0.6087    0.7568        23
           2     0.5370    0.9667    0.6905        30
           4     0.0000    0.0000    0.0000         8
           5     1.0000    0.0556    0.1053        18
           6     0.5789    0.4074    0.4783        54
           7     0.4659    0.7455    0.5734        55
           9     0.9415    0.9104    0.9257       212

    accuracy                         0.7500       400
   macro avg     0.6462    0.5277    0.5043       400
weighted avg     0.7840    0.7500    0.7340       400

Validation Loss: 0.6124602556228638
              precision    recall  f1-score   support

           0     1.0000    0.6087    0.7568        23
           2     0.5370    0.9667    0.6905        30
           4     0.0000    0.0000    0.0000         8
           5     1.0000    0.0556    0.1053        18
           6     0.5641    0.4074    0.4731        54
           7     0.4598    0.7273    0.5634        55
           9     0.9415    0.9104    0.9257       212

    accuracy                         0.7475       400
   macro avg     0.6432    0.5251    0.5021       400
weighted avg     0.7811    0.7475    0.7320       400

Validation Loss: 0.6114119291305542
              precision    recall  f1-score   support

           0     1.0000    0.6087    0.7568        23
           2     0.5370    0.9667    0.6905        30
           4     0.0000    0.0000    0.0000         8
           5     1.0000    0.0556    0.1053        18
           6     0.5641    0.4074    0.4731        54
           7     0.4598    0.7273    0.5634        55
           9     0.9415    0.9104    0.9257       212

    accuracy                         0.7475       400
   macro avg     0.6432    0.5251    0.5021       400
weighted avg     0.7811    0.7475    0.7320       400

Validation Loss: 0.6103745102882385
              precision    recall  f1-score   support

           0     1.0000    0.6087    0.7568        23
           2     0.5370    0.9667    0.6905        30
           4     0.0000    0.0000    0.0000         8
           5     1.0000    0.0556    0.1053        18
           6     0.5641    0.4074    0.4731        54
           7     0.4651    0.7273    0.5674        55
           9     0.9417    0.9151    0.9282       212

    accuracy                         0.7500       400
   macro avg     0.6440    0.5258    0.5030       400
weighted avg     0.7820    0.7500    0.7339       400

Validation Loss: 0.609347403049469
              precision    recall  f1-score   support

           0     1.0000    0.6087    0.7568        23
           2     0.5472    0.9667    0.6988        30
           4     0.0000    0.0000    0.0000         8
           5     1.0000    0.0556    0.1053        18
           6     0.5500    0.4074    0.4681        54
           7     0.4651    0.7273    0.5674        55
           9     0.9417    0.9151    0.9282       212

    accuracy                         0.7500       400
   macro avg     0.6434    0.5258    0.5035       400
weighted avg     0.7809    0.7500    0.7338       400

Validation Loss: 0.6083309650421143
              precision    recall  f1-score   support

           0     1.0000    0.6087    0.7568        23
           2     0.5472    0.9667    0.6988        30
           4     0.0000    0.0000    0.0000         8
           5     1.0000    0.0556    0.1053        18
           6     0.5500    0.4074    0.4681        54
           7     0.4651    0.7273    0.5674        55
           9     0.9417    0.9151    0.9282       212

    accuracy                         0.7500       400
   macro avg     0.6434    0.5258    0.5035       400
weighted avg     0.7809    0.7500    0.7338       400

Validation Loss: 0.6073241233825684
              precision    recall  f1-score   support

           0     1.0000    0.6087    0.7568        23
           2     0.5472    0.9667    0.6988        30
           4     0.0000    0.0000    0.0000         8
           5     1.0000    0.0556    0.1053        18
           6     0.5500    0.4074    0.4681        54
           7     0.4651    0.7273    0.5674        55
           9     0.9417    0.9151    0.9282       212

    accuracy                         0.7500       400
   macro avg     0.6434    0.5258    0.5035       400
weighted avg     0.7809    0.7500    0.7338       400

Validation Loss: 0.6063271760940552
              precision    recall  f1-score   support

           0     1.0000    0.6087    0.7568        23
           2     0.5472    0.9667    0.6988        30
           4     0.0000    0.0000    0.0000         8
           5     1.0000    0.0556    0.1053        18
           6     0.5500    0.4074    0.4681        54
           7     0.4651    0.7273    0.5674        55
           9     0.9417    0.9151    0.9282       212

    accuracy                         0.7500       400
   macro avg     0.6434    0.5258    0.5035       400
weighted avg     0.7809    0.7500    0.7338       400

Validation Loss: 0.6053406596183777
              precision    recall  f1-score   support

           0     1.0000    0.6087    0.7568        23
           2     0.5472    0.9667    0.6988        30
           4     0.0000    0.0000    0.0000         8
           5     1.0000    0.0556    0.1053        18
           6     0.5500    0.4074    0.4681        54
           7     0.4651    0.7273    0.5674        55
           9     0.9417    0.9151    0.9282       212

    accuracy                         0.7500       400
   macro avg     0.6434    0.5258    0.5035       400
weighted avg     0.7809    0.7500    0.7338       400

Validation Loss: 0.6043643951416016
              precision    recall  f1-score   support

           0     1.0000    0.6087    0.7568        23
           2     0.5472    0.9667    0.6988        30
           4     0.0000    0.0000    0.0000         8
           5     1.0000    0.0556    0.1053        18
           6     0.5366    0.4074    0.4632        54
           7     0.4706    0.7273    0.5714        55
           9     0.9417    0.9151    0.9282       212

    accuracy                         0.7500       400
   macro avg     0.6423    0.5258    0.5034       400
weighted avg     0.7798    0.7500    0.7337       400

Validation Loss: 0.6033977270126343
              precision    recall  f1-score   support

           0     1.0000    0.6087    0.7568        23
           2     0.5472    0.9667    0.6988        30
           4     0.0000    0.0000    0.0000         8
           5     1.0000    0.0556    0.1053        18
           6     0.5476    0.4259    0.4792        54
           7     0.4762    0.7273    0.5755        55
           9     0.9417    0.9151    0.9282       212

    accuracy                         0.7525       400
   macro avg     0.6447    0.5285    0.5063       400
weighted avg     0.7821    0.7525    0.7364       400

Validation Loss: 0.602440357208252
              precision    recall  f1-score   support

           0     1.0000    0.6087    0.7568        23
           2     0.5472    0.9667    0.6988        30
           4     0.0000    0.0000    0.0000         8
           5     1.0000    0.0556    0.1053        18
           6     0.5476    0.4259    0.4792        54
           7     0.4762    0.7273    0.5755        55
           9     0.9417    0.9151    0.9282       212

    accuracy                         0.7525       400
   macro avg     0.6447    0.5285    0.5063       400
weighted avg     0.7821    0.7525    0.7364       400

Validation Loss: 0.601492166519165
              precision    recall  f1-score   support

           0     1.0000    0.6087    0.7568        23
           2     0.5472    0.9667    0.6988        30
           4     0.0000    0.0000    0.0000         8
           5     0.0000    0.0000    0.0000        18
           6     0.5349    0.4259    0.4742        54
           7     0.4762    0.7273    0.5755        55
           9     0.9417    0.9151    0.9282       212

    accuracy                         0.7500       400
   macro avg     0.5000    0.5205    0.4905       400
weighted avg     0.7353    0.7500    0.7310       400

Validation Loss: 0.6005526781082153
              precision    recall  f1-score   support

           0     1.0000    0.6087    0.7568        23
           2     0.5472    0.9667    0.6988        30
           4     0.0000    0.0000    0.0000         8
           5     0.0000    0.0000    0.0000        18
           6     0.5349    0.4259    0.4742        54
           7     0.4762    0.7273    0.5755        55
           9     0.9417    0.9151    0.9282       212

    accuracy                         0.7500       400
   macro avg     0.5000    0.5205    0.4905       400
weighted avg     0.7353    0.7500    0.7310       400

Validation Loss: 0.5996212363243103
              precision    recall  f1-score   support

           0     0.9333    0.6087    0.7368        23
           2     0.5385    0.9333    0.6829        30
           4     0.0000    0.0000    0.0000         8
           5     0.0000    0.0000    0.0000        18
           6     0.5349    0.4259    0.4742        54
           7     0.4762    0.7273    0.5755        55
           9     0.9417    0.9151    0.9282       212

    accuracy                         0.7475       400
   macro avg     0.4892    0.5158    0.4854       400
weighted avg     0.7309    0.7475    0.7287       400

Validation Loss: 0.5986981391906738
              precision    recall  f1-score   support

           0     0.9333    0.6087    0.7368        23
           2     0.5385    0.9333    0.6829        30
           4     0.0000    0.0000    0.0000         8
           5     0.0000    0.0000    0.0000        18
           6     0.5556    0.4630    0.5051        54
           7     0.4878    0.7273    0.5839        55
           9     0.9417    0.9151    0.9282       212

    accuracy                         0.7525       400
   macro avg     0.4938    0.5211    0.4910       400
weighted avg     0.7353    0.7525    0.7340       400

Validation Loss: 0.5977839827537537
              precision    recall  f1-score   support

           0     0.9333    0.6087    0.7368        23
           2     0.5385    0.9333    0.6829        30
           4     0.0000    0.0000    0.0000         8
           5     0.0000    0.0000    0.0000        18
           6     0.5556    0.4630    0.5051        54
           7     0.4878    0.7273    0.5839        55
           9     0.9417    0.9151    0.9282       212

    accuracy                         0.7525       400
   macro avg     0.4938    0.5211    0.4910       400
weighted avg     0.7353    0.7525    0.7340       400

Validation Loss: 0.5968814492225647
              precision    recall  f1-score   support

           0     0.9333    0.6087    0.7368        23
           2     0.5385    0.9333    0.6829        30
           4     0.0000    0.0000    0.0000         8
           5     0.0000    0.0000    0.0000        18
           6     0.5652    0.4815    0.5200        54
           7     0.4938    0.7273    0.5882        55
           9     0.9417    0.9151    0.9282       212

    accuracy                         0.7550       400
   macro avg     0.4961    0.5237    0.4937       400
weighted avg     0.7374    0.7550    0.7366       400

Validation Loss: 0.5959855318069458
              precision    recall  f1-score   support

           0     0.9333    0.6087    0.7368        23
           2     0.5385    0.9333    0.6829        30
           4     0.0000    0.0000    0.0000         8
           5     0.0000    0.0000    0.0000        18
           6     0.5652    0.4815    0.5200        54
           7     0.4938    0.7273    0.5882        55
           9     0.9417    0.9151    0.9282       212

    accuracy                         0.7550       400
   macro avg     0.4961    0.5237    0.4937       400
weighted avg     0.7374    0.7550    0.7366       400

Validation Loss: 0.5950952172279358
              precision    recall  f1-score   support

           0     0.9333    0.6087    0.7368        23
           2     0.5385    0.9333    0.6829        30
           4     0.0000    0.0000    0.0000         8
           5     0.0000    0.0000    0.0000        18
           6     0.5652    0.4815    0.5200        54
           7     0.4938    0.7273    0.5882        55
           9     0.9417    0.9151    0.9282       212

    accuracy                         0.7550       400
   macro avg     0.4961    0.5237    0.4937       400
weighted avg     0.7374    0.7550    0.7366       400

Validation Loss: 0.5942111015319824
              precision    recall  f1-score   support

           0     0.9333    0.6087    0.7368        23
           2     0.5385    0.9333    0.6829        30
           4     0.0000    0.0000    0.0000         8
           5     0.0000    0.0000    0.0000        18
           6     0.5652    0.4815    0.5200        54
           7     0.4938    0.7273    0.5882        55
           9     0.9417    0.9151    0.9282       212

    accuracy                         0.7550       400
   macro avg     0.4961    0.5237    0.4937       400
weighted avg     0.7374    0.7550    0.7366       400

Validation Loss: 0.5933337211608887
              precision    recall  f1-score   support

           0     0.9333    0.6087    0.7368        23
           2     0.5385    0.9333    0.6829        30
           4     0.0000    0.0000    0.0000         8
           5     0.0000    0.0000    0.0000        18
           6     0.5652    0.4815    0.5200        54
           7     0.4938    0.7273    0.5882        55
           9     0.9417    0.9151    0.9282       212

    accuracy                         0.7550       400
   macro avg     0.4961    0.5237    0.4937       400
weighted avg     0.7374    0.7550    0.7366       400

Validation Loss: 0.5924628973007202
              precision    recall  f1-score   support

           0     0.9333    0.6087    0.7368        23
           2     0.5385    0.9333    0.6829        30
           4     0.0000    0.0000    0.0000         8
           5     0.0000    0.0000    0.0000        18
           6     0.5652    0.4815    0.5200        54
           7     0.4938    0.7273    0.5882        55
           9     0.9417    0.9151    0.9282       212

    accuracy                         0.7550       400
   macro avg     0.4961    0.5237    0.4937       400
weighted avg     0.7374    0.7550    0.7366       400

Validation Loss: 0.5915985107421875
              precision    recall  f1-score   support

           0     0.9333    0.6087    0.7368        23
           2     0.5490    0.9333    0.6914        30
           4     0.0000    0.0000    0.0000         8
           5     0.0000    0.0000    0.0000        18
           6     0.5532    0.4815    0.5149        54
           7     0.4938    0.7273    0.5882        55
           9     0.9417    0.9151    0.9282       212

    accuracy                         0.7550       400
   macro avg     0.4959    0.5237    0.4942       400
weighted avg     0.7366    0.7550    0.7366       400

Validation Loss: 0.5907411575317383
              precision    recall  f1-score   support

           0     0.9333    0.6087    0.7368        23
           2     0.5490    0.9333    0.6914        30
           4     0.0000    0.0000    0.0000         8
           5     0.0000    0.0000    0.0000        18
           6     0.5532    0.4815    0.5149        54
           7     0.4938    0.7273    0.5882        55
           9     0.9417    0.9151    0.9282       212

    accuracy                         0.7550       400
   macro avg     0.4959    0.5237    0.4942       400
weighted avg     0.7366    0.7550    0.7366       400

Validation Loss: 0.5898910760879517
              precision    recall  f1-score   support

           0     0.9333    0.6087    0.7368        23
           2     0.5490    0.9333    0.6914        30
           4     0.0000    0.0000    0.0000         8
           5     0.0000    0.0000    0.0000        18
           6     0.5532    0.4815    0.5149        54
           7     0.4938    0.7273    0.5882        55
           9     0.9417    0.9151    0.9282       212

    accuracy                         0.7550       400
   macro avg     0.4959    0.5237    0.4942       400
weighted avg     0.7366    0.7550    0.7366       400

Validation Loss: 0.5890480279922485
              precision    recall  f1-score   support

           0     0.9333    0.6087    0.7368        23
           2     0.5490    0.9333    0.6914        30
           4     0.0000    0.0000    0.0000         8
           5     0.0000    0.0000    0.0000        18
           6     0.5532    0.4815    0.5149        54
           7     0.4938    0.7273    0.5882        55
           9     0.9417    0.9151    0.9282       212

    accuracy                         0.7550       400
   macro avg     0.4959    0.5237    0.4942       400
weighted avg     0.7366    0.7550    0.7366       400

Validation Loss: 0.5882112979888916
              precision    recall  f1-score   support

           0     0.9333    0.6087    0.7368        23
           2     0.5490    0.9333    0.6914        30
           4     0.0000    0.0000    0.0000         8
           5     0.0000    0.0000    0.0000        18
           6     0.5532    0.4815    0.5149        54
           7     0.4938    0.7273    0.5882        55
           9     0.9417    0.9151    0.9282       212

    accuracy                         0.7550       400
   macro avg     0.4959    0.5237    0.4942       400
weighted avg     0.7366    0.7550    0.7366       400

Validation Loss: 0.5873813033103943
              precision    recall  f1-score   support

           0     0.9333    0.6087    0.7368        23
           2     0.5490    0.9333    0.6914        30
           4     0.0000    0.0000    0.0000         8
           5     0.0000    0.0000    0.0000        18
           6     0.5532    0.4815    0.5149        54
           7     0.5000    0.7273    0.5926        55
           9     0.9420    0.9198    0.9308       212

    accuracy                         0.7575       400
   macro avg     0.4968    0.5244    0.4952       400
weighted avg     0.7375    0.7575    0.7385       400

Validation Loss: 0.5865576267242432
              precision    recall  f1-score   support

           0     0.9333    0.6087    0.7368        23
           2     0.5600    0.9333    0.7000        30
           4     0.0000    0.0000    0.0000         8
           5     1.0000    0.0556    0.1053        18
           6     0.5532    0.4815    0.5149        54
           7     0.5000    0.7273    0.5926        55
           9     0.9420    0.9198    0.9308       212

    accuracy                         0.7600       400
   macro avg     0.6412    0.5323    0.5115       400
weighted avg     0.7834    0.7600    0.7439       400

Validation Loss: 0.5857404470443726
              precision    recall  f1-score   support

           0     0.9333    0.6087    0.7368        23
           2     0.5600    0.9333    0.7000        30
           4     0.0000    0.0000    0.0000         8
           5     1.0000    0.0556    0.1053        18
           6     0.5532    0.4815    0.5149        54
           7     0.5000    0.7273    0.5926        55
           9     0.9420    0.9198    0.9308       212

    accuracy                         0.7600       400
   macro avg     0.6412    0.5323    0.5115       400
weighted avg     0.7834    0.7600    0.7439       400

Validation Loss: 0.5849301815032959
              precision    recall  f1-score   support

           0     0.9333    0.6087    0.7368        23
           2     0.5600    0.9333    0.7000        30
           4     0.0000    0.0000    0.0000         8
           5     1.0000    0.0556    0.1053        18
           6     0.5625    0.5000    0.5294        54
           7     0.5063    0.7273    0.5970        55
           9     0.9420    0.9198    0.9308       212

    accuracy                         0.7625       400
   macro avg     0.6435    0.5350    0.5142       400
weighted avg     0.7855    0.7625    0.7465       400

Validation Loss: 0.5841265320777893
              precision    recall  f1-score   support

           0     0.9333    0.6087    0.7368        23
           2     0.5600    0.9333    0.7000        30
           4     0.0000    0.0000    0.0000         8
           5     1.0000    0.0556    0.1053        18
           6     0.5714    0.5185    0.5437        54
           7     0.5128    0.7273    0.6015        55
           9     0.9420    0.9198    0.9308       212

    accuracy                         0.7650       400
   macro avg     0.6457    0.5376    0.5169       400
weighted avg     0.7876    0.7650    0.7490       400

Validation Loss: 0.5833297967910767
              precision    recall  f1-score   support

           0     0.9333    0.6087    0.7368        23
           2     0.5600    0.9333    0.7000        30
           4     0.0000    0.0000    0.0000         8
           5     1.0000    0.0556    0.1053        18
           6     0.5714    0.5185    0.5437        54
           7     0.5128    0.7273    0.6015        55
           9     0.9420    0.9198    0.9308       212

    accuracy                         0.7650       400
   macro avg     0.6457    0.5376    0.5169       400
weighted avg     0.7876    0.7650    0.7490       400

Validation Loss: 0.5825400352478027
              precision    recall  f1-score   support

           0     0.9333    0.6087    0.7368        23
           2     0.5600    0.9333    0.7000        30
           4     0.0000    0.0000    0.0000         8
           5     1.0000    0.0556    0.1053        18
           6     0.5714    0.5185    0.5437        54
           7     0.5128    0.7273    0.6015        55
           9     0.9420    0.9198    0.9308       212

    accuracy                         0.7650       400
   macro avg     0.6457    0.5376    0.5169       400
weighted avg     0.7876    0.7650    0.7490       400

Validation Loss: 0.5817570090293884
              precision    recall  f1-score   support

           0     0.9333    0.6087    0.7368        23
           2     0.5600    0.9333    0.7000        30
           4     0.0000    0.0000    0.0000         8
           5     1.0000    0.0556    0.1053        18
           6     0.5714    0.5185    0.5437        54
           7     0.5190    0.7455    0.6119        55
           9     0.9466    0.9198    0.9330       212

    accuracy                         0.7675       400
   macro avg     0.6472    0.5402    0.5187       400
weighted avg     0.7909    0.7675    0.7516       400

Validation Loss: 0.5809799432754517
              precision    recall  f1-score   support

           0     0.9333    0.6087    0.7368        23
           2     0.5600    0.9333    0.7000        30
           4     0.0000    0.0000    0.0000         8
           5     1.0000    0.0556    0.1053        18
           6     0.5714    0.5185    0.5437        54
           7     0.5190    0.7455    0.6119        55
           9     0.9466    0.9198    0.9330       212

    accuracy                         0.7675       400
   macro avg     0.6472    0.5402    0.5187       400
weighted avg     0.7909    0.7675    0.7516       400

Validation Loss: 0.5802086591720581
              precision    recall  f1-score   support

           0     0.9333    0.6087    0.7368        23
           2     0.5600    0.9333    0.7000        30
           4     0.0000    0.0000    0.0000         8
           5     1.0000    0.0556    0.1053        18
           6     0.5714    0.5185    0.5437        54
           7     0.5190    0.7455    0.6119        55
           9     0.9466    0.9198    0.9330       212

    accuracy                         0.7675       400
   macro avg     0.6472    0.5402    0.5187       400
weighted avg     0.7909    0.7675    0.7516       400

Validation Loss: 0.5794433355331421
              precision    recall  f1-score   support

           0     0.9333    0.6087    0.7368        23
           2     0.5600    0.9333    0.7000        30
           4     0.0000    0.0000    0.0000         8
           5     1.0000    0.0556    0.1053        18
           6     0.5714    0.5185    0.5437        54
           7     0.5190    0.7455    0.6119        55
           9     0.9466    0.9198    0.9330       212

    accuracy                         0.7675       400
   macro avg     0.6472    0.5402    0.5187       400
weighted avg     0.7909    0.7675    0.7516       400

Validation Loss: 0.5786848068237305
              precision    recall  f1-score   support

           0     0.9333    0.6087    0.7368        23
           2     0.5600    0.9333    0.7000        30
           4     0.0000    0.0000    0.0000         8
           5     1.0000    0.0556    0.1053        18
           6     0.5714    0.5185    0.5437        54
           7     0.5190    0.7455    0.6119        55
           9     0.9466    0.9198    0.9330       212

    accuracy                         0.7675       400
   macro avg     0.6472    0.5402    0.5187       400
weighted avg     0.7909    0.7675    0.7516       400

Validation Loss: 0.5779318809509277
              precision    recall  f1-score   support

           0     0.9333    0.6087    0.7368        23
           2     0.5600    0.9333    0.7000        30
           4     0.0000    0.0000    0.0000         8
           5     1.0000    0.0556    0.1053        18
           6     0.5714    0.5185    0.5437        54
           7     0.5190    0.7455    0.6119        55
           9     0.9466    0.9198    0.9330       212

    accuracy                         0.7675       400
   macro avg     0.6472    0.5402    0.5187       400
weighted avg     0.7909    0.7675    0.7516       400

Validation Loss: 0.5771855711936951
              precision    recall  f1-score   support

           0     0.9333    0.6087    0.7368        23
           2     0.5600    0.9333    0.7000        30
           4     0.0000    0.0000    0.0000         8
           5     1.0000    0.0556    0.1053        18
           6     0.5714    0.5185    0.5437        54
           7     0.5190    0.7455    0.6119        55
           9     0.9466    0.9198    0.9330       212

    accuracy                         0.7675       400
   macro avg     0.6472    0.5402    0.5187       400
weighted avg     0.7909    0.7675    0.7516       400

Validation Loss: 0.5764451622962952
              precision    recall  f1-score   support

           0     0.9333    0.6087    0.7368        23
           2     0.5600    0.9333    0.7000        30
           4     0.0000    0.0000    0.0000         8
           5     1.0000    0.0556    0.1053        18
           6     0.5714    0.5185    0.5437        54
           7     0.5190    0.7455    0.6119        55
           9     0.9466    0.9198    0.9330       212

    accuracy                         0.7675       400
   macro avg     0.6472    0.5402    0.5187       400
weighted avg     0.7909    0.7675    0.7516       400

Validation Loss: 0.575710654258728
              precision    recall  f1-score   support

           0     0.9333    0.6087    0.7368        23
           2     0.5600    0.9333    0.7000        30
           4     0.0000    0.0000    0.0000         8
           5     1.0000    0.0556    0.1053        18
           6     0.5714    0.5185    0.5437        54
           7     0.5190    0.7455    0.6119        55
           9     0.9466    0.9198    0.9330       212

    accuracy                         0.7675       400
   macro avg     0.6472    0.5402    0.5187       400
weighted avg     0.7909    0.7675    0.7516       400

Validation Loss: 0.5749818086624146
              precision    recall  f1-score   support

           0     0.9333    0.6087    0.7368        23
           2     0.5600    0.9333    0.7000        30
           4     0.0000    0.0000    0.0000         8
           5     1.0000    0.0556    0.1053        18
           6     0.5714    0.5185    0.5437        54
           7     0.5190    0.7455    0.6119        55
           9     0.9466    0.9198    0.9330       212

    accuracy                         0.7675       400
   macro avg     0.6472    0.5402    0.5187       400
weighted avg     0.7909    0.7675    0.7516       400

Validation Loss: 0.5742590427398682
              precision    recall  f1-score   support

           0     0.9333    0.6087    0.7368        23
           2     0.5600    0.9333    0.7000        30
           4     0.0000    0.0000    0.0000         8
           5     1.0000    0.0556    0.1053        18
           6     0.5714    0.5185    0.5437        54
           7     0.5190    0.7455    0.6119        55
           9     0.9466    0.9198    0.9330       212

    accuracy                         0.7675       400
   macro avg     0.6472    0.5402    0.5187       400
weighted avg     0.7909    0.7675    0.7516       400

Validation Loss: 0.5735423564910889
              precision    recall  f1-score   support

           0     0.9333    0.6087    0.7368        23
           2     0.5600    0.9333    0.7000        30
           4     0.0000    0.0000    0.0000         8
           5     1.0000    0.0556    0.1053        18
           6     0.5714    0.5185    0.5437        54
           7     0.5190    0.7455    0.6119        55
           9     0.9466    0.9198    0.9330       212

    accuracy                         0.7675       400
   macro avg     0.6472    0.5402    0.5187       400
weighted avg     0.7909    0.7675    0.7516       400

Validation Loss: 0.5728319883346558
              precision    recall  f1-score   support

           0     0.9333    0.6087    0.7368        23
           2     0.5600    0.9333    0.7000        30
           4     0.0000    0.0000    0.0000         8
           5     1.0000    0.0556    0.1053        18
           6     0.5714    0.5185    0.5437        54
           7     0.5190    0.7455    0.6119        55
           9     0.9466    0.9198    0.9330       212

    accuracy                         0.7675       400
   macro avg     0.6472    0.5402    0.5187       400
weighted avg     0.7909    0.7675    0.7516       400

Validation Loss: 0.5721273422241211
              precision    recall  f1-score   support

           0     0.9333    0.6087    0.7368        23
           2     0.5600    0.9333    0.7000        30
           4     0.0000    0.0000    0.0000         8
           5     1.0000    0.0556    0.1053        18
           6     0.5714    0.5185    0.5437        54
           7     0.5190    0.7455    0.6119        55
           9     0.9466    0.9198    0.9330       212

    accuracy                         0.7675       400
   macro avg     0.6472    0.5402    0.5187       400
weighted avg     0.7909    0.7675    0.7516       400

Validation Loss: 0.5714274644851685
              precision    recall  f1-score   support

           0     0.9333    0.6087    0.7368        23
           2     0.5600    0.9333    0.7000        30
           4     0.0000    0.0000    0.0000         8
           5     1.0000    0.0556    0.1053        18
           6     0.5714    0.5185    0.5437        54
           7     0.5190    0.7455    0.6119        55
           9     0.9466    0.9198    0.9330       212

    accuracy                         0.7675       400
   macro avg     0.6472    0.5402    0.5187       400
weighted avg     0.7909    0.7675    0.7516       400

Validation Loss: 0.5707316398620605
              precision    recall  f1-score   support

           0     0.9333    0.6087    0.7368        23
           2     0.5600    0.9333    0.7000        30
           4     0.0000    0.0000    0.0000         8
           5     1.0000    0.0556    0.1053        18
           6     0.5714    0.5185    0.5437        54
           7     0.5190    0.7455    0.6119        55
           9     0.9466    0.9198    0.9330       212

    accuracy                         0.7675       400
   macro avg     0.6472    0.5402    0.5187       400
weighted avg     0.7909    0.7675    0.7516       400

Validation Loss: 0.570040225982666
              precision    recall  f1-score   support

           0     0.9333    0.6087    0.7368        23
           2     0.5600    0.9333    0.7000        30
           4     0.0000    0.0000    0.0000         8
           5     1.0000    0.0556    0.1053        18
           6     0.5714    0.5185    0.5437        54
           7     0.5190    0.7455    0.6119        55
           9     0.9466    0.9198    0.9330       212

    accuracy                         0.7675       400
   macro avg     0.6472    0.5402    0.5187       400
weighted avg     0.7909    0.7675    0.7516       400

Validation Loss: 0.5693554878234863
              precision    recall  f1-score   support

           0     0.9333    0.6087    0.7368        23
           2     0.5600    0.9333    0.7000        30
           4     0.0000    0.0000    0.0000         8
           5     1.0000    0.0556    0.1053        18
           6     0.5714    0.5185    0.5437        54
           7     0.5190    0.7455    0.6119        55
           9     0.9466    0.9198    0.9330       212

    accuracy                         0.7675       400
   macro avg     0.6472    0.5402    0.5187       400
weighted avg     0.7909    0.7675    0.7516       400

Validation Loss: 0.5686776638031006
              precision    recall  f1-score   support

           0     0.9333    0.6087    0.7368        23
           2     0.5600    0.9333    0.7000        30
           4     0.0000    0.0000    0.0000         8
           5     1.0000    0.0556    0.1053        18
           6     0.5714    0.5185    0.5437        54
           7     0.5190    0.7455    0.6119        55
           9     0.9466    0.9198    0.9330       212

    accuracy                         0.7675       400
   macro avg     0.6472    0.5402    0.5187       400
weighted avg     0.7909    0.7675    0.7516       400

Validation Loss: 0.5680074691772461
              precision    recall  f1-score   support

           0     0.9333    0.6087    0.7368        23
           2     0.5600    0.9333    0.7000        30
           4     0.0000    0.0000    0.0000         8
           5     1.0000    0.0556    0.1053        18
           6     0.5714    0.5185    0.5437        54
           7     0.5190    0.7455    0.6119        55
           9     0.9466    0.9198    0.9330       212

    accuracy                         0.7675       400
   macro avg     0.6472    0.5402    0.5187       400
weighted avg     0.7909    0.7675    0.7516       400

Validation Loss: 0.5673417448997498
              precision    recall  f1-score   support

           0     0.9333    0.6087    0.7368        23
           2     0.5600    0.9333    0.7000        30
           4     0.0000    0.0000    0.0000         8
           5     1.0000    0.0556    0.1053        18
           6     0.5714    0.5185    0.5437        54
           7     0.5190    0.7455    0.6119        55
           9     0.9466    0.9198    0.9330       212

    accuracy                         0.7675       400
   macro avg     0.6472    0.5402    0.5187       400
weighted avg     0.7909    0.7675    0.7516       400

Validation Loss: 0.5666809678077698
              precision    recall  f1-score   support

           0     0.9333    0.6087    0.7368        23
           2     0.5600    0.9333    0.7000        30
           4     0.0000    0.0000    0.0000         8
           5     1.0000    0.0556    0.1053        18
           6     0.5714    0.5185    0.5437        54
           7     0.5190    0.7455    0.6119        55
           9     0.9466    0.9198    0.9330       212

    accuracy                         0.7675       400
   macro avg     0.6472    0.5402    0.5187       400
weighted avg     0.7909    0.7675    0.7516       400

Validation Loss: 0.5660251379013062
              precision    recall  f1-score   support

           0     0.9333    0.6087    0.7368        23
           2     0.5600    0.9333    0.7000        30
           4     0.0000    0.0000    0.0000         8
           5     1.0000    0.0556    0.1053        18
           6     0.5714    0.5185    0.5437        54
           7     0.5190    0.7455    0.6119        55
           9     0.9466    0.9198    0.9330       212

    accuracy                         0.7675       400
   macro avg     0.6472    0.5402    0.5187       400
weighted avg     0.7909    0.7675    0.7516       400

Validation Loss: 0.5653743743896484
              precision    recall  f1-score   support

           0     0.9333    0.6087    0.7368        23
           2     0.5600    0.9333    0.7000        30
           4     0.0000    0.0000    0.0000         8
           5     1.0000    0.0556    0.1053        18
           6     0.5714    0.5185    0.5437        54
           7     0.5190    0.7455    0.6119        55
           9     0.9466    0.9198    0.9330       212

    accuracy                         0.7675       400
   macro avg     0.6472    0.5402    0.5187       400
weighted avg     0.7909    0.7675    0.7516       400

Validation Loss: 0.5647292733192444
              precision    recall  f1-score   support

           0     0.9333    0.6087    0.7368        23
           2     0.5600    0.9333    0.7000        30
           4     0.0000    0.0000    0.0000         8
           5     1.0000    0.0556    0.1053        18
           6     0.5714    0.5185    0.5437        54
           7     0.5190    0.7455    0.6119        55
           9     0.9466    0.9198    0.9330       212

    accuracy                         0.7675       400
   macro avg     0.6472    0.5402    0.5187       400
weighted avg     0.7909    0.7675    0.7516       400

Validation Loss: 0.5640891790390015
              precision    recall  f1-score   support

           0     0.9333    0.6087    0.7368        23
           2     0.5600    0.9333    0.7000        30
           4     0.0000    0.0000    0.0000         8
           5     1.0000    0.0556    0.1053        18
           6     0.5800    0.5370    0.5577        54
           7     0.5256    0.7455    0.6165        55
           9     0.9466    0.9198    0.9330       212

    accuracy                         0.7700       400
   macro avg     0.6494    0.5428    0.5213       400
weighted avg     0.7929    0.7700    0.7542       400

Validation Loss: 0.5634543895721436
              precision    recall  f1-score   support

           0     0.9333    0.6087    0.7368        23
           2     0.5600    0.9333    0.7000        30
           4     0.0000    0.0000    0.0000         8
           5     1.0000    0.0556    0.1053        18
           6     0.5800    0.5370    0.5577        54
           7     0.5256    0.7455    0.6165        55
           9     0.9466    0.9198    0.9330       212

    accuracy                         0.7700       400
   macro avg     0.6494    0.5428    0.5213       400
weighted avg     0.7929    0.7700    0.7542       400

Validation Loss: 0.5628243088722229
              precision    recall  f1-score   support

           0     0.9333    0.6087    0.7368        23
           2     0.5600    0.9333    0.7000        30
           4     0.0000    0.0000    0.0000         8
           5     1.0000    0.0556    0.1053        18
           6     0.5800    0.5370    0.5577        54
           7     0.5256    0.7455    0.6165        55
           9     0.9466    0.9198    0.9330       212

    accuracy                         0.7700       400
   macro avg     0.6494    0.5428    0.5213       400
weighted avg     0.7929    0.7700    0.7542       400

Validation Loss: 0.5621997117996216
              precision    recall  f1-score   support

           0     0.9333    0.6087    0.7368        23
           2     0.5600    0.9333    0.7000        30
           4     0.0000    0.0000    0.0000         8
           5     1.0000    0.0556    0.1053        18
           6     0.5800    0.5370    0.5577        54
           7     0.5256    0.7455    0.6165        55
           9     0.9466    0.9198    0.9330       212

    accuracy                         0.7700       400
   macro avg     0.6494    0.5428    0.5213       400
weighted avg     0.7929    0.7700    0.7542       400

Validation Loss: 0.5615812540054321
              precision    recall  f1-score   support

           0     0.9333    0.6087    0.7368        23
           2     0.5600    0.9333    0.7000        30
           4     0.0000    0.0000    0.0000         8
           5     1.0000    0.0556    0.1053        18
           6     0.5800    0.5370    0.5577        54
           7     0.5256    0.7455    0.6165        55
           9     0.9466    0.9198    0.9330       212

    accuracy                         0.7700       400
   macro avg     0.6494    0.5428    0.5213       400
weighted avg     0.7929    0.7700    0.7542       400

Validation Loss: 0.5609673261642456
              precision    recall  f1-score   support

           0     0.9333    0.6087    0.7368        23
           2     0.5600    0.9333    0.7000        30
           4     0.0000    0.0000    0.0000         8
           5     1.0000    0.0556    0.1053        18
           6     0.5800    0.5370    0.5577        54
           7     0.5256    0.7455    0.6165        55
           9     0.9466    0.9198    0.9330       212

    accuracy                         0.7700       400
   macro avg     0.6494    0.5428    0.5213       400
weighted avg     0.7929    0.7700    0.7542       400

Validation Loss: 0.5603592395782471
              precision    recall  f1-score   support

           0     0.9333    0.6087    0.7368        23
           2     0.5714    0.9333    0.7089        30
           4     0.0000    0.0000    0.0000         8
           5     1.0000    0.0556    0.1053        18
           6     0.5686    0.5370    0.5524        54
           7     0.5256    0.7455    0.6165        55
           9     0.9466    0.9198    0.9330       212

    accuracy                         0.7700       400
   macro avg     0.6494    0.5428    0.5218       400
weighted avg     0.7923    0.7700    0.7541       400

Validation Loss: 0.5597556233406067
              precision    recall  f1-score   support

           0     0.9333    0.6087    0.7368        23
           2     0.5714    0.9333    0.7089        30
           4     0.0000    0.0000    0.0000         8
           5     1.0000    0.0556    0.1053        18
           6     0.5686    0.5370    0.5524        54
           7     0.5256    0.7455    0.6165        55
           9     0.9466    0.9198    0.9330       212

    accuracy                         0.7700       400
   macro avg     0.6494    0.5428    0.5218       400
weighted avg     0.7923    0.7700    0.7541       400

Validation Loss: 0.5591564178466797
              precision    recall  f1-score   support

           0     0.9333    0.6087    0.7368        23
           2     0.5714    0.9333    0.7089        30
           4     0.0000    0.0000    0.0000         8
           5     1.0000    0.0556    0.1053        18
           6     0.5686    0.5370    0.5524        54
           7     0.5256    0.7455    0.6165        55
           9     0.9466    0.9198    0.9330       212

    accuracy                         0.7700       400
   macro avg     0.6494    0.5428    0.5218       400
weighted avg     0.7923    0.7700    0.7541       400

Validation Loss: 0.5585614442825317
              precision    recall  f1-score   support

           0     0.9333    0.6087    0.7368        23
           2     0.5714    0.9333    0.7089        30
           4     0.0000    0.0000    0.0000         8
           5     1.0000    0.0556    0.1053        18
           6     0.5686    0.5370    0.5524        54
           7     0.5256    0.7455    0.6165        55
           9     0.9466    0.9198    0.9330       212

    accuracy                         0.7700       400
   macro avg     0.6494    0.5428    0.5218       400
weighted avg     0.7923    0.7700    0.7541       400

Validation Loss: 0.5579709410667419
              precision    recall  f1-score   support

           0     0.9333    0.6087    0.7368        23
           2     0.5714    0.9333    0.7089        30
           4     0.0000    0.0000    0.0000         8
           5     1.0000    0.0556    0.1053        18
           6     0.5686    0.5370    0.5524        54
           7     0.5256    0.7455    0.6165        55
           9     0.9466    0.9198    0.9330       212

    accuracy                         0.7700       400
   macro avg     0.6494    0.5428    0.5218       400
weighted avg     0.7923    0.7700    0.7541       400

Validation Loss: 0.5573854446411133
              precision    recall  f1-score   support

           0     0.9333    0.6087    0.7368        23
           2     0.5714    0.9333    0.7089        30
           4     0.0000    0.0000    0.0000         8
           5     1.0000    0.0556    0.1053        18
           6     0.5686    0.5370    0.5524        54
           7     0.5256    0.7455    0.6165        55
           9     0.9466    0.9198    0.9330       212

    accuracy                         0.7700       400
   macro avg     0.6494    0.5428    0.5218       400
weighted avg     0.7923    0.7700    0.7541       400

Validation Loss: 0.556804895401001
              precision    recall  f1-score   support

           0     0.9333    0.6087    0.7368        23
           2     0.5714    0.9333    0.7089        30
           4     0.0000    0.0000    0.0000         8
           5     1.0000    0.0556    0.1053        18
           6     0.5577    0.5370    0.5472        54
           7     0.5325    0.7455    0.6212        55
           9     0.9466    0.9198    0.9330       212

    accuracy                         0.7700       400
   macro avg     0.6488    0.5428    0.5218       400
weighted avg     0.7917    0.7700    0.7541       400

Validation Loss: 0.556228518486023
              precision    recall  f1-score   support

           0     0.9333    0.6087    0.7368        23
           2     0.5714    0.9333    0.7089        30
           4     0.0000    0.0000    0.0000         8
           5     1.0000    0.0556    0.1053        18
           6     0.5660    0.5556    0.5607        54
           7     0.5395    0.7455    0.6260        55
           9     0.9466    0.9198    0.9330       212

    accuracy                         0.7725       400
   macro avg     0.6510    0.5455    0.5244       400
weighted avg     0.7938    0.7725    0.7565       400

Validation Loss: 0.5556570291519165
              precision    recall  f1-score   support

           0     0.9333    0.6087    0.7368        23
           2     0.5714    0.9333    0.7089        30
           4     0.0000    0.0000    0.0000         8
           5     1.0000    0.0556    0.1053        18
           6     0.5636    0.5741    0.5688        54
           7     0.5405    0.7273    0.6202        55
           9     0.9466    0.9198    0.9330       212

    accuracy                         0.7725       400
   macro avg     0.6508    0.5455    0.5247       400
weighted avg     0.7936    0.7725    0.7568       400

Validation Loss: 0.5550892353057861
              precision    recall  f1-score   support

           0     0.9333    0.6087    0.7368        23
           2     0.5714    0.9333    0.7089        30
           4     0.0000    0.0000    0.0000         8
           5     1.0000    0.0556    0.1053        18
           6     0.5636    0.5741    0.5688        54
           7     0.5405    0.7273    0.6202        55
           9     0.9466    0.9198    0.9330       212

    accuracy                         0.7725       400
   macro avg     0.6508    0.5455    0.5247       400
weighted avg     0.7936    0.7725    0.7568       400

Validation Loss: 0.5545262098312378
              precision    recall  f1-score   support

           0     0.9333    0.6087    0.7368        23
           2     0.5714    0.9333    0.7089        30
           4     0.0000    0.0000    0.0000         8
           5     1.0000    0.0556    0.1053        18
           6     0.5636    0.5741    0.5688        54
           7     0.5405    0.7273    0.6202        55
           9     0.9466    0.9198    0.9330       212

    accuracy                         0.7725       400
   macro avg     0.6508    0.5455    0.5247       400
weighted avg     0.7936    0.7725    0.7568       400

Validation Loss: 0.5539677739143372
              precision    recall  f1-score   support

           0     0.9333    0.6087    0.7368        23
           2     0.5714    0.9333    0.7089        30
           4     0.0000    0.0000    0.0000         8
           5     1.0000    0.0556    0.1053        18
           6     0.5636    0.5741    0.5688        54
           7     0.5405    0.7273    0.6202        55
           9     0.9466    0.9198    0.9330       212

    accuracy                         0.7725       400
   macro avg     0.6508    0.5455    0.5247       400
weighted avg     0.7936    0.7725    0.7568       400

Validation Loss: 0.5534132719039917
              precision    recall  f1-score   support

           0     0.9333    0.6087    0.7368        23
           2     0.5714    0.9333    0.7089        30
           4     0.0000    0.0000    0.0000         8
           5     1.0000    0.0556    0.1053        18
           6     0.5636    0.5741    0.5688        54
           7     0.5405    0.7273    0.6202        55
           9     0.9466    0.9198    0.9330       212

    accuracy                         0.7725       400
   macro avg     0.6508    0.5455    0.5247       400
weighted avg     0.7936    0.7725    0.7568       400

Validation Loss: 0.5528630018234253
              precision    recall  f1-score   support

           0     0.9333    0.6087    0.7368        23
           2     0.5714    0.9333    0.7089        30
           4     0.0000    0.0000    0.0000         8
           5     1.0000    0.0556    0.1053        18
           6     0.5636    0.5741    0.5688        54
           7     0.5405    0.7273    0.6202        55
           9     0.9466    0.9198    0.9330       212

    accuracy                         0.7725       400
   macro avg     0.6508    0.5455    0.5247       400
weighted avg     0.7936    0.7725    0.7568       400

Validation Loss: 0.5523173809051514
              precision    recall  f1-score   support

           0     0.9333    0.6087    0.7368        23
           2     0.5714    0.9333    0.7089        30
           4     0.0000    0.0000    0.0000         8
           5     1.0000    0.0556    0.1053        18
           6     0.5636    0.5741    0.5688        54
           7     0.5405    0.7273    0.6202        55
           9     0.9466    0.9198    0.9330       212

    accuracy                         0.7725       400
   macro avg     0.6508    0.5455    0.5247       400
weighted avg     0.7936    0.7725    0.7568       400

Validation Loss: 0.5517754554748535
              precision    recall  f1-score   support

           0     0.9333    0.6087    0.7368        23
           2     0.5714    0.9333    0.7089        30
           4     0.0000    0.0000    0.0000         8
           5     1.0000    0.0556    0.1053        18
           6     0.5636    0.5741    0.5688        54
           7     0.5405    0.7273    0.6202        55
           9     0.9466    0.9198    0.9330       212

    accuracy                         0.7725       400
   macro avg     0.6508    0.5455    0.5247       400
weighted avg     0.7936    0.7725    0.7568       400

Validation Loss: 0.5512377619743347
              precision    recall  f1-score   support

           0     0.9333    0.6087    0.7368        23
           2     0.5714    0.9333    0.7089        30
           4     0.0000    0.0000    0.0000         8
           5     1.0000    0.0556    0.1053        18
           6     0.5636    0.5741    0.5688        54
           7     0.5405    0.7273    0.6202        55
           9     0.9466    0.9198    0.9330       212

    accuracy                         0.7725       400
   macro avg     0.6508    0.5455    0.5247       400
weighted avg     0.7936    0.7725    0.7568       400

Validation Loss: 0.5507041215896606
              precision    recall  f1-score   support

           0     0.9333    0.6087    0.7368        23
           2     0.5714    0.9333    0.7089        30
           4     0.0000    0.0000    0.0000         8
           5     1.0000    0.0556    0.1053        18
           6     0.5636    0.5741    0.5688        54
           7     0.5405    0.7273    0.6202        55
           9     0.9466    0.9198    0.9330       212

    accuracy                         0.7725       400
   macro avg     0.6508    0.5455    0.5247       400
weighted avg     0.7936    0.7725    0.7568       400

Validation Loss: 0.550173282623291
              precision    recall  f1-score   support

           0     0.9333    0.6087    0.7368        23
           2     0.5714    0.9333    0.7089        30
           4     0.0000    0.0000    0.0000         8
           5     1.0000    0.0556    0.1053        18
           6     0.5636    0.5741    0.5688        54
           7     0.5405    0.7273    0.6202        55
           9     0.9466    0.9198    0.9330       212

    accuracy                         0.7725       400
   macro avg     0.6508    0.5455    0.5247       400
weighted avg     0.7936    0.7725    0.7568       400

Validation Loss: 0.549647331237793
              precision    recall  f1-score   support

           0     0.9375    0.6522    0.7692        23
           2     0.5833    0.9333    0.7179        30
           4     0.0000    0.0000    0.0000         8
           5     1.0000    0.0556    0.1053        18
           6     0.5636    0.5741    0.5688        54
           7     0.5405    0.7273    0.6202        55
           9     0.9466    0.9198    0.9330       212

    accuracy                         0.7750       400
   macro avg     0.6531    0.5517    0.5306       400
weighted avg     0.7948    0.7750    0.7594       400

Validation Loss: 0.5491269826889038
              precision    recall  f1-score   support

           0     0.9375    0.6522    0.7692        23
           2     0.5833    0.9333    0.7179        30
           4     0.0000    0.0000    0.0000         8
           5     1.0000    0.0556    0.1053        18
           6     0.5636    0.5741    0.5688        54
           7     0.5405    0.7273    0.6202        55
           9     0.9466    0.9198    0.9330       212

    accuracy                         0.7750       400
   macro avg     0.6531    0.5517    0.5306       400
weighted avg     0.7948    0.7750    0.7594       400

Validation Loss: 0.5486107468605042
              precision    recall  f1-score   support

           0     0.9375    0.6522    0.7692        23
           2     0.5833    0.9333    0.7179        30
           4     0.0000    0.0000    0.0000         8
           5     1.0000    0.0556    0.1053        18
           6     0.5636    0.5741    0.5688        54
           7     0.5405    0.7273    0.6202        55
           9     0.9466    0.9198    0.9330       212

    accuracy                         0.7750       400
   macro avg     0.6531    0.5517    0.5306       400
weighted avg     0.7948    0.7750    0.7594       400

Validation Loss: 0.5480982065200806
              precision    recall  f1-score   support

           0     0.9375    0.6522    0.7692        23
           2     0.5833    0.9333    0.7179        30
           4     0.0000    0.0000    0.0000         8
           5     1.0000    0.0556    0.1053        18
           6     0.5636    0.5741    0.5688        54
           7     0.5405    0.7273    0.6202        55
           9     0.9466    0.9198    0.9330       212

    accuracy                         0.7750       400
   macro avg     0.6531    0.5517    0.5306       400
weighted avg     0.7948    0.7750    0.7594       400

Validation Loss: 0.5475888252258301
              precision    recall  f1-score   support

           0     0.9375    0.6522    0.7692        23
           2     0.5833    0.9333    0.7179        30
           4     0.0000    0.0000    0.0000         8
           5     1.0000    0.0556    0.1053        18
           6     0.5636    0.5741    0.5688        54
           7     0.5405    0.7273    0.6202        55
           9     0.9466    0.9198    0.9330       212

    accuracy                         0.7750       400
   macro avg     0.6531    0.5517    0.5306       400
weighted avg     0.7948    0.7750    0.7594       400

Validation Loss: 0.547082781791687
              precision    recall  f1-score   support

           0     0.9375    0.6522    0.7692        23
           2     0.5833    0.9333    0.7179        30
           4     0.0000    0.0000    0.0000         8
           5     1.0000    0.0556    0.1053        18
           6     0.5636    0.5741    0.5688        54
           7     0.5405    0.7273    0.6202        55
           9     0.9466    0.9198    0.9330       212

    accuracy                         0.7750       400
   macro avg     0.6531    0.5517    0.5306       400
weighted avg     0.7948    0.7750    0.7594       400

Validation Loss: 0.5465800166130066
              precision    recall  f1-score   support

           0     0.9375    0.6522    0.7692        23
           2     0.5833    0.9333    0.7179        30
           4     0.0000    0.0000    0.0000         8
           5     1.0000    0.0556    0.1053        18
           6     0.5636    0.5741    0.5688        54
           7     0.5405    0.7273    0.6202        55
           9     0.9466    0.9198    0.9330       212

    accuracy                         0.7750       400
   macro avg     0.6531    0.5517    0.5306       400
weighted avg     0.7948    0.7750    0.7594       400

Validation Loss: 0.5460822582244873
              precision    recall  f1-score   support

           0     0.9375    0.6522    0.7692        23
           2     0.5957    0.9333    0.7273        30
           4     0.0000    0.0000    0.0000         8
           5     1.0000    0.0556    0.1053        18
           6     0.5636    0.5741    0.5688        54
           7     0.5405    0.7273    0.6202        55
           9     0.9466    0.9198    0.9330       212

    accuracy                         0.7750       400
   macro avg     0.6549    0.5517    0.5320       400
weighted avg     0.7957    0.7750    0.7601       400

Validation Loss: 0.5455889701843262
              precision    recall  f1-score   support

           0     0.9375    0.6522    0.7692        23
           2     0.5957    0.9333    0.7273        30
           4     0.0000    0.0000    0.0000         8
           5     1.0000    0.0556    0.1053        18
           6     0.5636    0.5741    0.5688        54
           7     0.5405    0.7273    0.6202        55
           9     0.9466    0.9198    0.9330       212

    accuracy                         0.7750       400
   macro avg     0.6549    0.5517    0.5320       400
weighted avg     0.7957    0.7750    0.7601       400

Validation Loss: 0.5450985431671143
              precision    recall  f1-score   support

           0     0.9375    0.6522    0.7692        23
           2     0.5957    0.9333    0.7273        30
           4     0.0000    0.0000    0.0000         8
           5     1.0000    0.0556    0.1053        18
           6     0.5636    0.5741    0.5688        54
           7     0.5405    0.7273    0.6202        55
           9     0.9466    0.9198    0.9330       212

    accuracy                         0.7750       400
   macro avg     0.6549    0.5517    0.5320       400
weighted avg     0.7957    0.7750    0.7601       400

Validation Loss: 0.544612467288971
              precision    recall  f1-score   support

           0     0.9375    0.6522    0.7692        23
           2     0.5957    0.9333    0.7273        30
           4     0.0000    0.0000    0.0000         8
           5     1.0000    0.0556    0.1053        18
           6     0.5636    0.5741    0.5688        54
           7     0.5405    0.7273    0.6202        55
           9     0.9466    0.9198    0.9330       212

    accuracy                         0.7750       400
   macro avg     0.6549    0.5517    0.5320       400
weighted avg     0.7957    0.7750    0.7601       400

Validation Loss: 0.5441299676895142
              precision    recall  f1-score   support

           0     0.9375    0.6522    0.7692        23
           2     0.5957    0.9333    0.7273        30
           4     0.0000    0.0000    0.0000         8
           5     1.0000    0.0556    0.1053        18
           6     0.5636    0.5741    0.5688        54
           7     0.5405    0.7273    0.6202        55
           9     0.9466    0.9198    0.9330       212

    accuracy                         0.7750       400
   macro avg     0.6549    0.5517    0.5320       400
weighted avg     0.7957    0.7750    0.7601       400

Validation Loss: 0.5436512231826782
              precision    recall  f1-score   support

           0     0.9375    0.6522    0.7692        23
           2     0.5957    0.9333    0.7273        30
           4     0.0000    0.0000    0.0000         8
           5     1.0000    0.0556    0.1053        18
           6     0.5636    0.5741    0.5688        54
           7     0.5405    0.7273    0.6202        55
           9     0.9466    0.9198    0.9330       212

    accuracy                         0.7750       400
   macro avg     0.6549    0.5517    0.5320       400
weighted avg     0.7957    0.7750    0.7601       400

Validation Loss: 0.543174684047699
              precision    recall  f1-score   support

           0     0.9375    0.6522    0.7692        23
           2     0.5957    0.9333    0.7273        30
           4     0.0000    0.0000    0.0000         8
           5     1.0000    0.0556    0.1053        18
           6     0.5636    0.5741    0.5688        54
           7     0.5405    0.7273    0.6202        55
           9     0.9466    0.9198    0.9330       212

    accuracy                         0.7750       400
   macro avg     0.6549    0.5517    0.5320       400
weighted avg     0.7957    0.7750    0.7601       400

Validation Loss: 0.5427013635635376
              precision    recall  f1-score   support

           0     0.9375    0.6522    0.7692        23
           2     0.5957    0.9333    0.7273        30
           4     0.0000    0.0000    0.0000         8
           5     1.0000    0.0556    0.1053        18
           6     0.5636    0.5741    0.5688        54
           7     0.5405    0.7273    0.6202        55
           9     0.9466    0.9198    0.9330       212

    accuracy                         0.7750       400
   macro avg     0.6549    0.5517    0.5320       400
weighted avg     0.7957    0.7750    0.7601       400

Validation Loss: 0.5422312021255493
              precision    recall  f1-score   support

           0     0.9375    0.6522    0.7692        23
           2     0.5957    0.9333    0.7273        30
           4     0.0000    0.0000    0.0000         8
           5     1.0000    0.0556    0.1053        18
           6     0.5636    0.5741    0.5688        54
           7     0.5405    0.7273    0.6202        55
           9     0.9466    0.9198    0.9330       212

    accuracy                         0.7750       400
   macro avg     0.6549    0.5517    0.5320       400
weighted avg     0.7957    0.7750    0.7601       400

Validation Loss: 0.5417636632919312
              precision    recall  f1-score   support

           0     0.9375    0.6522    0.7692        23
           2     0.5957    0.9333    0.7273        30
           4     0.0000    0.0000    0.0000         8
           5     1.0000    0.0556    0.1053        18
           6     0.5636    0.5741    0.5688        54
           7     0.5405    0.7273    0.6202        55
           9     0.9466    0.9198    0.9330       212

    accuracy                         0.7750       400
   macro avg     0.6549    0.5517    0.5320       400
weighted avg     0.7957    0.7750    0.7601       400

Validation Loss: 0.5412989258766174
              precision    recall  f1-score   support

           0     0.9375    0.6522    0.7692        23
           2     0.5957    0.9333    0.7273        30
           4     0.0000    0.0000    0.0000         8
           5     1.0000    0.0556    0.1053        18
           6     0.5636    0.5741    0.5688        54
           7     0.5405    0.7273    0.6202        55
           9     0.9466    0.9198    0.9330       212

    accuracy                         0.7750       400
   macro avg     0.6549    0.5517    0.5320       400
weighted avg     0.7957    0.7750    0.7601       400

Validation Loss: 0.5408376455307007
              precision    recall  f1-score   support

           0     0.9375    0.6522    0.7692        23
           2     0.5957    0.9333    0.7273        30
           4     0.0000    0.0000    0.0000         8
           5     1.0000    0.0556    0.1053        18
           6     0.5636    0.5741    0.5688        54
           7     0.5405    0.7273    0.6202        55
           9     0.9466    0.9198    0.9330       212

    accuracy                         0.7750       400
   macro avg     0.6549    0.5517    0.5320       400
weighted avg     0.7957    0.7750    0.7601       400

Validation Loss: 0.5403805375099182
              precision    recall  f1-score   support

           0     0.9375    0.6522    0.7692        23
           2     0.5957    0.9333    0.7273        30
           4     0.0000    0.0000    0.0000         8
           5     1.0000    0.0556    0.1053        18
           6     0.5636    0.5741    0.5688        54
           7     0.5405    0.7273    0.6202        55
           9     0.9466    0.9198    0.9330       212

    accuracy                         0.7750       400
   macro avg     0.6549    0.5517    0.5320       400
weighted avg     0.7957    0.7750    0.7601       400

Validation Loss: 0.5399268865585327
              precision    recall  f1-score   support

           0     0.9375    0.6522    0.7692        23
           2     0.5957    0.9333    0.7273        30
           4     0.0000    0.0000    0.0000         8
           5     1.0000    0.0556    0.1053        18
           6     0.5636    0.5741    0.5688        54
           7     0.5405    0.7273    0.6202        55
           9     0.9466    0.9198    0.9330       212

    accuracy                         0.7750       400
   macro avg     0.6549    0.5517    0.5320       400
weighted avg     0.7957    0.7750    0.7601       400

Validation Loss: 0.5394768118858337
              precision    recall  f1-score   support

           0     0.9375    0.6522    0.7692        23
           2     0.5957    0.9333    0.7273        30
           4     0.0000    0.0000    0.0000         8
           5     1.0000    0.0556    0.1053        18
           6     0.5636    0.5741    0.5688        54
           7     0.5405    0.7273    0.6202        55
           9     0.9466    0.9198    0.9330       212

    accuracy                         0.7750       400
   macro avg     0.6549    0.5517    0.5320       400
weighted avg     0.7957    0.7750    0.7601       400

Validation Loss: 0.5390299558639526
              precision    recall  f1-score   support

           0     0.9375    0.6522    0.7692        23
           2     0.5957    0.9333    0.7273        30
           4     0.0000    0.0000    0.0000         8
           5     1.0000    0.0556    0.1053        18
           6     0.5636    0.5741    0.5688        54
           7     0.5405    0.7273    0.6202        55
           9     0.9466    0.9198    0.9330       212

    accuracy                         0.7750       400
   macro avg     0.6549    0.5517    0.5320       400
weighted avg     0.7957    0.7750    0.7601       400

Validation Loss: 0.5385864973068237
              precision    recall  f1-score   support

           0     0.9375    0.6522    0.7692        23
           2     0.5957    0.9333    0.7273        30
           4     0.0000    0.0000    0.0000         8
           5     1.0000    0.0556    0.1053        18
           6     0.5714    0.5926    0.5818        54
           7     0.5479    0.7273    0.6250        55
           9     0.9466    0.9198    0.9330       212

    accuracy                         0.7775       400
   macro avg     0.6570    0.5544    0.5345       400
weighted avg     0.7978    0.7775    0.7625       400

Validation Loss: 0.5381461381912231
              precision    recall  f1-score   support

           0     0.9375    0.6522    0.7692        23
           2     0.5957    0.9333    0.7273        30
           4     0.0000    0.0000    0.0000         8
           5     1.0000    0.0556    0.1053        18
           6     0.5714    0.5926    0.5818        54
           7     0.5479    0.7273    0.6250        55
           9     0.9466    0.9198    0.9330       212

    accuracy                         0.7775       400
   macro avg     0.6570    0.5544    0.5345       400
weighted avg     0.7978    0.7775    0.7625       400

Validation Loss: 0.5377086997032166
              precision    recall  f1-score   support

           0     0.9375    0.6522    0.7692        23
           2     0.5957    0.9333    0.7273        30
           4     0.0000    0.0000    0.0000         8
           5     1.0000    0.0556    0.1053        18
           6     0.5714    0.5926    0.5818        54
           7     0.5479    0.7273    0.6250        55
           9     0.9466    0.9198    0.9330       212

    accuracy                         0.7775       400
   macro avg     0.6570    0.5544    0.5345       400
weighted avg     0.7978    0.7775    0.7625       400

Validation Loss: 0.5372744798660278
              precision    recall  f1-score   support

           0     0.9375    0.6522    0.7692        23
           2     0.5957    0.9333    0.7273        30
           4     0.0000    0.0000    0.0000         8
           5     1.0000    0.0556    0.1053        18
           6     0.5714    0.5926    0.5818        54
           7     0.5479    0.7273    0.6250        55
           9     0.9466    0.9198    0.9330       212

    accuracy                         0.7775       400
   macro avg     0.6570    0.5544    0.5345       400
weighted avg     0.7978    0.7775    0.7625       400

Validation Loss: 0.5368441343307495
              precision    recall  f1-score   support

           0     0.9375    0.6522    0.7692        23
           2     0.5957    0.9333    0.7273        30
           4     0.0000    0.0000    0.0000         8
           5     1.0000    0.0556    0.1053        18
           6     0.5714    0.5926    0.5818        54
           7     0.5479    0.7273    0.6250        55
           9     0.9466    0.9198    0.9330       212

    accuracy                         0.7775       400
   macro avg     0.6570    0.5544    0.5345       400
weighted avg     0.7978    0.7775    0.7625       400

Validation Loss: 0.5364162921905518
              precision    recall  f1-score   support

           0     0.9375    0.6522    0.7692        23
           2     0.5957    0.9333    0.7273        30
           4     0.0000    0.0000    0.0000         8
           5     1.0000    0.0556    0.1053        18
           6     0.5714    0.5926    0.5818        54
           7     0.5479    0.7273    0.6250        55
           9     0.9466    0.9198    0.9330       212

    accuracy                         0.7775       400
   macro avg     0.6570    0.5544    0.5345       400
weighted avg     0.7978    0.7775    0.7625       400

Validation Loss: 0.5359913110733032
              precision    recall  f1-score   support

           0     0.9375    0.6522    0.7692        23
           2     0.5957    0.9333    0.7273        30
           4     0.0000    0.0000    0.0000         8
           5     1.0000    0.0556    0.1053        18
           6     0.5714    0.5926    0.5818        54
           7     0.5479    0.7273    0.6250        55
           9     0.9466    0.9198    0.9330       212

    accuracy                         0.7775       400
   macro avg     0.6570    0.5544    0.5345       400
weighted avg     0.7978    0.7775    0.7625       400

Validation Loss: 0.5355697870254517
              precision    recall  f1-score   support

           0     0.9375    0.6522    0.7692        23
           2     0.5957    0.9333    0.7273        30
           4     0.0000    0.0000    0.0000         8
           5     1.0000    0.0556    0.1053        18
           6     0.5714    0.5926    0.5818        54
           7     0.5479    0.7273    0.6250        55
           9     0.9466    0.9198    0.9330       212

    accuracy                         0.7775       400
   macro avg     0.6570    0.5544    0.5345       400
weighted avg     0.7978    0.7775    0.7625       400

Validation Loss: 0.5351505875587463
              precision    recall  f1-score   support

           0     0.9375    0.6522    0.7692        23
           2     0.5957    0.9333    0.7273        30
           4     0.0000    0.0000    0.0000         8
           5     1.0000    0.0556    0.1053        18
           6     0.5714    0.5926    0.5818        54
           7     0.5479    0.7273    0.6250        55
           9     0.9466    0.9198    0.9330       212

    accuracy                         0.7775       400
   macro avg     0.6570    0.5544    0.5345       400
weighted avg     0.7978    0.7775    0.7625       400

Validation Loss: 0.5347346067428589
              precision    recall  f1-score   support

           0     0.9375    0.6522    0.7692        23
           2     0.5957    0.9333    0.7273        30
           4     0.0000    0.0000    0.0000         8
           5     1.0000    0.0556    0.1053        18
           6     0.5714    0.5926    0.5818        54
           7     0.5479    0.7273    0.6250        55
           9     0.9466    0.9198    0.9330       212

    accuracy                         0.7775       400
   macro avg     0.6570    0.5544    0.5345       400
weighted avg     0.7978    0.7775    0.7625       400

Validation Loss: 0.5343214869499207
              precision    recall  f1-score   support

           0     0.9375    0.6522    0.7692        23
           2     0.5957    0.9333    0.7273        30
           4     0.0000    0.0000    0.0000         8
           5     1.0000    0.0556    0.1053        18
           6     0.5714    0.5926    0.5818        54
           7     0.5479    0.7273    0.6250        55
           9     0.9466    0.9198    0.9330       212

    accuracy                         0.7775       400
   macro avg     0.6570    0.5544    0.5345       400
weighted avg     0.7978    0.7775    0.7625       400

Validation Loss: 0.5339110493659973
              precision    recall  f1-score   support

           0     0.9375    0.6522    0.7692        23
           2     0.5957    0.9333    0.7273        30
           4     0.0000    0.0000    0.0000         8
           5     1.0000    0.0556    0.1053        18
           6     0.5714    0.5926    0.5818        54
           7     0.5479    0.7273    0.6250        55
           9     0.9466    0.9198    0.9330       212

    accuracy                         0.7775       400
   macro avg     0.6570    0.5544    0.5345       400
weighted avg     0.7978    0.7775    0.7625       400

Validation Loss: 0.5335036516189575
              precision    recall  f1-score   support

           0     0.9375    0.6522    0.7692        23
           2     0.5957    0.9333    0.7273        30
           4     0.0000    0.0000    0.0000         8
           5     1.0000    0.0556    0.1053        18
           6     0.5714    0.5926    0.5818        54
           7     0.5479    0.7273    0.6250        55
           9     0.9466    0.9198    0.9330       212

    accuracy                         0.7775       400
   macro avg     0.6570    0.5544    0.5345       400
weighted avg     0.7978    0.7775    0.7625       400

Validation Loss: 0.5330990552902222
              precision    recall  f1-score   support

           0     0.9375    0.6522    0.7692        23
           2     0.5957    0.9333    0.7273        30
           4     0.0000    0.0000    0.0000         8
           5     1.0000    0.0556    0.1053        18
           6     0.5714    0.5926    0.5818        54
           7     0.5479    0.7273    0.6250        55
           9     0.9466    0.9198    0.9330       212

    accuracy                         0.7775       400
   macro avg     0.6570    0.5544    0.5345       400
weighted avg     0.7978    0.7775    0.7625       400

Validation Loss: 0.5326975584030151
              precision    recall  f1-score   support

           0     0.9375    0.6522    0.7692        23
           2     0.5957    0.9333    0.7273        30
           4     0.0000    0.0000    0.0000         8
           5     1.0000    0.0556    0.1053        18
           6     0.5714    0.5926    0.5818        54
           7     0.5479    0.7273    0.6250        55
           9     0.9466    0.9198    0.9330       212

    accuracy                         0.7775       400
   macro avg     0.6570    0.5544    0.5345       400
weighted avg     0.7978    0.7775    0.7625       400

Validation Loss: 0.5322988629341125
              precision    recall  f1-score   support

           0     0.9375    0.6522    0.7692        23
           2     0.5957    0.9333    0.7273        30
           4     0.0000    0.0000    0.0000         8
           5     1.0000    0.0556    0.1053        18
           6     0.5714    0.5926    0.5818        54
           7     0.5479    0.7273    0.6250        55
           9     0.9466    0.9198    0.9330       212

    accuracy                         0.7775       400
   macro avg     0.6570    0.5544    0.5345       400
weighted avg     0.7978    0.7775    0.7625       400

Validation Loss: 0.5319026708602905
              precision    recall  f1-score   support

           0     0.9375    0.6522    0.7692        23
           2     0.5957    0.9333    0.7273        30
           4     0.0000    0.0000    0.0000         8
           5     1.0000    0.0556    0.1053        18
           6     0.5714    0.5926    0.5818        54
           7     0.5479    0.7273    0.6250        55
           9     0.9466    0.9198    0.9330       212

    accuracy                         0.7775       400
   macro avg     0.6570    0.5544    0.5345       400
weighted avg     0.7978    0.7775    0.7625       400

Validation Loss: 0.5315086841583252
              precision    recall  f1-score   support

           0     0.9375    0.6522    0.7692        23
           2     0.5957    0.9333    0.7273        30
           4     0.0000    0.0000    0.0000         8
           5     1.0000    0.0556    0.1053        18
           6     0.5714    0.5926    0.5818        54
           7     0.5479    0.7273    0.6250        55
           9     0.9466    0.9198    0.9330       212

    accuracy                         0.7775       400
   macro avg     0.6570    0.5544    0.5345       400
weighted avg     0.7978    0.7775    0.7625       400

Validation Loss: 0.531117856502533
              precision    recall  f1-score   support

           0     0.9375    0.6522    0.7692        23
           2     0.5957    0.9333    0.7273        30
           4     0.0000    0.0000    0.0000         8
           5     1.0000    0.0556    0.1053        18
           6     0.5714    0.5926    0.5818        54
           7     0.5479    0.7273    0.6250        55
           9     0.9466    0.9198    0.9330       212

    accuracy                         0.7775       400
   macro avg     0.6570    0.5544    0.5345       400
weighted avg     0.7978    0.7775    0.7625       400

Validation Loss: 0.530729353427887
              precision    recall  f1-score   support

           0     0.9375    0.6522    0.7692        23
           2     0.5957    0.9333    0.7273        30
           4     0.0000    0.0000    0.0000         8
           5     1.0000    0.0556    0.1053        18
           6     0.5714    0.5926    0.5818        54
           7     0.5417    0.7091    0.6142        55
           9     0.9420    0.9198    0.9308       212

    accuracy                         0.7750       400
   macro avg     0.6555    0.5518    0.5326       400
weighted avg     0.7945    0.7750    0.7598       400

Validation Loss: 0.5303432941436768
              precision    recall  f1-score   support

           0     0.9375    0.6522    0.7692        23
           2     0.5870    0.9000    0.7105        30
           4     0.0000    0.0000    0.0000         8
           5     1.0000    0.0556    0.1053        18
           6     0.5614    0.5926    0.5766        54
           7     0.5417    0.7091    0.6142        55
           9     0.9420    0.9198    0.9308       212

    accuracy                         0.7725       400
   macro avg     0.6528    0.5470    0.5295       400
weighted avg     0.7925    0.7725    0.7579       400

Validation Loss: 0.5299595594406128
              precision    recall  f1-score   support

           0     0.9375    0.6522    0.7692        23
           2     0.5870    0.9000    0.7105        30
           4     0.0000    0.0000    0.0000         8
           5     1.0000    0.0556    0.1053        18
           6     0.5614    0.5926    0.5766        54
           7     0.5417    0.7091    0.6142        55
           9     0.9420    0.9198    0.9308       212

    accuracy                         0.7725       400
   macro avg     0.6528    0.5470    0.5295       400
weighted avg     0.7925    0.7725    0.7579       400

Validation Loss: 0.5295788049697876
              precision    recall  f1-score   support

           0     0.9375    0.6522    0.7692        23
           2     0.5870    0.9000    0.7105        30
           4     0.0000    0.0000    0.0000         8
           5     1.0000    0.0556    0.1053        18
           6     0.5614    0.5926    0.5766        54
           7     0.5417    0.7091    0.6142        55
           9     0.9420    0.9198    0.9308       212

    accuracy                         0.7725       400
   macro avg     0.6528    0.5470    0.5295       400
weighted avg     0.7925    0.7725    0.7579       400

Validation Loss: 0.5291998982429504
              precision    recall  f1-score   support

           0     0.9375    0.6522    0.7692        23
           2     0.5870    0.9000    0.7105        30
           4     0.0000    0.0000    0.0000         8
           5     1.0000    0.0556    0.1053        18
           6     0.5614    0.5926    0.5766        54
           7     0.5417    0.7091    0.6142        55
           9     0.9420    0.9198    0.9308       212

    accuracy                         0.7725       400
   macro avg     0.6528    0.5470    0.5295       400
weighted avg     0.7925    0.7725    0.7579       400

Validation Loss: 0.5288234949111938
              precision    recall  f1-score   support

           0     0.9375    0.6522    0.7692        23
           2     0.5870    0.9000    0.7105        30
           4     0.0000    0.0000    0.0000         8
           5     1.0000    0.0556    0.1053        18
           6     0.5614    0.5926    0.5766        54
           7     0.5417    0.7091    0.6142        55
           9     0.9420    0.9198    0.9308       212

    accuracy                         0.7725       400
   macro avg     0.6528    0.5470    0.5295       400
weighted avg     0.7925    0.7725    0.7579       400

Validation Loss: 0.528449296951294
              precision    recall  f1-score   support

           0     0.9375    0.6522    0.7692        23
           2     0.5870    0.9000    0.7105        30
           4     0.0000    0.0000    0.0000         8
           5     1.0000    0.0556    0.1053        18
           6     0.5614    0.5926    0.5766        54
           7     0.5417    0.7091    0.6142        55
           9     0.9420    0.9198    0.9308       212

    accuracy                         0.7725       400
   macro avg     0.6528    0.5470    0.5295       400
weighted avg     0.7925    0.7725    0.7579       400

Validation Loss: 0.5280774831771851
              precision    recall  f1-score   support

           0     0.9375    0.6522    0.7692        23
           2     0.5870    0.9000    0.7105        30
           4     0.0000    0.0000    0.0000         8
           5     1.0000    0.0556    0.1053        18
           6     0.5614    0.5926    0.5766        54
           7     0.5417    0.7091    0.6142        55
           9     0.9420    0.9198    0.9308       212

    accuracy                         0.7725       400
   macro avg     0.6528    0.5470    0.5295       400
weighted avg     0.7925    0.7725    0.7579       400

Validation Loss: 0.5277082920074463
              precision    recall  f1-score   support

           0     0.9375    0.6522    0.7692        23
           2     0.5870    0.9000    0.7105        30
           4     0.0000    0.0000    0.0000         8
           5     1.0000    0.0556    0.1053        18
           6     0.5614    0.5926    0.5766        54
           7     0.5417    0.7091    0.6142        55
           9     0.9420    0.9198    0.9308       212

    accuracy                         0.7725       400
   macro avg     0.6528    0.5470    0.5295       400
weighted avg     0.7925    0.7725    0.7579       400

Validation Loss: 0.5273410081863403
              precision    recall  f1-score   support

           0     0.9375    0.6522    0.7692        23
           2     0.5870    0.9000    0.7105        30
           4     0.0000    0.0000    0.0000         8
           5     1.0000    0.0556    0.1053        18
           6     0.5614    0.5926    0.5766        54
           7     0.5417    0.7091    0.6142        55
           9     0.9420    0.9198    0.9308       212

    accuracy                         0.7725       400
   macro avg     0.6528    0.5470    0.5295       400
weighted avg     0.7925    0.7725    0.7579       400

Validation Loss: 0.5269761681556702
              precision    recall  f1-score   support

           0     0.9375    0.6522    0.7692        23
           2     0.5870    0.9000    0.7105        30
           4     0.0000    0.0000    0.0000         8
           5     1.0000    0.0556    0.1053        18
           6     0.5614    0.5926    0.5766        54
           7     0.5417    0.7091    0.6142        55
           9     0.9420    0.9198    0.9308       212

    accuracy                         0.7725       400
   macro avg     0.6528    0.5470    0.5295       400
weighted avg     0.7925    0.7725    0.7579       400

Validation Loss: 0.526613175868988
              precision    recall  f1-score   support

           0     0.9375    0.6522    0.7692        23
           2     0.5870    0.9000    0.7105        30
           4     0.0000    0.0000    0.0000         8
           5     1.0000    0.0556    0.1053        18
           6     0.5614    0.5926    0.5766        54
           7     0.5493    0.7091    0.6190        55
           9     0.9423    0.9245    0.9333       212

    accuracy                         0.7750       400
   macro avg     0.6539    0.5477    0.5306       400
weighted avg     0.7937    0.7750    0.7599       400

Validation Loss: 0.5262529253959656
              precision    recall  f1-score   support

           0     0.9375    0.6522    0.7692        23
           2     0.5870    0.9000    0.7105        30
           4     0.0000    0.0000    0.0000         8
           5     1.0000    0.0556    0.1053        18
           6     0.5614    0.5926    0.5766        54
           7     0.5493    0.7091    0.6190        55
           9     0.9423    0.9245    0.9333       212

    accuracy                         0.7750       400
   macro avg     0.6539    0.5477    0.5306       400
weighted avg     0.7937    0.7750    0.7599       400

Validation Loss: 0.5258945226669312
              precision    recall  f1-score   support

           0     0.9375    0.6522    0.7692        23
           2     0.5957    0.9333    0.7273        30
           4     0.0000    0.0000    0.0000         8
           5     1.0000    0.0556    0.1053        18
           6     0.5714    0.5926    0.5818        54
           7     0.5493    0.7091    0.6190        55
           9     0.9423    0.9245    0.9333       212

    accuracy                         0.7775       400
   macro avg     0.6566    0.5525    0.5337       400
weighted avg     0.7957    0.7775    0.7618       400

Validation Loss: 0.5255385637283325
              precision    recall  f1-score   support

           0     0.9375    0.6522    0.7692        23
           2     0.5957    0.9333    0.7273        30
           4     0.0000    0.0000    0.0000         8
           5     1.0000    0.0556    0.1053        18
           6     0.5714    0.5926    0.5818        54
           7     0.5493    0.7091    0.6190        55
           9     0.9423    0.9245    0.9333       212

    accuracy                         0.7775       400
   macro avg     0.6566    0.5525    0.5337       400
weighted avg     0.7957    0.7775    0.7618       400

Validation Loss: 0.5251842737197876
              precision    recall  f1-score   support

           0     0.9375    0.6522    0.7692        23
           2     0.5957    0.9333    0.7273        30
           4     0.0000    0.0000    0.0000         8
           5     1.0000    0.0556    0.1053        18
           6     0.5714    0.5926    0.5818        54
           7     0.5493    0.7091    0.6190        55
           9     0.9423    0.9245    0.9333       212

    accuracy                         0.7775       400
   macro avg     0.6566    0.5525    0.5337       400
weighted avg     0.7957    0.7775    0.7618       400

Validation Loss: 0.5248322486877441
              precision    recall  f1-score   support

           0     0.9375    0.6522    0.7692        23
           2     0.5957    0.9333    0.7273        30
           4     0.0000    0.0000    0.0000         8
           5     1.0000    0.0556    0.1053        18
           6     0.5714    0.5926    0.5818        54
           7     0.5493    0.7091    0.6190        55
           9     0.9423    0.9245    0.9333       212

    accuracy                         0.7775       400
   macro avg     0.6566    0.5525    0.5337       400
weighted avg     0.7957    0.7775    0.7618       400

Validation Loss: 0.5244817137718201
              precision    recall  f1-score   support

           0     0.9375    0.6522    0.7692        23
           2     0.5957    0.9333    0.7273        30
           4     0.0000    0.0000    0.0000         8
           5     1.0000    0.0556    0.1053        18
           6     0.5714    0.5926    0.5818        54
           7     0.5493    0.7091    0.6190        55
           9     0.9423    0.9245    0.9333       212

    accuracy                         0.7775       400
   macro avg     0.6566    0.5525    0.5337       400
weighted avg     0.7957    0.7775    0.7618       400

Validation Loss: 0.5241328477859497
              precision    recall  f1-score   support

           0     0.9375    0.6522    0.7692        23
           2     0.5957    0.9333    0.7273        30
           4     0.0000    0.0000    0.0000         8
           5     1.0000    0.0556    0.1053        18
           6     0.5714    0.5926    0.5818        54
           7     0.5556    0.7273    0.6299        55
           9     0.9469    0.9245    0.9356       212

    accuracy                         0.7800       400
   macro avg     0.6582    0.5551    0.5356       400
weighted avg     0.7990    0.7800    0.7645       400

Validation Loss: 0.5237856507301331
              precision    recall  f1-score   support

           0     0.9375    0.6522    0.7692        23
           2     0.5957    0.9333    0.7273        30
           4     0.0000    0.0000    0.0000         8
           5     1.0000    0.0556    0.1053        18
           6     0.5714    0.5926    0.5818        54
           7     0.5556    0.7273    0.6299        55
           9     0.9469    0.9245    0.9356       212

    accuracy                         0.7800       400
   macro avg     0.6582    0.5551    0.5356       400
weighted avg     0.7990    0.7800    0.7645       400

Validation Loss: 0.5234416723251343
              precision    recall  f1-score   support

           0     0.9375    0.6522    0.7692        23
           2     0.5957    0.9333    0.7273        30
           4     0.0000    0.0000    0.0000         8
           5     1.0000    0.0556    0.1053        18
           6     0.5714    0.5926    0.5818        54
           7     0.5556    0.7273    0.6299        55
           9     0.9469    0.9245    0.9356       212

    accuracy                         0.7800       400
   macro avg     0.6582    0.5551    0.5356       400
weighted avg     0.7990    0.7800    0.7645       400

Validation Loss: 0.5230996012687683
              precision    recall  f1-score   support

           0     0.9375    0.6522    0.7692        23
           2     0.5957    0.9333    0.7273        30
           4     0.0000    0.0000    0.0000         8
           5     1.0000    0.0556    0.1053        18
           6     0.5714    0.5926    0.5818        54
           7     0.5556    0.7273    0.6299        55
           9     0.9469    0.9245    0.9356       212

    accuracy                         0.7800       400
   macro avg     0.6582    0.5551    0.5356       400
weighted avg     0.7990    0.7800    0.7645       400

Validation Loss: 0.5227601528167725
              precision    recall  f1-score   support

           0     0.9375    0.6522    0.7692        23
           2     0.6087    0.9333    0.7368        30
           4     0.0000    0.0000    0.0000         8
           5     1.0000    0.0556    0.1053        18
           6     0.5614    0.5926    0.5766        54
           7     0.5556    0.7273    0.6299        55
           9     0.9469    0.9245    0.9356       212

    accuracy                         0.7800       400
   macro avg     0.6586    0.5551    0.5362       400
weighted avg     0.7986    0.7800    0.7645       400

Validation Loss: 0.5224224328994751
              precision    recall  f1-score   support

           0     0.9375    0.6522    0.7692        23
           2     0.6087    0.9333    0.7368        30
           4     0.0000    0.0000    0.0000         8
           5     1.0000    0.0556    0.1053        18
           6     0.5614    0.5926    0.5766        54
           7     0.5556    0.7273    0.6299        55
           9     0.9469    0.9245    0.9356       212

    accuracy                         0.7800       400
   macro avg     0.6586    0.5551    0.5362       400
weighted avg     0.7986    0.7800    0.7645       400

Validation Loss: 0.5220871567726135
              precision    recall  f1-score   support

           0     0.9375    0.6522    0.7692        23
           2     0.6087    0.9333    0.7368        30
           4     0.0000    0.0000    0.0000         8
           5     1.0000    0.0556    0.1053        18
           6     0.5614    0.5926    0.5766        54
           7     0.5556    0.7273    0.6299        55
           9     0.9469    0.9245    0.9356       212

    accuracy                         0.7800       400
   macro avg     0.6586    0.5551    0.5362       400
weighted avg     0.7986    0.7800    0.7645       400

Validation Loss: 0.5217533111572266
              precision    recall  f1-score   support

           0     0.9375    0.6522    0.7692        23
           2     0.6087    0.9333    0.7368        30
           4     0.0000    0.0000    0.0000         8
           5     1.0000    0.0556    0.1053        18
           6     0.5614    0.5926    0.5766        54
           7     0.5556    0.7273    0.6299        55
           9     0.9469    0.9245    0.9356       212

    accuracy                         0.7800       400
   macro avg     0.6586    0.5551    0.5362       400
weighted avg     0.7986    0.7800    0.7645       400

Validation Loss: 0.5214205980300903
              precision    recall  f1-score   support

           0     0.9375    0.6522    0.7692        23
           2     0.6087    0.9333    0.7368        30
           4     0.0000    0.0000    0.0000         8
           5     1.0000    0.0556    0.1053        18
           6     0.5614    0.5926    0.5766        54
           7     0.5556    0.7273    0.6299        55
           9     0.9469    0.9245    0.9356       212

    accuracy                         0.7800       400
   macro avg     0.6586    0.5551    0.5362       400
weighted avg     0.7986    0.7800    0.7645       400

Validation Loss: 0.5210902094841003
              precision    recall  f1-score   support

           0     0.9375    0.6522    0.7692        23
           2     0.6087    0.9333    0.7368        30
           4     0.0000    0.0000    0.0000         8
           5     1.0000    0.0556    0.1053        18
           6     0.5614    0.5926    0.5766        54
           7     0.5556    0.7273    0.6299        55
           9     0.9469    0.9245    0.9356       212

    accuracy                         0.7800       400
   macro avg     0.6586    0.5551    0.5362       400
weighted avg     0.7986    0.7800    0.7645       400

Validation Loss: 0.5207614302635193
              precision    recall  f1-score   support

           0     0.9375    0.6522    0.7692        23
           2     0.6087    0.9333    0.7368        30
           4     0.0000    0.0000    0.0000         8
           5     1.0000    0.0556    0.1053        18
           6     0.5614    0.5926    0.5766        54
           7     0.5556    0.7273    0.6299        55
           9     0.9469    0.9245    0.9356       212

    accuracy                         0.7800       400
   macro avg     0.6586    0.5551    0.5362       400
weighted avg     0.7986    0.7800    0.7645       400

Validation Loss: 0.5204346179962158
              precision    recall  f1-score   support

           0     0.9375    0.6522    0.7692        23
           2     0.6087    0.9333    0.7368        30
           4     0.0000    0.0000    0.0000         8
           5     1.0000    0.0556    0.1053        18
           6     0.5614    0.5926    0.5766        54
           7     0.5556    0.7273    0.6299        55
           9     0.9469    0.9245    0.9356       212

    accuracy                         0.7800       400
   macro avg     0.6586    0.5551    0.5362       400
weighted avg     0.7986    0.7800    0.7645       400

Validation Loss: 0.5201101303100586
              precision    recall  f1-score   support

           0     0.9375    0.6522    0.7692        23
           2     0.6087    0.9333    0.7368        30
           4     0.0000    0.0000    0.0000         8
           5     1.0000    0.0556    0.1053        18
           6     0.5614    0.5926    0.5766        54
           7     0.5556    0.7273    0.6299        55
           9     0.9469    0.9245    0.9356       212

    accuracy                         0.7800       400
   macro avg     0.6586    0.5551    0.5362       400
weighted avg     0.7986    0.7800    0.7645       400

Validation Loss: 0.5197865962982178
              precision    recall  f1-score   support

           0     0.9375    0.6522    0.7692        23
           2     0.6087    0.9333    0.7368        30
           4     0.0000    0.0000    0.0000         8
           5     1.0000    0.0556    0.1053        18
           6     0.5614    0.5926    0.5766        54
           7     0.5556    0.7273    0.6299        55
           9     0.9469    0.9245    0.9356       212

    accuracy                         0.7800       400
   macro avg     0.6586    0.5551    0.5362       400
weighted avg     0.7986    0.7800    0.7645       400

Validation Loss: 0.5194655060768127
              precision    recall  f1-score   support

           0     0.9375    0.6522    0.7692        23
           2     0.6222    0.9333    0.7467        30
           4     0.0000    0.0000    0.0000         8
           5     1.0000    0.0556    0.1053        18
           6     0.5517    0.5926    0.5714        54
           7     0.5556    0.7273    0.6299        55
           9     0.9469    0.9245    0.9356       212

    accuracy                         0.7800       400
   macro avg     0.6591    0.5551    0.5369       400
weighted avg     0.7983    0.7800    0.7646       400

Validation Loss: 0.5191459655761719
              precision    recall  f1-score   support

           0     0.9375    0.6522    0.7692        23
           2     0.6222    0.9333    0.7467        30
           4     0.0000    0.0000    0.0000         8
           5     1.0000    0.0556    0.1053        18
           6     0.5517    0.5926    0.5714        54
           7     0.5556    0.7273    0.6299        55
           9     0.9469    0.9245    0.9356       212

    accuracy                         0.7800       400
   macro avg     0.6591    0.5551    0.5369       400
weighted avg     0.7983    0.7800    0.7646       400

Validation Loss: 0.5188279747962952
              precision    recall  f1-score   support

           0     0.9375    0.6522    0.7692        23
           2     0.6222    0.9333    0.7467        30
           4     0.0000    0.0000    0.0000         8
           5     1.0000    0.0556    0.1053        18
           6     0.5517    0.5926    0.5714        54
           7     0.5556    0.7273    0.6299        55
           9     0.9469    0.9245    0.9356       212

    accuracy                         0.7800       400
   macro avg     0.6591    0.5551    0.5369       400
weighted avg     0.7983    0.7800    0.7646       400

Validation Loss: 0.5185117721557617
              precision    recall  f1-score   support

           0     0.9375    0.6522    0.7692        23
           2     0.6222    0.9333    0.7467        30
           4     0.0000    0.0000    0.0000         8
           5     1.0000    0.0556    0.1053        18
           6     0.5517    0.5926    0.5714        54
           7     0.5556    0.7273    0.6299        55
           9     0.9469    0.9245    0.9356       212

    accuracy                         0.7800       400
   macro avg     0.6591    0.5551    0.5369       400
weighted avg     0.7983    0.7800    0.7646       400

Validation Loss: 0.5181978344917297
              precision    recall  f1-score   support

           0     0.9375    0.6522    0.7692        23
           2     0.6222    0.9333    0.7467        30
           4     0.0000    0.0000    0.0000         8
           5     1.0000    0.0556    0.1053        18
           6     0.5517    0.5926    0.5714        54
           7     0.5556    0.7273    0.6299        55
           9     0.9469    0.9245    0.9356       212

    accuracy                         0.7800       400
   macro avg     0.6591    0.5551    0.5369       400
weighted avg     0.7983    0.7800    0.7646       400

Validation Loss: 0.5178858637809753
              precision    recall  f1-score   support

           0     0.9375    0.6522    0.7692        23
           2     0.6222    0.9333    0.7467        30
           4     0.0000    0.0000    0.0000         8
           5     1.0000    0.0556    0.1053        18
           6     0.5517    0.5926    0.5714        54
           7     0.5556    0.7273    0.6299        55
           9     0.9469    0.9245    0.9356       212

    accuracy                         0.7800       400
   macro avg     0.6591    0.5551    0.5369       400
weighted avg     0.7983    0.7800    0.7646       400

Validation Loss: 0.5175754427909851
              precision    recall  f1-score   support

           0     0.9375    0.6522    0.7692        23
           2     0.6222    0.9333    0.7467        30
           4     0.0000    0.0000    0.0000         8
           5     1.0000    0.0556    0.1053        18
           6     0.5517    0.5926    0.5714        54
           7     0.5556    0.7273    0.6299        55
           9     0.9469    0.9245    0.9356       212

    accuracy                         0.7800       400
   macro avg     0.6591    0.5551    0.5369       400
weighted avg     0.7983    0.7800    0.7646       400

Validation Loss: 0.5172666311264038
              precision    recall  f1-score   support

           0     0.9375    0.6522    0.7692        23
           2     0.6222    0.9333    0.7467        30
           4     0.0000    0.0000    0.0000         8
           5     1.0000    0.0556    0.1053        18
           6     0.5517    0.5926    0.5714        54
           7     0.5556    0.7273    0.6299        55
           9     0.9469    0.9245    0.9356       212

    accuracy                         0.7800       400
   macro avg     0.6591    0.5551    0.5369       400
weighted avg     0.7983    0.7800    0.7646       400

Validation Loss: 0.5169600248336792
              precision    recall  f1-score   support

           0     0.9375    0.6522    0.7692        23
           2     0.6222    0.9333    0.7467        30
           4     0.0000    0.0000    0.0000         8
           5     1.0000    0.0556    0.1053        18
           6     0.5517    0.5926    0.5714        54
           7     0.5556    0.7273    0.6299        55
           9     0.9469    0.9245    0.9356       212

    accuracy                         0.7800       400
   macro avg     0.6591    0.5551    0.5369       400
weighted avg     0.7983    0.7800    0.7646       400

Validation Loss: 0.5166548490524292
              precision    recall  f1-score   support

           0     0.9375    0.6522    0.7692        23
           2     0.6222    0.9333    0.7467        30
           4     0.0000    0.0000    0.0000         8
           5     1.0000    0.0556    0.1053        18
           6     0.5517    0.5926    0.5714        54
           7     0.5556    0.7273    0.6299        55
           9     0.9469    0.9245    0.9356       212

    accuracy                         0.7800       400
   macro avg     0.6591    0.5551    0.5369       400
weighted avg     0.7983    0.7800    0.7646       400

Validation Loss: 0.5163508653640747
              precision    recall  f1-score   support

           0     0.9375    0.6522    0.7692        23
           2     0.6222    0.9333    0.7467        30
           4     0.0000    0.0000    0.0000         8
           5     1.0000    0.0556    0.1053        18
           6     0.5517    0.5926    0.5714        54
           7     0.5556    0.7273    0.6299        55
           9     0.9469    0.9245    0.9356       212

    accuracy                         0.7800       400
   macro avg     0.6591    0.5551    0.5369       400
weighted avg     0.7983    0.7800    0.7646       400

Validation Loss: 0.5160491466522217
              precision    recall  f1-score   support

           0     0.9375    0.6522    0.7692        23
           2     0.6222    0.9333    0.7467        30
           4     0.0000    0.0000    0.0000         8
           5     1.0000    0.0556    0.1053        18
           6     0.5517    0.5926    0.5714        54
           7     0.5556    0.7273    0.6299        55
           9     0.9469    0.9245    0.9356       212

    accuracy                         0.7800       400
   macro avg     0.6591    0.5551    0.5369       400
weighted avg     0.7983    0.7800    0.7646       400

Validation Loss: 0.5157490968704224
              precision    recall  f1-score   support

           0     0.9375    0.6522    0.7692        23
           2     0.6222    0.9333    0.7467        30
           4     0.0000    0.0000    0.0000         8
           5     1.0000    0.0556    0.1053        18
           6     0.5517    0.5926    0.5714        54
           7     0.5556    0.7273    0.6299        55
           9     0.9469    0.9245    0.9356       212

    accuracy                         0.7800       400
   macro avg     0.6591    0.5551    0.5369       400
weighted avg     0.7983    0.7800    0.7646       400

Validation Loss: 0.515450656414032
              precision    recall  f1-score   support

           0     0.9375    0.6522    0.7692        23
           2     0.6222    0.9333    0.7467        30
           4     0.0000    0.0000    0.0000         8
           5     1.0000    0.0556    0.1053        18
           6     0.5517    0.5926    0.5714        54
           7     0.5556    0.7273    0.6299        55
           9     0.9469    0.9245    0.9356       212

    accuracy                         0.7800       400
   macro avg     0.6591    0.5551    0.5369       400
weighted avg     0.7983    0.7800    0.7646       400

Validation Loss: 0.5151548385620117
              precision    recall  f1-score   support

           0     0.9375    0.6522    0.7692        23
           2     0.6222    0.9333    0.7467        30
           4     0.0000    0.0000    0.0000         8
           5     1.0000    0.0556    0.1053        18
           6     0.5517    0.5926    0.5714        54
           7     0.5556    0.7273    0.6299        55
           9     0.9469    0.9245    0.9356       212

    accuracy                         0.7800       400
   macro avg     0.6591    0.5551    0.5369       400
weighted avg     0.7983    0.7800    0.7646       400

Validation Loss: 0.5148594379425049
              precision    recall  f1-score   support

           0     0.9375    0.6522    0.7692        23
           2     0.6222    0.9333    0.7467        30
           4     0.0000    0.0000    0.0000         8
           5     1.0000    0.0556    0.1053        18
           6     0.5517    0.5926    0.5714        54
           7     0.5556    0.7273    0.6299        55
           9     0.9469    0.9245    0.9356       212

    accuracy                         0.7800       400
   macro avg     0.6591    0.5551    0.5369       400
weighted avg     0.7983    0.7800    0.7646       400

Validation Loss: 0.5145664215087891
              precision    recall  f1-score   support

           0     0.9375    0.6522    0.7692        23
           2     0.6222    0.9333    0.7467        30
           4     0.0000    0.0000    0.0000         8
           5     1.0000    0.0556    0.1053        18
           6     0.5517    0.5926    0.5714        54
           7     0.5556    0.7273    0.6299        55
           9     0.9469    0.9245    0.9356       212

    accuracy                         0.7800       400
   macro avg     0.6591    0.5551    0.5369       400
weighted avg     0.7983    0.7800    0.7646       400

Validation Loss: 0.5142747163772583
              precision    recall  f1-score   support

           0     0.9375    0.6522    0.7692        23
           2     0.6222    0.9333    0.7467        30
           4     0.0000    0.0000    0.0000         8
           5     1.0000    0.0556    0.1053        18
           6     0.5517    0.5926    0.5714        54
           7     0.5556    0.7273    0.6299        55
           9     0.9469    0.9245    0.9356       212

    accuracy                         0.7800       400
   macro avg     0.6591    0.5551    0.5369       400
weighted avg     0.7983    0.7800    0.7646       400

Validation Loss: 0.5139850974082947
              precision    recall  f1-score   support

           0     0.9375    0.6522    0.7692        23
           2     0.6222    0.9333    0.7467        30
           4     0.0000    0.0000    0.0000         8
           5     1.0000    0.0556    0.1053        18
           6     0.5517    0.5926    0.5714        54
           7     0.5556    0.7273    0.6299        55
           9     0.9469    0.9245    0.9356       212

    accuracy                         0.7800       400
   macro avg     0.6591    0.5551    0.5369       400
weighted avg     0.7983    0.7800    0.7646       400

Validation Loss: 0.5136964917182922
              precision    recall  f1-score   support

           0     0.9375    0.6522    0.7692        23
           2     0.6222    0.9333    0.7467        30
           4     0.0000    0.0000    0.0000         8
           5     1.0000    0.0556    0.1053        18
           6     0.5517    0.5926    0.5714        54
           7     0.5556    0.7273    0.6299        55
           9     0.9469    0.9245    0.9356       212

    accuracy                         0.7800       400
   macro avg     0.6591    0.5551    0.5369       400
weighted avg     0.7983    0.7800    0.7646       400

Validation Loss: 0.5134103298187256
              precision    recall  f1-score   support

           0     0.9375    0.6522    0.7692        23
           2     0.6222    0.9333    0.7467        30
           4     0.0000    0.0000    0.0000         8
           5     1.0000    0.0556    0.1053        18
           6     0.5517    0.5926    0.5714        54
           7     0.5556    0.7273    0.6299        55
           9     0.9469    0.9245    0.9356       212

    accuracy                         0.7800       400
   macro avg     0.6591    0.5551    0.5369       400
weighted avg     0.7983    0.7800    0.7646       400

Validation Loss: 0.5131263136863708
              precision    recall  f1-score   support

           0     0.9375    0.6522    0.7692        23
           2     0.6222    0.9333    0.7467        30
           4     0.0000    0.0000    0.0000         8
           5     1.0000    0.0556    0.1053        18
           6     0.5517    0.5926    0.5714        54
           7     0.5556    0.7273    0.6299        55
           9     0.9469    0.9245    0.9356       212

    accuracy                         0.7800       400
   macro avg     0.6591    0.5551    0.5369       400
weighted avg     0.7983    0.7800    0.7646       400

Validation Loss: 0.5128446817398071
              precision    recall  f1-score   support

           0     0.9375    0.6522    0.7692        23
           2     0.6222    0.9333    0.7467        30
           4     0.0000    0.0000    0.0000         8
           5     1.0000    0.0556    0.1053        18
           6     0.5517    0.5926    0.5714        54
           7     0.5556    0.7273    0.6299        55
           9     0.9469    0.9245    0.9356       212

    accuracy                         0.7800       400
   macro avg     0.6591    0.5551    0.5369       400
weighted avg     0.7983    0.7800    0.7646       400

Validation Loss: 0.5125645399093628
              precision    recall  f1-score   support

           0     0.9375    0.6522    0.7692        23
           2     0.6222    0.9333    0.7467        30
           4     0.0000    0.0000    0.0000         8
           5     1.0000    0.0556    0.1053        18
           6     0.5517    0.5926    0.5714        54
           7     0.5556    0.7273    0.6299        55
           9     0.9469    0.9245    0.9356       212

    accuracy                         0.7800       400
   macro avg     0.6591    0.5551    0.5369       400
weighted avg     0.7983    0.7800    0.7646       400

Validation Loss: 0.5122859477996826
              precision    recall  f1-score   support

           0     0.9375    0.6522    0.7692        23
           2     0.6222    0.9333    0.7467        30
           4     0.0000    0.0000    0.0000         8
           5     1.0000    0.0556    0.1053        18
           6     0.5517    0.5926    0.5714        54
           7     0.5634    0.7273    0.6349        55
           9     0.9471    0.9292    0.9381       212

    accuracy                         0.7825       400
   macro avg     0.6603    0.5557    0.5379       400
weighted avg     0.7995    0.7825    0.7666       400

Validation Loss: 0.5120090246200562
              precision    recall  f1-score   support

           0     0.9375    0.6522    0.7692        23
           2     0.6222    0.9333    0.7467        30
           4     0.0000    0.0000    0.0000         8
           5     1.0000    0.0556    0.1053        18
           6     0.5517    0.5926    0.5714        54
           7     0.5634    0.7273    0.6349        55
           9     0.9471    0.9292    0.9381       212

    accuracy                         0.7825       400
   macro avg     0.6603    0.5557    0.5379       400
weighted avg     0.7995    0.7825    0.7666       400

Validation Loss: 0.5117328763008118
              precision    recall  f1-score   support

           0     0.9375    0.6522    0.7692        23
           2     0.6222    0.9333    0.7467        30
           4     0.0000    0.0000    0.0000         8
           5     1.0000    0.0556    0.1053        18
           6     0.5517    0.5926    0.5714        54
           7     0.5634    0.7273    0.6349        55
           9     0.9471    0.9292    0.9381       212

    accuracy                         0.7825       400
   macro avg     0.6603    0.5557    0.5379       400
weighted avg     0.7995    0.7825    0.7666       400

Validation Loss: 0.511459469795227
              precision    recall  f1-score   support

           0     0.9375    0.6522    0.7692        23
           2     0.6222    0.9333    0.7467        30
           4     0.0000    0.0000    0.0000         8
           5     1.0000    0.0556    0.1053        18
           6     0.5517    0.5926    0.5714        54
           7     0.5634    0.7273    0.6349        55
           9     0.9471    0.9292    0.9381       212

    accuracy                         0.7825       400
   macro avg     0.6603    0.5557    0.5379       400
weighted avg     0.7995    0.7825    0.7666       400

Validation Loss: 0.5111874938011169
              precision    recall  f1-score   support

           0     0.9375    0.6522    0.7692        23
           2     0.6222    0.9333    0.7467        30
           4     0.0000    0.0000    0.0000         8
           5     1.0000    0.0556    0.1053        18
           6     0.5517    0.5926    0.5714        54
           7     0.5634    0.7273    0.6349        55
           9     0.9471    0.9292    0.9381       212

    accuracy                         0.7825       400
   macro avg     0.6603    0.5557    0.5379       400
weighted avg     0.7995    0.7825    0.7666       400

Validation Loss: 0.5109164714813232
              precision    recall  f1-score   support

           0     0.9375    0.6522    0.7692        23
           2     0.6222    0.9333    0.7467        30
           4     0.0000    0.0000    0.0000         8
           5     1.0000    0.0556    0.1053        18
           6     0.5517    0.5926    0.5714        54
           7     0.5634    0.7273    0.6349        55
           9     0.9471    0.9292    0.9381       212

    accuracy                         0.7825       400
   macro avg     0.6603    0.5557    0.5379       400
weighted avg     0.7995    0.7825    0.7666       400

Validation Loss: 0.5106459856033325
              precision    recall  f1-score   support

           0     0.9375    0.6522    0.7692        23
           2     0.6222    0.9333    0.7467        30
           4     0.0000    0.0000    0.0000         8
           5     1.0000    0.0556    0.1053        18
           6     0.5517    0.5926    0.5714        54
           7     0.5634    0.7273    0.6349        55
           9     0.9471    0.9292    0.9381       212

    accuracy                         0.7825       400
   macro avg     0.6603    0.5557    0.5379       400
weighted avg     0.7995    0.7825    0.7666       400

Validation Loss: 0.5103773474693298
              precision    recall  f1-score   support

           0     0.9375    0.6522    0.7692        23
           2     0.6222    0.9333    0.7467        30
           4     0.0000    0.0000    0.0000         8
           5     1.0000    0.0556    0.1053        18
           6     0.5517    0.5926    0.5714        54
           7     0.5634    0.7273    0.6349        55
           9     0.9471    0.9292    0.9381       212

    accuracy                         0.7825       400
   macro avg     0.6603    0.5557    0.5379       400
weighted avg     0.7995    0.7825    0.7666       400

Validation Loss: 0.5101101398468018
              precision    recall  f1-score   support

           0     0.9375    0.6522    0.7692        23
           2     0.6222    0.9333    0.7467        30
           4     0.0000    0.0000    0.0000         8
           5     1.0000    0.0556    0.1053        18
           6     0.5517    0.5926    0.5714        54
           7     0.5634    0.7273    0.6349        55
           9     0.9471    0.9292    0.9381       212

    accuracy                         0.7825       400
   macro avg     0.6603    0.5557    0.5379       400
weighted avg     0.7995    0.7825    0.7666       400

Validation Loss: 0.5098442435264587
              precision    recall  f1-score   support

           0     0.9375    0.6522    0.7692        23
           2     0.6222    0.9333    0.7467        30
           4     0.0000    0.0000    0.0000         8
           5     1.0000    0.0556    0.1053        18
           6     0.5517    0.5926    0.5714        54
           7     0.5634    0.7273    0.6349        55
           9     0.9471    0.9292    0.9381       212

    accuracy                         0.7825       400
   macro avg     0.6603    0.5557    0.5379       400
weighted avg     0.7995    0.7825    0.7666       400

Validation Loss: 0.5095803737640381
              precision    recall  f1-score   support

           0     0.9375    0.6522    0.7692        23
           2     0.6222    0.9333    0.7467        30
           4     0.0000    0.0000    0.0000         8
           5     1.0000    0.0556    0.1053        18
           6     0.5517    0.5926    0.5714        54
           7     0.5634    0.7273    0.6349        55
           9     0.9471    0.9292    0.9381       212

    accuracy                         0.7825       400
   macro avg     0.6603    0.5557    0.5379       400
weighted avg     0.7995    0.7825    0.7666       400

Validation Loss: 0.5093177556991577
              precision    recall  f1-score   support

           0     0.9375    0.6522    0.7692        23
           2     0.6222    0.9333    0.7467        30
           4     0.0000    0.0000    0.0000         8
           5     1.0000    0.0556    0.1053        18
           6     0.5517    0.5926    0.5714        54
           7     0.5634    0.7273    0.6349        55
           9     0.9471    0.9292    0.9381       212

    accuracy                         0.7825       400
   macro avg     0.6603    0.5557    0.5379       400
weighted avg     0.7995    0.7825    0.7666       400

Validation Loss: 0.5090571641921997
              precision    recall  f1-score   support

           0     0.9375    0.6522    0.7692        23
           2     0.6222    0.9333    0.7467        30
           4     0.0000    0.0000    0.0000         8
           5     1.0000    0.0556    0.1053        18
           6     0.5517    0.5926    0.5714        54
           7     0.5634    0.7273    0.6349        55
           9     0.9471    0.9292    0.9381       212

    accuracy                         0.7825       400
   macro avg     0.6603    0.5557    0.5379       400
weighted avg     0.7995    0.7825    0.7666       400

Validation Loss: 0.5087961554527283
              precision    recall  f1-score   support

           0     0.9375    0.6522    0.7692        23
           2     0.6222    0.9333    0.7467        30
           4     0.0000    0.0000    0.0000         8
           5     1.0000    0.0556    0.1053        18
           6     0.5517    0.5926    0.5714        54
           7     0.5634    0.7273    0.6349        55
           9     0.9471    0.9292    0.9381       212

    accuracy                         0.7825       400
   macro avg     0.6603    0.5557    0.5379       400
weighted avg     0.7995    0.7825    0.7666       400

Validation Loss: 0.5085372924804688
              precision    recall  f1-score   support

           0     0.9375    0.6522    0.7692        23
           2     0.6222    0.9333    0.7467        30
           4     0.0000    0.0000    0.0000         8
           5     1.0000    0.0556    0.1053        18
           6     0.5517    0.5926    0.5714        54
           7     0.5634    0.7273    0.6349        55
           9     0.9471    0.9292    0.9381       212

    accuracy                         0.7825       400
   macro avg     0.6603    0.5557    0.5379       400
weighted avg     0.7995    0.7825    0.7666       400

Validation Loss: 0.5082796812057495
              precision    recall  f1-score   support

           0     0.9375    0.6522    0.7692        23
           2     0.6222    0.9333    0.7467        30
           4     0.0000    0.0000    0.0000         8
           5     1.0000    0.0556    0.1053        18
           6     0.5517    0.5926    0.5714        54
           7     0.5634    0.7273    0.6349        55
           9     0.9471    0.9292    0.9381       212

    accuracy                         0.7825       400
   macro avg     0.6603    0.5557    0.5379       400
weighted avg     0.7995    0.7825    0.7666       400

Validation Loss: 0.5080236196517944
              precision    recall  f1-score   support

           0     0.9375    0.6522    0.7692        23
           2     0.6222    0.9333    0.7467        30
           4     0.0000    0.0000    0.0000         8
           5     1.0000    0.0556    0.1053        18
           6     0.5517    0.5926    0.5714        54
           7     0.5634    0.7273    0.6349        55
           9     0.9471    0.9292    0.9381       212

    accuracy                         0.7825       400
   macro avg     0.6603    0.5557    0.5379       400
weighted avg     0.7995    0.7825    0.7666       400

Validation Loss: 0.5077685117721558
              precision    recall  f1-score   support

           0     0.9375    0.6522    0.7692        23
           2     0.6222    0.9333    0.7467        30
           4     0.0000    0.0000    0.0000         8
           5     1.0000    0.0556    0.1053        18
           6     0.5517    0.5926    0.5714        54
           7     0.5634    0.7273    0.6349        55
           9     0.9471    0.9292    0.9381       212

    accuracy                         0.7825       400
   macro avg     0.6603    0.5557    0.5379       400
weighted avg     0.7995    0.7825    0.7666       400

Validation Loss: 0.5075146555900574
              precision    recall  f1-score   support

           0     0.9375    0.6522    0.7692        23
           2     0.6222    0.9333    0.7467        30
           4     0.0000    0.0000    0.0000         8
           5     1.0000    0.0556    0.1053        18
           6     0.5517    0.5926    0.5714        54
           7     0.5634    0.7273    0.6349        55
           9     0.9471    0.9292    0.9381       212

    accuracy                         0.7825       400
   macro avg     0.6603    0.5557    0.5379       400
weighted avg     0.7995    0.7825    0.7666       400

Validation Loss: 0.5072624683380127
              precision    recall  f1-score   support

           0     0.9375    0.6522    0.7692        23
           2     0.6222    0.9333    0.7467        30
           4     0.0000    0.0000    0.0000         8
           5     1.0000    0.0556    0.1053        18
           6     0.5517    0.5926    0.5714        54
           7     0.5634    0.7273    0.6349        55
           9     0.9471    0.9292    0.9381       212

    accuracy                         0.7825       400
   macro avg     0.6603    0.5557    0.5379       400
weighted avg     0.7995    0.7825    0.7666       400

Validation Loss: 0.5070104598999023
              precision    recall  f1-score   support

           0     0.9375    0.6522    0.7692        23
           2     0.6222    0.9333    0.7467        30
           4     0.0000    0.0000    0.0000         8
           5     1.0000    0.0556    0.1053        18
           6     0.5517    0.5926    0.5714        54
           7     0.5634    0.7273    0.6349        55
           9     0.9471    0.9292    0.9381       212

    accuracy                         0.7825       400
   macro avg     0.6603    0.5557    0.5379       400
weighted avg     0.7995    0.7825    0.7666       400

Validation Loss: 0.5067597031593323
              precision    recall  f1-score   support

           0     0.9375    0.6522    0.7692        23
           2     0.6222    0.9333    0.7467        30
           4     0.0000    0.0000    0.0000         8
           5     1.0000    0.0556    0.1053        18
           6     0.5517    0.5926    0.5714        54
           7     0.5634    0.7273    0.6349        55
           9     0.9471    0.9292    0.9381       212

    accuracy                         0.7825       400
   macro avg     0.6603    0.5557    0.5379       400
weighted avg     0.7995    0.7825    0.7666       400

Validation Loss: 0.5065093636512756
              precision    recall  f1-score   support

           0     0.9375    0.6522    0.7692        23
           2     0.6222    0.9333    0.7467        30
           4     0.0000    0.0000    0.0000         8
           5     1.0000    0.0556    0.1053        18
           6     0.5517    0.5926    0.5714        54
           7     0.5634    0.7273    0.6349        55
           9     0.9471    0.9292    0.9381       212

    accuracy                         0.7825       400
   macro avg     0.6603    0.5557    0.5379       400
weighted avg     0.7995    0.7825    0.7666       400

Validation Loss: 0.5062592029571533
              precision    recall  f1-score   support

           0     0.9375    0.6522    0.7692        23
           2     0.6222    0.9333    0.7467        30
           4     0.0000    0.0000    0.0000         8
           5     1.0000    0.0556    0.1053        18
           6     0.5517    0.5926    0.5714        54
           7     0.5634    0.7273    0.6349        55
           9     0.9471    0.9292    0.9381       212

    accuracy                         0.7825       400
   macro avg     0.6603    0.5557    0.5379       400
weighted avg     0.7995    0.7825    0.7666       400

Validation Loss: 0.5060116648674011
              precision    recall  f1-score   support

           0     0.9375    0.6522    0.7692        23
           2     0.6222    0.9333    0.7467        30
           4     0.0000    0.0000    0.0000         8
           5     1.0000    0.0556    0.1053        18
           6     0.5517    0.5926    0.5714        54
           7     0.5634    0.7273    0.6349        55
           9     0.9471    0.9292    0.9381       212

    accuracy                         0.7825       400
   macro avg     0.6603    0.5557    0.5379       400
weighted avg     0.7995    0.7825    0.7666       400

Validation Loss: 0.5057646036148071
              precision    recall  f1-score   support

           0     0.9375    0.6522    0.7692        23
           2     0.6222    0.9333    0.7467        30
           4     0.0000    0.0000    0.0000         8
           5     1.0000    0.0556    0.1053        18
           6     0.5517    0.5926    0.5714        54
           7     0.5634    0.7273    0.6349        55
           9     0.9471    0.9292    0.9381       212

    accuracy                         0.7825       400
   macro avg     0.6603    0.5557    0.5379       400
weighted avg     0.7995    0.7825    0.7666       400

Validation Loss: 0.5055183172225952
              precision    recall  f1-score   support

           0     0.9375    0.6522    0.7692        23
           2     0.6222    0.9333    0.7467        30
           4     0.0000    0.0000    0.0000         8
           5     1.0000    0.0556    0.1053        18
           6     0.5517    0.5926    0.5714        54
           7     0.5634    0.7273    0.6349        55
           9     0.9471    0.9292    0.9381       212

    accuracy                         0.7825       400
   macro avg     0.6603    0.5557    0.5379       400
weighted avg     0.7995    0.7825    0.7666       400

Validation Loss: 0.505273699760437
              precision    recall  f1-score   support

           0     0.9375    0.6522    0.7692        23
           2     0.6222    0.9333    0.7467        30
           4     0.0000    0.0000    0.0000         8
           5     1.0000    0.0556    0.1053        18
           6     0.5517    0.5926    0.5714        54
           7     0.5634    0.7273    0.6349        55
           9     0.9471    0.9292    0.9381       212

    accuracy                         0.7825       400
   macro avg     0.6603    0.5557    0.5379       400
weighted avg     0.7995    0.7825    0.7666       400

Validation Loss: 0.5050309896469116
              precision    recall  f1-score   support

           0     0.9375    0.6522    0.7692        23
           2     0.6222    0.9333    0.7467        30
           4     0.0000    0.0000    0.0000         8
           5     1.0000    0.0556    0.1053        18
           6     0.5517    0.5926    0.5714        54
           7     0.5634    0.7273    0.6349        55
           9     0.9471    0.9292    0.9381       212

    accuracy                         0.7825       400
   macro avg     0.6603    0.5557    0.5379       400
weighted avg     0.7995    0.7825    0.7666       400

Validation Loss: 0.5047899484634399
              precision    recall  f1-score   support

           0     0.9375    0.6522    0.7692        23
           2     0.6222    0.9333    0.7467        30
           4     0.0000    0.0000    0.0000         8
           5     1.0000    0.0556    0.1053        18
           6     0.5517    0.5926    0.5714        54
           7     0.5634    0.7273    0.6349        55
           9     0.9471    0.9292    0.9381       212

    accuracy                         0.7825       400
   macro avg     0.6603    0.5557    0.5379       400
weighted avg     0.7995    0.7825    0.7666       400

Validation Loss: 0.5045487880706787
              precision    recall  f1-score   support

           0     0.9375    0.6522    0.7692        23
           2     0.6222    0.9333    0.7467        30
           4     0.0000    0.0000    0.0000         8
           5     0.5000    0.0556    0.1000        18
           6     0.5614    0.5926    0.5766        54
           7     0.5634    0.7273    0.6349        55
           9     0.9471    0.9292    0.9381       212

    accuracy                         0.7825       400
   macro avg     0.5902    0.5557    0.5379       400
weighted avg     0.7783    0.7825    0.7671       400

Validation Loss: 0.5043089389801025
              precision    recall  f1-score   support

           0     0.9375    0.6522    0.7692        23
           2     0.6222    0.9333    0.7467        30
           4     0.0000    0.0000    0.0000         8
           5     0.5000    0.0556    0.1000        18
           6     0.5714    0.5926    0.5818        54
           7     0.5556    0.7273    0.6299        55
           9     0.9471    0.9292    0.9381       212

    accuracy                         0.7825       400
   macro avg     0.5905    0.5557    0.5380       400
weighted avg     0.7786    0.7825    0.7671       400

Validation Loss: 0.5040701627731323
              precision    recall  f1-score   support

           0     0.9375    0.6522    0.7692        23
           2     0.6222    0.9333    0.7467        30
           4     0.0000    0.0000    0.0000         8
           5     0.5000    0.0556    0.1000        18
           6     0.5714    0.5926    0.5818        54
           7     0.5556    0.7273    0.6299        55
           9     0.9471    0.9292    0.9381       212

    accuracy                         0.7825       400
   macro avg     0.5905    0.5557    0.5380       400
weighted avg     0.7786    0.7825    0.7671       400

Validation Loss: 0.5038341879844666
              precision    recall  f1-score   support

           0     0.9375    0.6522    0.7692        23
           2     0.6222    0.9333    0.7467        30
           4     0.0000    0.0000    0.0000         8
           5     0.5000    0.0556    0.1000        18
           6     0.5714    0.5926    0.5818        54
           7     0.5556    0.7273    0.6299        55
           9     0.9471    0.9292    0.9381       212

    accuracy                         0.7825       400
   macro avg     0.5905    0.5557    0.5380       400
weighted avg     0.7786    0.7825    0.7671       400

Validation Loss: 0.5035984516143799
              precision    recall  f1-score   support

           0     0.9375    0.6522    0.7692        23
           2     0.6222    0.9333    0.7467        30
           4     0.0000    0.0000    0.0000         8
           5     0.5000    0.0556    0.1000        18
           6     0.5714    0.5926    0.5818        54
           7     0.5556    0.7273    0.6299        55
           9     0.9471    0.9292    0.9381       212

    accuracy                         0.7825       400
   macro avg     0.5905    0.5557    0.5380       400
weighted avg     0.7786    0.7825    0.7671       400

Validation Loss: 0.5033632516860962
              precision    recall  f1-score   support

           0     0.9375    0.6522    0.7692        23
           2     0.6222    0.9333    0.7467        30
           4     0.0000    0.0000    0.0000         8
           5     0.5000    0.0556    0.1000        18
           6     0.5714    0.5926    0.5818        54
           7     0.5556    0.7273    0.6299        55
           9     0.9471    0.9292    0.9381       212

    accuracy                         0.7825       400
   macro avg     0.5905    0.5557    0.5380       400
weighted avg     0.7786    0.7825    0.7671       400

Validation Loss: 0.5031290054321289
              precision    recall  f1-score   support

           0     0.9375    0.6522    0.7692        23
           2     0.6222    0.9333    0.7467        30
           4     0.0000    0.0000    0.0000         8
           5     0.5000    0.0556    0.1000        18
           6     0.5714    0.5926    0.5818        54
           7     0.5556    0.7273    0.6299        55
           9     0.9471    0.9292    0.9381       212

    accuracy                         0.7825       400
   macro avg     0.5905    0.5557    0.5380       400
weighted avg     0.7786    0.7825    0.7671       400

Validation Loss: 0.5028958320617676
              precision    recall  f1-score   support

           0     0.9375    0.6522    0.7692        23
           2     0.6222    0.9333    0.7467        30
           4     0.0000    0.0000    0.0000         8
           5     0.5000    0.0556    0.1000        18
           6     0.5714    0.5926    0.5818        54
           7     0.5556    0.7273    0.6299        55
           9     0.9471    0.9292    0.9381       212

    accuracy                         0.7825       400
   macro avg     0.5905    0.5557    0.5380       400
weighted avg     0.7786    0.7825    0.7671       400

Validation Loss: 0.5026645660400391
              precision    recall  f1-score   support

           0     0.9375    0.6522    0.7692        23
           2     0.6222    0.9333    0.7467        30
           4     0.0000    0.0000    0.0000         8
           5     0.5000    0.0556    0.1000        18
           6     0.5714    0.5926    0.5818        54
           7     0.5556    0.7273    0.6299        55
           9     0.9471    0.9292    0.9381       212

    accuracy                         0.7825       400
   macro avg     0.5905    0.5557    0.5380       400
weighted avg     0.7786    0.7825    0.7671       400

Validation Loss: 0.5024331212043762
              precision    recall  f1-score   support

           0     0.9375    0.6522    0.7692        23
           2     0.6222    0.9333    0.7467        30
           4     0.0000    0.0000    0.0000         8
           5     0.5000    0.0556    0.1000        18
           6     0.5714    0.5926    0.5818        54
           7     0.5556    0.7273    0.6299        55
           9     0.9471    0.9292    0.9381       212

    accuracy                         0.7825       400
   macro avg     0.5905    0.5557    0.5380       400
weighted avg     0.7786    0.7825    0.7671       400

Validation Loss: 0.5022027492523193
              precision    recall  f1-score   support

           0     0.9375    0.6522    0.7692        23
           2     0.6222    0.9333    0.7467        30
           4     0.0000    0.0000    0.0000         8
           5     0.5000    0.0556    0.1000        18
           6     0.5714    0.5926    0.5818        54
           7     0.5556    0.7273    0.6299        55
           9     0.9471    0.9292    0.9381       212

    accuracy                         0.7825       400
   macro avg     0.5905    0.5557    0.5380       400
weighted avg     0.7786    0.7825    0.7671       400

Validation Loss: 0.5019727945327759
              precision    recall  f1-score   support

           0     0.9375    0.6522    0.7692        23
           2     0.6222    0.9333    0.7467        30
           4     0.0000    0.0000    0.0000         8
           5     0.5000    0.0556    0.1000        18
           6     0.5714    0.5926    0.5818        54
           7     0.5556    0.7273    0.6299        55
           9     0.9471    0.9292    0.9381       212

    accuracy                         0.7825       400
   macro avg     0.5905    0.5557    0.5380       400
weighted avg     0.7786    0.7825    0.7671       400

Validation Loss: 0.5017443895339966
              precision    recall  f1-score   support

           0     0.9375    0.6522    0.7692        23
           2     0.6222    0.9333    0.7467        30
           4     0.0000    0.0000    0.0000         8
           5     0.5000    0.0556    0.1000        18
           6     0.5714    0.5926    0.5818        54
           7     0.5556    0.7273    0.6299        55
           9     0.9471    0.9292    0.9381       212

    accuracy                         0.7825       400
   macro avg     0.5905    0.5557    0.5380       400
weighted avg     0.7786    0.7825    0.7671       400

Validation Loss: 0.5015175342559814
              precision    recall  f1-score   support

           0     0.9375    0.6522    0.7692        23
           2     0.6222    0.9333    0.7467        30
           4     0.0000    0.0000    0.0000         8
           5     0.5000    0.0556    0.1000        18
           6     0.5714    0.5926    0.5818        54
           7     0.5556    0.7273    0.6299        55
           9     0.9471    0.9292    0.9381       212

    accuracy                         0.7825       400
   macro avg     0.5905    0.5557    0.5380       400
weighted avg     0.7786    0.7825    0.7671       400

Validation Loss: 0.501291036605835
              precision    recall  f1-score   support

           0     0.9375    0.6522    0.7692        23
           2     0.6222    0.9333    0.7467        30
           4     0.0000    0.0000    0.0000         8
           5     0.5000    0.0556    0.1000        18
           6     0.5714    0.5926    0.5818        54
           7     0.5556    0.7273    0.6299        55
           9     0.9471    0.9292    0.9381       212

    accuracy                         0.7825       400
   macro avg     0.5905    0.5557    0.5380       400
weighted avg     0.7786    0.7825    0.7671       400

Validation Loss: 0.5010660290718079
              precision    recall  f1-score   support

           0     0.9375    0.6522    0.7692        23
           2     0.6222    0.9333    0.7467        30
           4     0.0000    0.0000    0.0000         8
           5     0.5000    0.0556    0.1000        18
           6     0.5714    0.5926    0.5818        54
           7     0.5556    0.7273    0.6299        55
           9     0.9471    0.9292    0.9381       212

    accuracy                         0.7825       400
   macro avg     0.5905    0.5557    0.5380       400
weighted avg     0.7786    0.7825    0.7671       400

Validation Loss: 0.5008411407470703
              precision    recall  f1-score   support

           0     0.9375    0.6522    0.7692        23
           2     0.6222    0.9333    0.7467        30
           4     0.0000    0.0000    0.0000         8
           5     0.5000    0.0556    0.1000        18
           6     0.5714    0.5926    0.5818        54
           7     0.5556    0.7273    0.6299        55
           9     0.9471    0.9292    0.9381       212

    accuracy                         0.7825       400
   macro avg     0.5905    0.5557    0.5380       400
weighted avg     0.7786    0.7825    0.7671       400

Validation Loss: 0.5006183385848999
              precision    recall  f1-score   support

           0     0.9375    0.6522    0.7692        23
           2     0.6222    0.9333    0.7467        30
           4     0.0000    0.0000    0.0000         8
           5     0.5000    0.0556    0.1000        18
           6     0.5714    0.5926    0.5818        54
           7     0.5556    0.7273    0.6299        55
           9     0.9471    0.9292    0.9381       212

    accuracy                         0.7825       400
   macro avg     0.5905    0.5557    0.5380       400
weighted avg     0.7786    0.7825    0.7671       400

Validation Loss: 0.5003958344459534
              precision    recall  f1-score   support

           0     0.9375    0.6522    0.7692        23
           2     0.6222    0.9333    0.7467        30
           4     0.0000    0.0000    0.0000         8
           5     0.5000    0.0556    0.1000        18
           6     0.5714    0.5926    0.5818        54
           7     0.5556    0.7273    0.6299        55
           9     0.9471    0.9292    0.9381       212

    accuracy                         0.7825       400
   macro avg     0.5905    0.5557    0.5380       400
weighted avg     0.7786    0.7825    0.7671       400

Validation Loss: 0.5001750588417053
              precision    recall  f1-score   support

           0     0.9375    0.6522    0.7692        23
           2     0.6222    0.9333    0.7467        30
           4     0.0000    0.0000    0.0000         8
           5     0.5000    0.0556    0.1000        18
           6     0.5714    0.5926    0.5818        54
           7     0.5556    0.7273    0.6299        55
           9     0.9471    0.9292    0.9381       212

    accuracy                         0.7825       400
   macro avg     0.5905    0.5557    0.5380       400
weighted avg     0.7786    0.7825    0.7671       400

Validation Loss: 0.49995553493499756
              precision    recall  f1-score   support

           0     0.9375    0.6522    0.7692        23
           2     0.6222    0.9333    0.7467        30
           4     0.0000    0.0000    0.0000         8
           5     0.5000    0.0556    0.1000        18
           6     0.5714    0.5926    0.5818        54
           7     0.5556    0.7273    0.6299        55
           9     0.9471    0.9292    0.9381       212

    accuracy                         0.7825       400
   macro avg     0.5905    0.5557    0.5380       400
weighted avg     0.7786    0.7825    0.7671       400

Validation Loss: 0.4997367262840271
              precision    recall  f1-score   support

           0     0.9375    0.6522    0.7692        23
           2     0.6222    0.9333    0.7467        30
           4     0.0000    0.0000    0.0000         8
           5     0.5000    0.0556    0.1000        18
           6     0.5789    0.6111    0.5946        54
           7     0.5634    0.7273    0.6349        55
           9     0.9471    0.9292    0.9381       212

    accuracy                         0.7850       400
   macro avg     0.5927    0.5584    0.5405       400
weighted avg     0.7807    0.7850    0.7695       400

Validation Loss: 0.4995187520980835
              precision    recall  f1-score   support

           0     0.9375    0.6522    0.7692        23
           2     0.6222    0.9333    0.7467        30
           4     0.0000    0.0000    0.0000         8
           5     0.5000    0.0556    0.1000        18
           6     0.5789    0.6111    0.5946        54
           7     0.5634    0.7273    0.6349        55
           9     0.9471    0.9292    0.9381       212

    accuracy                         0.7850       400
   macro avg     0.5927    0.5584    0.5405       400
weighted avg     0.7807    0.7850    0.7695       400

Validation Loss: 0.49930238723754883
              precision    recall  f1-score   support

           0     0.9375    0.6522    0.7692        23
           2     0.6222    0.9333    0.7467        30
           4     0.0000    0.0000    0.0000         8
           5     0.5000    0.0556    0.1000        18
           6     0.5789    0.6111    0.5946        54
           7     0.5634    0.7273    0.6349        55
           9     0.9471    0.9292    0.9381       212

    accuracy                         0.7850       400
   macro avg     0.5927    0.5584    0.5405       400
weighted avg     0.7807    0.7850    0.7695       400

Validation Loss: 0.4990864098072052
              precision    recall  f1-score   support

           0     0.9375    0.6522    0.7692        23
           2     0.6222    0.9333    0.7467        30
           4     0.0000    0.0000    0.0000         8
           5     0.5000    0.0556    0.1000        18
           6     0.5789    0.6111    0.5946        54
           7     0.5634    0.7273    0.6349        55
           9     0.9471    0.9292    0.9381       212

    accuracy                         0.7850       400
   macro avg     0.5927    0.5584    0.5405       400
weighted avg     0.7807    0.7850    0.7695       400

Validation Loss: 0.49887219071388245
              precision    recall  f1-score   support

           0     0.9375    0.6522    0.7692        23
           2     0.6222    0.9333    0.7467        30
           4     0.0000    0.0000    0.0000         8
           5     0.5000    0.0556    0.1000        18
           6     0.5789    0.6111    0.5946        54
           7     0.5634    0.7273    0.6349        55
           9     0.9471    0.9292    0.9381       212

    accuracy                         0.7850       400
   macro avg     0.5927    0.5584    0.5405       400
weighted avg     0.7807    0.7850    0.7695       400

Validation Loss: 0.49865859746932983
              precision    recall  f1-score   support

           0     0.9375    0.6522    0.7692        23
           2     0.6222    0.9333    0.7467        30
           4     0.0000    0.0000    0.0000         8
           5     0.5000    0.0556    0.1000        18
           6     0.5789    0.6111    0.5946        54
           7     0.5634    0.7273    0.6349        55
           9     0.9471    0.9292    0.9381       212

    accuracy                         0.7850       400
   macro avg     0.5927    0.5584    0.5405       400
weighted avg     0.7807    0.7850    0.7695       400

Validation Loss: 0.4984464645385742
              precision    recall  f1-score   support

           0     0.9375    0.6522    0.7692        23
           2     0.6222    0.9333    0.7467        30
           4     0.0000    0.0000    0.0000         8
           5     0.5000    0.0556    0.1000        18
           6     0.5789    0.6111    0.5946        54
           7     0.5556    0.7273    0.6299        55
           9     0.9469    0.9245    0.9356       212

    accuracy                         0.7825       400
   macro avg     0.5916    0.5577    0.5394       400
weighted avg     0.7795    0.7825    0.7675       400

Validation Loss: 0.4982353746891022
              precision    recall  f1-score   support

           0     0.9375    0.6522    0.7692        23
           2     0.6222    0.9333    0.7467        30
           4     0.0000    0.0000    0.0000         8
           5     0.5000    0.0556    0.1000        18
           6     0.5789    0.6111    0.5946        54
           7     0.5556    0.7273    0.6299        55
           9     0.9469    0.9245    0.9356       212

    accuracy                         0.7825       400
   macro avg     0.5916    0.5577    0.5394       400
weighted avg     0.7795    0.7825    0.7675       400

Validation Loss: 0.49802497029304504
              precision    recall  f1-score   support

           0     0.9375    0.6522    0.7692        23
           2     0.6222    0.9333    0.7467        30
           4     0.0000    0.0000    0.0000         8
           5     0.5000    0.0556    0.1000        18
           6     0.5789    0.6111    0.5946        54
           7     0.5556    0.7273    0.6299        55
           9     0.9469    0.9245    0.9356       212

    accuracy                         0.7825       400
   macro avg     0.5916    0.5577    0.5394       400
weighted avg     0.7795    0.7825    0.7675       400

Validation Loss: 0.497816801071167
              precision    recall  f1-score   support

           0     0.9375    0.6522    0.7692        23
           2     0.6222    0.9333    0.7467        30
           4     0.0000    0.0000    0.0000         8
           5     0.5000    0.0556    0.1000        18
           6     0.5789    0.6111    0.5946        54
           7     0.5556    0.7273    0.6299        55
           9     0.9469    0.9245    0.9356       212

    accuracy                         0.7825       400
   macro avg     0.5916    0.5577    0.5394       400
weighted avg     0.7795    0.7825    0.7675       400

Validation Loss: 0.4976085424423218
              precision    recall  f1-score   support

           0     0.9412    0.6957    0.8000        23
           2     0.6364    0.9333    0.7568        30
           4     0.0000    0.0000    0.0000         8
           5     0.5000    0.0556    0.1000        18
           6     0.5789    0.6111    0.5946        54
           7     0.5556    0.7273    0.6299        55
           9     0.9469    0.9245    0.9356       212

    accuracy                         0.7850       400
   macro avg     0.5941    0.5639    0.5453       400
weighted avg     0.7807    0.7850    0.7700       400

Validation Loss: 0.49740153551101685
              precision    recall  f1-score   support

           0     0.9412    0.6957    0.8000        23
           2     0.6364    0.9333    0.7568        30
           4     0.0000    0.0000    0.0000         8
           5     0.5000    0.0556    0.1000        18
           6     0.5789    0.6111    0.5946        54
           7     0.5556    0.7273    0.6299        55
           9     0.9469    0.9245    0.9356       212

    accuracy                         0.7850       400
   macro avg     0.5941    0.5639    0.5453       400
weighted avg     0.7807    0.7850    0.7700       400

Validation Loss: 0.49719569087028503
              precision    recall  f1-score   support

           0     0.9412    0.6957    0.8000        23
           2     0.6364    0.9333    0.7568        30
           4     0.0000    0.0000    0.0000         8
           5     0.5000    0.0556    0.1000        18
           6     0.5789    0.6111    0.5946        54
           7     0.5556    0.7273    0.6299        55
           9     0.9469    0.9245    0.9356       212

    accuracy                         0.7850       400
   macro avg     0.5941    0.5639    0.5453       400
weighted avg     0.7807    0.7850    0.7700       400

Validation Loss: 0.49699079990386963
              precision    recall  f1-score   support

           0     0.9412    0.6957    0.8000        23
           2     0.6364    0.9333    0.7568        30
           4     0.0000    0.0000    0.0000         8
           5     0.5000    0.0556    0.1000        18
           6     0.5789    0.6111    0.5946        54
           7     0.5556    0.7273    0.6299        55
           9     0.9469    0.9245    0.9356       212

    accuracy                         0.7850       400
   macro avg     0.5941    0.5639    0.5453       400
weighted avg     0.7807    0.7850    0.7700       400

Validation Loss: 0.4967867136001587
              precision    recall  f1-score   support

           0     0.9412    0.6957    0.8000        23
           2     0.6364    0.9333    0.7568        30
           4     0.0000    0.0000    0.0000         8
           5     0.5000    0.0556    0.1000        18
           6     0.5789    0.6111    0.5946        54
           7     0.5556    0.7273    0.6299        55
           9     0.9469    0.9245    0.9356       212

    accuracy                         0.7850       400
   macro avg     0.5941    0.5639    0.5453       400
weighted avg     0.7807    0.7850    0.7700       400

Validation Loss: 0.4965832829475403
              precision    recall  f1-score   support

           0     0.9412    0.6957    0.8000        23
           2     0.6364    0.9333    0.7568        30
           4     0.0000    0.0000    0.0000         8
           5     0.5000    0.0556    0.1000        18
           6     0.5789    0.6111    0.5946        54
           7     0.5634    0.7273    0.6349        55
           9     0.9471    0.9292    0.9381       212

    accuracy                         0.7875       400
   macro avg     0.5953    0.5646    0.5463       400
weighted avg     0.7819    0.7875    0.7720       400

Validation Loss: 0.49638137221336365
              precision    recall  f1-score   support

           0     0.9412    0.6957    0.8000        23
           2     0.6364    0.9333    0.7568        30
           4     0.0000    0.0000    0.0000         8
           5     0.5000    0.0556    0.1000        18
           6     0.5789    0.6111    0.5946        54
           7     0.5634    0.7273    0.6349        55
           9     0.9471    0.9292    0.9381       212

    accuracy                         0.7875       400
   macro avg     0.5953    0.5646    0.5463       400
weighted avg     0.7819    0.7875    0.7720       400

Validation Loss: 0.49617889523506165
              precision    recall  f1-score   support

           0     0.9412    0.6957    0.8000        23
           2     0.6364    0.9333    0.7568        30
           4     0.0000    0.0000    0.0000         8
           5     0.5000    0.0556    0.1000        18
           6     0.5789    0.6111    0.5946        54
           7     0.5634    0.7273    0.6349        55
           9     0.9471    0.9292    0.9381       212

    accuracy                         0.7875       400
   macro avg     0.5953    0.5646    0.5463       400
weighted avg     0.7819    0.7875    0.7720       400

Validation Loss: 0.4959779977798462
              precision    recall  f1-score   support

           0     0.9412    0.6957    0.8000        23
           2     0.6364    0.9333    0.7568        30
           4     0.0000    0.0000    0.0000         8
           5     0.5000    0.0556    0.1000        18
           6     0.5789    0.6111    0.5946        54
           7     0.5634    0.7273    0.6349        55
           9     0.9471    0.9292    0.9381       212

    accuracy                         0.7875       400
   macro avg     0.5953    0.5646    0.5463       400
weighted avg     0.7819    0.7875    0.7720       400

Validation Loss: 0.4957776665687561
              precision    recall  f1-score   support

           0     0.9412    0.6957    0.8000        23
           2     0.6364    0.9333    0.7568        30
           4     0.0000    0.0000    0.0000         8
           5     0.5000    0.0556    0.1000        18
           6     0.5789    0.6111    0.5946        54
           7     0.5634    0.7273    0.6349        55
           9     0.9471    0.9292    0.9381       212

    accuracy                         0.7875       400
   macro avg     0.5953    0.5646    0.5463       400
weighted avg     0.7819    0.7875    0.7720       400

Validation Loss: 0.495577871799469
              precision    recall  f1-score   support

           0     0.9412    0.6957    0.8000        23
           2     0.6364    0.9333    0.7568        30
           4     0.0000    0.0000    0.0000         8
           5     0.5000    0.0556    0.1000        18
           6     0.5789    0.6111    0.5946        54
           7     0.5634    0.7273    0.6349        55
           9     0.9471    0.9292    0.9381       212

    accuracy                         0.7875       400
   macro avg     0.5953    0.5646    0.5463       400
weighted avg     0.7819    0.7875    0.7720       400

Validation Loss: 0.4953777492046356
              precision    recall  f1-score   support

           0     0.9412    0.6957    0.8000        23
           2     0.6364    0.9333    0.7568        30
           4     0.0000    0.0000    0.0000         8
           5     0.5000    0.0556    0.1000        18
           6     0.5789    0.6111    0.5946        54
           7     0.5634    0.7273    0.6349        55
           9     0.9471    0.9292    0.9381       212

    accuracy                         0.7875       400
   macro avg     0.5953    0.5646    0.5463       400
weighted avg     0.7819    0.7875    0.7720       400

Validation Loss: 0.4951791763305664
              precision    recall  f1-score   support

           0     0.9412    0.6957    0.8000        23
           2     0.6364    0.9333    0.7568        30
           4     0.0000    0.0000    0.0000         8
           5     0.5000    0.0556    0.1000        18
           6     0.5789    0.6111    0.5946        54
           7     0.5634    0.7273    0.6349        55
           9     0.9471    0.9292    0.9381       212

    accuracy                         0.7875       400
   macro avg     0.5953    0.5646    0.5463       400
weighted avg     0.7819    0.7875    0.7720       400

Validation Loss: 0.49498167634010315
              precision    recall  f1-score   support

           0     0.9412    0.6957    0.8000        23
           2     0.6364    0.9333    0.7568        30
           4     0.0000    0.0000    0.0000         8
           5     0.5000    0.0556    0.1000        18
           6     0.5789    0.6111    0.5946        54
           7     0.5634    0.7273    0.6349        55
           9     0.9471    0.9292    0.9381       212

    accuracy                         0.7875       400
   macro avg     0.5953    0.5646    0.5463       400
weighted avg     0.7819    0.7875    0.7720       400

Validation Loss: 0.4947851300239563
              precision    recall  f1-score   support

           0     0.9412    0.6957    0.8000        23
           2     0.6364    0.9333    0.7568        30
           4     0.0000    0.0000    0.0000         8
           5     0.5000    0.0556    0.1000        18
           6     0.5789    0.6111    0.5946        54
           7     0.5634    0.7273    0.6349        55
           9     0.9471    0.9292    0.9381       212

    accuracy                         0.7875       400
   macro avg     0.5953    0.5646    0.5463       400
weighted avg     0.7819    0.7875    0.7720       400

Validation Loss: 0.49458813667297363
              precision    recall  f1-score   support

           0     0.9412    0.6957    0.8000        23
           2     0.6364    0.9333    0.7568        30
           4     0.0000    0.0000    0.0000         8
           5     0.5000    0.0556    0.1000        18
           6     0.5789    0.6111    0.5946        54
           7     0.5634    0.7273    0.6349        55
           9     0.9471    0.9292    0.9381       212

    accuracy                         0.7875       400
   macro avg     0.5953    0.5646    0.5463       400
weighted avg     0.7819    0.7875    0.7720       400

Validation Loss: 0.49439406394958496
              precision    recall  f1-score   support

           0     0.9412    0.6957    0.8000        23
           2     0.6364    0.9333    0.7568        30
           4     0.0000    0.0000    0.0000         8
           5     0.5000    0.0556    0.1000        18
           6     0.5789    0.6111    0.5946        54
           7     0.5634    0.7273    0.6349        55
           9     0.9471    0.9292    0.9381       212

    accuracy                         0.7875       400
   macro avg     0.5953    0.5646    0.5463       400
weighted avg     0.7819    0.7875    0.7720       400

Validation Loss: 0.4941999316215515
              precision    recall  f1-score   support

           0     0.9412    0.6957    0.8000        23
           2     0.6364    0.9333    0.7568        30
           4     0.0000    0.0000    0.0000         8
           5     0.5000    0.0556    0.1000        18
           6     0.5789    0.6111    0.5946        54
           7     0.5634    0.7273    0.6349        55
           9     0.9471    0.9292    0.9381       212

    accuracy                         0.7875       400
   macro avg     0.5953    0.5646    0.5463       400
weighted avg     0.7819    0.7875    0.7720       400

Validation Loss: 0.494006872177124
              precision    recall  f1-score   support

           0     0.9412    0.6957    0.8000        23
           2     0.6364    0.9333    0.7568        30
           4     0.0000    0.0000    0.0000         8
           5     0.5000    0.0556    0.1000        18
           6     0.5789    0.6111    0.5946        54
           7     0.5634    0.7273    0.6349        55
           9     0.9471    0.9292    0.9381       212

    accuracy                         0.7875       400
   macro avg     0.5953    0.5646    0.5463       400
weighted avg     0.7819    0.7875    0.7720       400

Validation Loss: 0.49381446838378906
              precision    recall  f1-score   support

           0     0.9412    0.6957    0.8000        23
           2     0.6364    0.9333    0.7568        30
           4     0.0000    0.0000    0.0000         8
           5     0.5000    0.0556    0.1000        18
           6     0.5789    0.6111    0.5946        54
           7     0.5634    0.7273    0.6349        55
           9     0.9471    0.9292    0.9381       212

    accuracy                         0.7875       400
   macro avg     0.5953    0.5646    0.5463       400
weighted avg     0.7819    0.7875    0.7720       400

Validation Loss: 0.4936235547065735
              precision    recall  f1-score   support

           0     0.9412    0.6957    0.8000        23
           2     0.6364    0.9333    0.7568        30
           4     0.0000    0.0000    0.0000         8
           5     0.5000    0.0556    0.1000        18
           6     0.5789    0.6111    0.5946        54
           7     0.5634    0.7273    0.6349        55
           9     0.9471    0.9292    0.9381       212

    accuracy                         0.7875       400
   macro avg     0.5953    0.5646    0.5463       400
weighted avg     0.7819    0.7875    0.7720       400

Validation Loss: 0.4934324026107788
              precision    recall  f1-score   support

           0     0.9412    0.6957    0.8000        23
           2     0.6364    0.9333    0.7568        30
           4     0.0000    0.0000    0.0000         8
           5     0.5000    0.0556    0.1000        18
           6     0.5789    0.6111    0.5946        54
           7     0.5634    0.7273    0.6349        55
           9     0.9471    0.9292    0.9381       212

    accuracy                         0.7875       400
   macro avg     0.5953    0.5646    0.5463       400
weighted avg     0.7819    0.7875    0.7720       400

Validation Loss: 0.49324357509613037
              precision    recall  f1-score   support

           0     0.9412    0.6957    0.8000        23
           2     0.6364    0.9333    0.7568        30
           4     0.0000    0.0000    0.0000         8
           5     0.5000    0.0556    0.1000        18
           6     0.5789    0.6111    0.5946        54
           7     0.5634    0.7273    0.6349        55
           9     0.9471    0.9292    0.9381       212

    accuracy                         0.7875       400
   macro avg     0.5953    0.5646    0.5463       400
weighted avg     0.7819    0.7875    0.7720       400

Validation Loss: 0.4930551052093506
              precision    recall  f1-score   support

           0     0.9412    0.6957    0.8000        23
           2     0.6364    0.9333    0.7568        30
           4     0.0000    0.0000    0.0000         8
           5     0.5000    0.0556    0.1000        18
           6     0.5789    0.6111    0.5946        54
           7     0.5634    0.7273    0.6349        55
           9     0.9471    0.9292    0.9381       212

    accuracy                         0.7875       400
   macro avg     0.5953    0.5646    0.5463       400
weighted avg     0.7819    0.7875    0.7720       400

Validation Loss: 0.4928675889968872
              precision    recall  f1-score   support

           0     0.9412    0.6957    0.8000        23
           2     0.6364    0.9333    0.7568        30
           4     0.0000    0.0000    0.0000         8
           5     0.5000    0.0556    0.1000        18
           6     0.5789    0.6111    0.5946        54
           7     0.5634    0.7273    0.6349        55
           9     0.9471    0.9292    0.9381       212

    accuracy                         0.7875       400
   macro avg     0.5953    0.5646    0.5463       400
weighted avg     0.7819    0.7875    0.7720       400

Validation Loss: 0.49268072843551636
              precision    recall  f1-score   support

           0     0.9412    0.6957    0.8000        23
           2     0.6364    0.9333    0.7568        30
           4     0.0000    0.0000    0.0000         8
           5     0.5000    0.0556    0.1000        18
           6     0.5789    0.6111    0.5946        54
           7     0.5634    0.7273    0.6349        55
           9     0.9471    0.9292    0.9381       212

    accuracy                         0.7875       400
   macro avg     0.5953    0.5646    0.5463       400
weighted avg     0.7819    0.7875    0.7720       400

Validation Loss: 0.4924950897693634
              precision    recall  f1-score   support

           0     0.9412    0.6957    0.8000        23
           2     0.6364    0.9333    0.7568        30
           4     0.0000    0.0000    0.0000         8
           5     0.5000    0.0556    0.1000        18
           6     0.5789    0.6111    0.5946        54
           7     0.5634    0.7273    0.6349        55
           9     0.9471    0.9292    0.9381       212

    accuracy                         0.7875       400
   macro avg     0.5953    0.5646    0.5463       400
weighted avg     0.7819    0.7875    0.7720       400

Validation Loss: 0.4923098385334015
              precision    recall  f1-score   support

           0     0.9412    0.6957    0.8000        23
           2     0.6364    0.9333    0.7568        30
           4     0.0000    0.0000    0.0000         8
           5     0.5000    0.0556    0.1000        18
           6     0.5789    0.6111    0.5946        54
           7     0.5634    0.7273    0.6349        55
           9     0.9471    0.9292    0.9381       212

    accuracy                         0.7875       400
   macro avg     0.5953    0.5646    0.5463       400
weighted avg     0.7819    0.7875    0.7720       400

Validation Loss: 0.4921264052391052
              precision    recall  f1-score   support

           0     0.9412    0.6957    0.8000        23
           2     0.6364    0.9333    0.7568        30
           4     0.0000    0.0000    0.0000         8
           5     0.5000    0.0556    0.1000        18
           6     0.5789    0.6111    0.5946        54
           7     0.5634    0.7273    0.6349        55
           9     0.9471    0.9292    0.9381       212

    accuracy                         0.7875       400
   macro avg     0.5953    0.5646    0.5463       400
weighted avg     0.7819    0.7875    0.7720       400

Validation Loss: 0.4919425845146179
              precision    recall  f1-score   support

           0     0.9412    0.6957    0.8000        23
           2     0.6364    0.9333    0.7568        30
           4     0.0000    0.0000    0.0000         8
           5     0.5000    0.0556    0.1000        18
           6     0.5789    0.6111    0.5946        54
           7     0.5634    0.7273    0.6349        55
           9     0.9471    0.9292    0.9381       212

    accuracy                         0.7875       400
   macro avg     0.5953    0.5646    0.5463       400
weighted avg     0.7819    0.7875    0.7720       400

Validation Loss: 0.4917600750923157
              precision    recall  f1-score   support

           0     0.9412    0.6957    0.8000        23
           2     0.6364    0.9333    0.7568        30
           4     0.0000    0.0000    0.0000         8
           5     0.5000    0.0556    0.1000        18
           6     0.5789    0.6111    0.5946        54
           7     0.5634    0.7273    0.6349        55
           9     0.9471    0.9292    0.9381       212

    accuracy                         0.7875       400
   macro avg     0.5953    0.5646    0.5463       400
weighted avg     0.7819    0.7875    0.7720       400

Validation Loss: 0.49157848954200745
              precision    recall  f1-score   support

           0     0.9412    0.6957    0.8000        23
           2     0.6364    0.9333    0.7568        30
           4     0.0000    0.0000    0.0000         8
           5     0.5000    0.0556    0.1000        18
           6     0.5789    0.6111    0.5946        54
           7     0.5634    0.7273    0.6349        55
           9     0.9471    0.9292    0.9381       212

    accuracy                         0.7875       400
   macro avg     0.5953    0.5646    0.5463       400
weighted avg     0.7819    0.7875    0.7720       400

Validation Loss: 0.4913974106311798
              precision    recall  f1-score   support

           0     0.9412    0.6957    0.8000        23
           2     0.6364    0.9333    0.7568        30
           4     0.0000    0.0000    0.0000         8
           5     0.5000    0.0556    0.1000        18
           6     0.5789    0.6111    0.5946        54
           7     0.5634    0.7273    0.6349        55
           9     0.9471    0.9292    0.9381       212

    accuracy                         0.7875       400
   macro avg     0.5953    0.5646    0.5463       400
weighted avg     0.7819    0.7875    0.7720       400

Validation Loss: 0.4912167191505432
              precision    recall  f1-score   support

           0     0.9412    0.6957    0.8000        23
           2     0.6364    0.9333    0.7568        30
           4     0.0000    0.0000    0.0000         8
           5     0.5000    0.0556    0.1000        18
           6     0.5789    0.6111    0.5946        54
           7     0.5634    0.7273    0.6349        55
           9     0.9471    0.9292    0.9381       212

    accuracy                         0.7875       400
   macro avg     0.5953    0.5646    0.5463       400
weighted avg     0.7819    0.7875    0.7720       400

Validation Loss: 0.4910377264022827
              precision    recall  f1-score   support

           0     0.9412    0.6957    0.8000        23
           2     0.6364    0.9333    0.7568        30
           4     0.0000    0.0000    0.0000         8
           5     0.5000    0.0556    0.1000        18
           6     0.5789    0.6111    0.5946        54
           7     0.5634    0.7273    0.6349        55
           9     0.9471    0.9292    0.9381       212

    accuracy                         0.7875       400
   macro avg     0.5953    0.5646    0.5463       400
weighted avg     0.7819    0.7875    0.7720       400

Validation Loss: 0.49085864424705505
              precision    recall  f1-score   support

           0     0.9412    0.6957    0.8000        23
           2     0.6364    0.9333    0.7568        30
           4     0.0000    0.0000    0.0000         8
           5     0.5000    0.0556    0.1000        18
           6     0.5789    0.6111    0.5946        54
           7     0.5634    0.7273    0.6349        55
           9     0.9471    0.9292    0.9381       212

    accuracy                         0.7875       400
   macro avg     0.5953    0.5646    0.5463       400
weighted avg     0.7819    0.7875    0.7720       400

Validation Loss: 0.49068132042884827
              precision    recall  f1-score   support

           0     0.9412    0.6957    0.8000        23
           2     0.6364    0.9333    0.7568        30
           4     0.0000    0.0000    0.0000         8
           5     0.5000    0.0556    0.1000        18
           6     0.5789    0.6111    0.5946        54
           7     0.5634    0.7273    0.6349        55
           9     0.9471    0.9292    0.9381       212

    accuracy                         0.7875       400
   macro avg     0.5953    0.5646    0.5463       400
weighted avg     0.7819    0.7875    0.7720       400

Validation Loss: 0.4905046820640564
              precision    recall  f1-score   support

           0     0.9412    0.6957    0.8000        23
           2     0.6364    0.9333    0.7568        30
           4     0.0000    0.0000    0.0000         8
           5     0.5000    0.0556    0.1000        18
           6     0.5789    0.6111    0.5946        54
           7     0.5634    0.7273    0.6349        55
           9     0.9471    0.9292    0.9381       212

    accuracy                         0.7875       400
   macro avg     0.5953    0.5646    0.5463       400
weighted avg     0.7819    0.7875    0.7720       400

Validation Loss: 0.49032819271087646
              precision    recall  f1-score   support

           0     0.9412    0.6957    0.8000        23
           2     0.6364    0.9333    0.7568        30
           4     0.0000    0.0000    0.0000         8
           5     0.5000    0.0556    0.1000        18
           6     0.5789    0.6111    0.5946        54
           7     0.5634    0.7273    0.6349        55
           9     0.9471    0.9292    0.9381       212

    accuracy                         0.7875       400
   macro avg     0.5953    0.5646    0.5463       400
weighted avg     0.7819    0.7875    0.7720       400

Validation Loss: 0.4901527762413025
              precision    recall  f1-score   support

           0     0.9412    0.6957    0.8000        23
           2     0.6364    0.9333    0.7568        30
           4     0.0000    0.0000    0.0000         8
           5     0.5000    0.0556    0.1000        18
           6     0.5789    0.6111    0.5946        54
           7     0.5634    0.7273    0.6349        55
           9     0.9471    0.9292    0.9381       212

    accuracy                         0.7875       400
   macro avg     0.5953    0.5646    0.5463       400
weighted avg     0.7819    0.7875    0.7720       400

Validation Loss: 0.4899778664112091
              precision    recall  f1-score   support

           0     0.9412    0.6957    0.8000        23
           2     0.6364    0.9333    0.7568        30
           4     0.0000    0.0000    0.0000         8
           5     0.5000    0.0556    0.1000        18
           6     0.5789    0.6111    0.5946        54
           7     0.5634    0.7273    0.6349        55
           9     0.9471    0.9292    0.9381       212

    accuracy                         0.7875       400
   macro avg     0.5953    0.5646    0.5463       400
weighted avg     0.7819    0.7875    0.7720       400

Validation Loss: 0.4898039698600769
              precision    recall  f1-score   support

           0     0.9412    0.6957    0.8000        23
           2     0.6364    0.9333    0.7568        30
           4     0.0000    0.0000    0.0000         8
           5     0.5000    0.0556    0.1000        18
           6     0.5789    0.6111    0.5946        54
           7     0.5634    0.7273    0.6349        55
           9     0.9471    0.9292    0.9381       212

    accuracy                         0.7875       400
   macro avg     0.5953    0.5646    0.5463       400
weighted avg     0.7819    0.7875    0.7720       400

Validation Loss: 0.48963040113449097
              precision    recall  f1-score   support

           0     0.9412    0.6957    0.8000        23
           2     0.6364    0.9333    0.7568        30
           4     0.0000    0.0000    0.0000         8
           5     0.5000    0.0556    0.1000        18
           6     0.5789    0.6111    0.5946        54
           7     0.5634    0.7273    0.6349        55
           9     0.9471    0.9292    0.9381       212

    accuracy                         0.7875       400
   macro avg     0.5953    0.5646    0.5463       400
weighted avg     0.7819    0.7875    0.7720       400

Validation Loss: 0.4894581437110901
              precision    recall  f1-score   support

           0     0.9412    0.6957    0.8000        23
           2     0.6364    0.9333    0.7568        30
           4     0.0000    0.0000    0.0000         8
           5     0.5000    0.0556    0.1000        18
           6     0.5789    0.6111    0.5946        54
           7     0.5634    0.7273    0.6349        55
           9     0.9471    0.9292    0.9381       212

    accuracy                         0.7875       400
   macro avg     0.5953    0.5646    0.5463       400
weighted avg     0.7819    0.7875    0.7720       400

Validation Loss: 0.48928648233413696
              precision    recall  f1-score   support

           0     0.9412    0.6957    0.8000        23
           2     0.6364    0.9333    0.7568        30
           4     0.0000    0.0000    0.0000         8
           5     0.5000    0.0556    0.1000        18
           6     0.5789    0.6111    0.5946        54
           7     0.5634    0.7273    0.6349        55
           9     0.9471    0.9292    0.9381       212

    accuracy                         0.7875       400
   macro avg     0.5953    0.5646    0.5463       400
weighted avg     0.7819    0.7875    0.7720       400

Validation Loss: 0.4891156256198883
              precision    recall  f1-score   support

           0     0.9412    0.6957    0.8000        23
           2     0.6364    0.9333    0.7568        30
           4     0.0000    0.0000    0.0000         8
           5     0.5000    0.0556    0.1000        18
           6     0.5789    0.6111    0.5946        54
           7     0.5634    0.7273    0.6349        55
           9     0.9471    0.9292    0.9381       212

    accuracy                         0.7875       400
   macro avg     0.5953    0.5646    0.5463       400
weighted avg     0.7819    0.7875    0.7720       400

Validation Loss: 0.4889456629753113
              precision    recall  f1-score   support

           0     0.9412    0.6957    0.8000        23
           2     0.6364    0.9333    0.7568        30
           4     0.0000    0.0000    0.0000         8
           5     0.5000    0.0556    0.1000        18
           6     0.5789    0.6111    0.5946        54
           7     0.5634    0.7273    0.6349        55
           9     0.9471    0.9292    0.9381       212

    accuracy                         0.7875       400
   macro avg     0.5953    0.5646    0.5463       400
weighted avg     0.7819    0.7875    0.7720       400

Validation Loss: 0.48877495527267456
              precision    recall  f1-score   support

           0     0.9412    0.6957    0.8000        23
           2     0.6364    0.9333    0.7568        30
           4     0.0000    0.0000    0.0000         8
           5     0.5000    0.0556    0.1000        18
           6     0.5789    0.6111    0.5946        54
           7     0.5634    0.7273    0.6349        55
           9     0.9471    0.9292    0.9381       212

    accuracy                         0.7875       400
   macro avg     0.5953    0.5646    0.5463       400
weighted avg     0.7819    0.7875    0.7720       400

Validation Loss: 0.4886065125465393
              precision    recall  f1-score   support

           0     0.9412    0.6957    0.8000        23
           2     0.6364    0.9333    0.7568        30
           4     0.0000    0.0000    0.0000         8
           5     0.5000    0.0556    0.1000        18
           6     0.5789    0.6111    0.5946        54
           7     0.5634    0.7273    0.6349        55
           9     0.9471    0.9292    0.9381       212

    accuracy                         0.7875       400
   macro avg     0.5953    0.5646    0.5463       400
weighted avg     0.7819    0.7875    0.7720       400

Validation Loss: 0.4884387254714966
              precision    recall  f1-score   support

           0     0.9412    0.6957    0.8000        23
           2     0.6364    0.9333    0.7568        30
           4     0.0000    0.0000    0.0000         8
           5     0.5000    0.0556    0.1000        18
           6     0.5789    0.6111    0.5946        54
           7     0.5634    0.7273    0.6349        55
           9     0.9471    0.9292    0.9381       212

    accuracy                         0.7875       400
   macro avg     0.5953    0.5646    0.5463       400
weighted avg     0.7819    0.7875    0.7720       400

Validation Loss: 0.48827022314071655
              precision    recall  f1-score   support

           0     0.9412    0.6957    0.8000        23
           2     0.6364    0.9333    0.7568        30
           4     0.0000    0.0000    0.0000         8
           5     0.5000    0.0556    0.1000        18
           6     0.5789    0.6111    0.5946        54
           7     0.5634    0.7273    0.6349        55
           9     0.9471    0.9292    0.9381       212

    accuracy                         0.7875       400
   macro avg     0.5953    0.5646    0.5463       400
weighted avg     0.7819    0.7875    0.7720       400

Validation Loss: 0.48810359835624695
              precision    recall  f1-score   support

           0     0.9412    0.6957    0.8000        23
           2     0.6364    0.9333    0.7568        30
           4     0.0000    0.0000    0.0000         8
           5     0.5000    0.0556    0.1000        18
           6     0.5789    0.6111    0.5946        54
           7     0.5634    0.7273    0.6349        55
           9     0.9471    0.9292    0.9381       212

    accuracy                         0.7875       400
   macro avg     0.5953    0.5646    0.5463       400
weighted avg     0.7819    0.7875    0.7720       400

Validation Loss: 0.48793745040893555
              precision    recall  f1-score   support

           0     0.9412    0.6957    0.8000        23
           2     0.6364    0.9333    0.7568        30
           4     0.0000    0.0000    0.0000         8
           5     0.5000    0.0556    0.1000        18
           6     0.5789    0.6111    0.5946        54
           7     0.5634    0.7273    0.6349        55
           9     0.9471    0.9292    0.9381       212

    accuracy                         0.7875       400
   macro avg     0.5953    0.5646    0.5463       400
weighted avg     0.7819    0.7875    0.7720       400

Validation Loss: 0.48777124285697937
              precision    recall  f1-score   support

           0     0.9412    0.6957    0.8000        23
           2     0.6364    0.9333    0.7568        30
           4     0.0000    0.0000    0.0000         8
           5     0.5000    0.0556    0.1000        18
           6     0.5789    0.6111    0.5946        54
           7     0.5634    0.7273    0.6349        55
           9     0.9471    0.9292    0.9381       212

    accuracy                         0.7875       400
   macro avg     0.5953    0.5646    0.5463       400
weighted avg     0.7819    0.7875    0.7720       400

Validation Loss: 0.4876070022583008
              precision    recall  f1-score   support

           0     0.9412    0.6957    0.8000        23
           2     0.6364    0.9333    0.7568        30
           4     0.0000    0.0000    0.0000         8
           5     0.5000    0.0556    0.1000        18
           6     0.5789    0.6111    0.5946        54
           7     0.5634    0.7273    0.6349        55
           9     0.9471    0.9292    0.9381       212

    accuracy                         0.7875       400
   macro avg     0.5953    0.5646    0.5463       400
weighted avg     0.7819    0.7875    0.7720       400

Validation Loss: 0.48744210600852966
              precision    recall  f1-score   support

           0     0.9412    0.6957    0.8000        23
           2     0.6364    0.9333    0.7568        30
           4     0.0000    0.0000    0.0000         8
           5     0.5000    0.0556    0.1000        18
           6     0.5789    0.6111    0.5946        54
           7     0.5634    0.7273    0.6349        55
           9     0.9471    0.9292    0.9381       212

    accuracy                         0.7875       400
   macro avg     0.5953    0.5646    0.5463       400
weighted avg     0.7819    0.7875    0.7720       400

Validation Loss: 0.48727861046791077
              precision    recall  f1-score   support

           0     0.9412    0.6957    0.8000        23
           2     0.6364    0.9333    0.7568        30
           4     0.0000    0.0000    0.0000         8
           5     0.5000    0.0556    0.1000        18
           6     0.5789    0.6111    0.5946        54
           7     0.5634    0.7273    0.6349        55
           9     0.9471    0.9292    0.9381       212

    accuracy                         0.7875       400
   macro avg     0.5953    0.5646    0.5463       400
weighted avg     0.7819    0.7875    0.7720       400

Validation Loss: 0.4871159791946411
              precision    recall  f1-score   support

           0     0.9412    0.6957    0.8000        23
           2     0.6364    0.9333    0.7568        30
           4     0.0000    0.0000    0.0000         8
           5     0.5000    0.0556    0.1000        18
           6     0.5789    0.6111    0.5946        54
           7     0.5634    0.7273    0.6349        55
           9     0.9471    0.9292    0.9381       212

    accuracy                         0.7875       400
   macro avg     0.5953    0.5646    0.5463       400
weighted avg     0.7819    0.7875    0.7720       400

Validation Loss: 0.48695385456085205
              precision    recall  f1-score   support

           0     0.9412    0.6957    0.8000        23
           2     0.6364    0.9333    0.7568        30
           4     0.0000    0.0000    0.0000         8
           5     0.5000    0.0556    0.1000        18
           6     0.5789    0.6111    0.5946        54
           7     0.5634    0.7273    0.6349        55
           9     0.9471    0.9292    0.9381       212

    accuracy                         0.7875       400
   macro avg     0.5953    0.5646    0.5463       400
weighted avg     0.7819    0.7875    0.7720       400

Validation Loss: 0.4867909550666809
              precision    recall  f1-score   support

           0     0.9412    0.6957    0.8000        23
           2     0.6364    0.9333    0.7568        30
           4     0.0000    0.0000    0.0000         8
           5     0.5000    0.0556    0.1000        18
           6     0.5789    0.6111    0.5946        54
           7     0.5634    0.7273    0.6349        55
           9     0.9471    0.9292    0.9381       212

    accuracy                         0.7875       400
   macro avg     0.5953    0.5646    0.5463       400
weighted avg     0.7819    0.7875    0.7720       400

Validation Loss: 0.48663097620010376
              precision    recall  f1-score   support

           0     0.9412    0.6957    0.8000        23
           2     0.6364    0.9333    0.7568        30
           4     0.0000    0.0000    0.0000         8
           5     0.5000    0.0556    0.1000        18
           6     0.5789    0.6111    0.5946        54
           7     0.5634    0.7273    0.6349        55
           9     0.9471    0.9292    0.9381       212

    accuracy                         0.7875       400
   macro avg     0.5953    0.5646    0.5463       400
weighted avg     0.7819    0.7875    0.7720       400

Validation Loss: 0.4864702820777893
              precision    recall  f1-score   support

           0     0.9412    0.6957    0.8000        23
           2     0.6364    0.9333    0.7568        30
           4     0.0000    0.0000    0.0000         8
           5     0.5000    0.0556    0.1000        18
           6     0.5789    0.6111    0.5946        54
           7     0.5634    0.7273    0.6349        55
           9     0.9471    0.9292    0.9381       212

    accuracy                         0.7875       400
   macro avg     0.5953    0.5646    0.5463       400
weighted avg     0.7819    0.7875    0.7720       400

Validation Loss: 0.4863103926181793
              precision    recall  f1-score   support

           0     0.9412    0.6957    0.8000        23
           2     0.6364    0.9333    0.7568        30
           4     0.0000    0.0000    0.0000         8
           5     0.5000    0.0556    0.1000        18
           6     0.5789    0.6111    0.5946        54
           7     0.5634    0.7273    0.6349        55
           9     0.9471    0.9292    0.9381       212

    accuracy                         0.7875       400
   macro avg     0.5953    0.5646    0.5463       400
weighted avg     0.7819    0.7875    0.7720       400

Validation Loss: 0.48615172505378723
              precision    recall  f1-score   support

           0     0.9412    0.6957    0.8000        23
           2     0.6364    0.9333    0.7568        30
           4     0.0000    0.0000    0.0000         8
           5     0.5000    0.0556    0.1000        18
           6     0.5789    0.6111    0.5946        54
           7     0.5634    0.7273    0.6349        55
           9     0.9471    0.9292    0.9381       212

    accuracy                         0.7875       400
   macro avg     0.5953    0.5646    0.5463       400
weighted avg     0.7819    0.7875    0.7720       400

Validation Loss: 0.48599421977996826
              precision    recall  f1-score   support

           0     0.9412    0.6957    0.8000        23
           2     0.6364    0.9333    0.7568        30
           4     0.0000    0.0000    0.0000         8
           5     0.5000    0.0556    0.1000        18
           6     0.5789    0.6111    0.5946        54
           7     0.5634    0.7273    0.6349        55
           9     0.9471    0.9292    0.9381       212

    accuracy                         0.7875       400
   macro avg     0.5953    0.5646    0.5463       400
weighted avg     0.7819    0.7875    0.7720       400

Validation Loss: 0.48583635687828064
              precision    recall  f1-score   support

           0     0.9412    0.6957    0.8000        23
           2     0.6364    0.9333    0.7568        30
           4     0.0000    0.0000    0.0000         8
           5     0.5000    0.0556    0.1000        18
           6     0.5789    0.6111    0.5946        54
           7     0.5634    0.7273    0.6349        55
           9     0.9471    0.9292    0.9381       212

    accuracy                         0.7875       400
   macro avg     0.5953    0.5646    0.5463       400
weighted avg     0.7819    0.7875    0.7720       400

Validation Loss: 0.4856792688369751
              precision    recall  f1-score   support

           0     0.9412    0.6957    0.8000        23
           2     0.6364    0.9333    0.7568        30
           4     0.0000    0.0000    0.0000         8
           5     0.0000    0.0000    0.0000        18
           6     0.5789    0.6111    0.5946        54
           7     0.5634    0.7273    0.6349        55
           9     0.9471    0.9292    0.9381       212

    accuracy                         0.7850       400
   macro avg     0.5239    0.5567    0.5321       400
weighted avg     0.7594    0.7850    0.7675       400

Validation Loss: 0.4855222702026367
              precision    recall  f1-score   support

           0     0.9412    0.6957    0.8000        23
           2     0.6364    0.9333    0.7568        30
           4     0.0000    0.0000    0.0000         8
           5     0.0000    0.0000    0.0000        18
           6     0.5789    0.6111    0.5946        54
           7     0.5634    0.7273    0.6349        55
           9     0.9471    0.9292    0.9381       212

    accuracy                         0.7850       400
   macro avg     0.5239    0.5567    0.5321       400
weighted avg     0.7594    0.7850    0.7675       400

Validation Loss: 0.4853662848472595
              precision    recall  f1-score   support

           0     0.9412    0.6957    0.8000        23
           2     0.6364    0.9333    0.7568        30
           4     0.0000    0.0000    0.0000         8
           5     0.0000    0.0000    0.0000        18
           6     0.5789    0.6111    0.5946        54
           7     0.5634    0.7273    0.6349        55
           9     0.9471    0.9292    0.9381       212

    accuracy                         0.7850       400
   macro avg     0.5239    0.5567    0.5321       400
weighted avg     0.7594    0.7850    0.7675       400

Validation Loss: 0.48521244525909424
              precision    recall  f1-score   support

           0     0.9412    0.6957    0.8000        23
           2     0.6364    0.9333    0.7568        30
           4     0.0000    0.0000    0.0000         8
           5     0.0000    0.0000    0.0000        18
           6     0.5789    0.6111    0.5946        54
           7     0.5634    0.7273    0.6349        55
           9     0.9471    0.9292    0.9381       212

    accuracy                         0.7850       400
   macro avg     0.5239    0.5567    0.5321       400
weighted avg     0.7594    0.7850    0.7675       400

Validation Loss: 0.4850570559501648
              precision    recall  f1-score   support

           0     0.9412    0.6957    0.8000        23
           2     0.6364    0.9333    0.7568        30
           4     0.0000    0.0000    0.0000         8
           5     0.0000    0.0000    0.0000        18
           6     0.5789    0.6111    0.5946        54
           7     0.5634    0.7273    0.6349        55
           9     0.9471    0.9292    0.9381       212

    accuracy                         0.7850       400
   macro avg     0.5239    0.5567    0.5321       400
weighted avg     0.7594    0.7850    0.7675       400

Validation Loss: 0.4849035441875458
              precision    recall  f1-score   support

           0     0.9412    0.6957    0.8000        23
           2     0.6364    0.9333    0.7568        30
           4     0.0000    0.0000    0.0000         8
           5     0.0000    0.0000    0.0000        18
           6     0.5789    0.6111    0.5946        54
           7     0.5634    0.7273    0.6349        55
           9     0.9471    0.9292    0.9381       212

    accuracy                         0.7850       400
   macro avg     0.5239    0.5567    0.5321       400
weighted avg     0.7594    0.7850    0.7675       400

Validation Loss: 0.48475104570388794
              precision    recall  f1-score   support

           0     0.9412    0.6957    0.8000        23
           2     0.6364    0.9333    0.7568        30
           4     0.0000    0.0000    0.0000         8
           5     0.0000    0.0000    0.0000        18
           6     0.5789    0.6111    0.5946        54
           7     0.5634    0.7273    0.6349        55
           9     0.9471    0.9292    0.9381       212

    accuracy                         0.7850       400
   macro avg     0.5239    0.5567    0.5321       400
weighted avg     0.7594    0.7850    0.7675       400

Validation Loss: 0.48459914326667786
              precision    recall  f1-score   support

           0     0.9412    0.6957    0.8000        23
           2     0.6364    0.9333    0.7568        30
           4     0.0000    0.0000    0.0000         8
           5     0.0000    0.0000    0.0000        18
           6     0.5789    0.6111    0.5946        54
           7     0.5634    0.7273    0.6349        55
           9     0.9471    0.9292    0.9381       212

    accuracy                         0.7850       400
   macro avg     0.5239    0.5567    0.5321       400
weighted avg     0.7594    0.7850    0.7675       400

Validation Loss: 0.4844473600387573
              precision    recall  f1-score   support

           0     0.9412    0.6957    0.8000        23
           2     0.6364    0.9333    0.7568        30
           4     0.0000    0.0000    0.0000         8
           5     0.0000    0.0000    0.0000        18
           6     0.5789    0.6111    0.5946        54
           7     0.5634    0.7273    0.6349        55
           9     0.9471    0.9292    0.9381       212

    accuracy                         0.7850       400
   macro avg     0.5239    0.5567    0.5321       400
weighted avg     0.7594    0.7850    0.7675       400

Validation Loss: 0.4842972159385681
              precision    recall  f1-score   support

           0     0.9412    0.6957    0.8000        23
           2     0.6364    0.9333    0.7568        30
           4     0.0000    0.0000    0.0000         8
           5     0.0000    0.0000    0.0000        18
           6     0.5789    0.6111    0.5946        54
           7     0.5634    0.7273    0.6349        55
           9     0.9471    0.9292    0.9381       212

    accuracy                         0.7850       400
   macro avg     0.5239    0.5567    0.5321       400
weighted avg     0.7594    0.7850    0.7675       400

Validation Loss: 0.4841476380825043
              precision    recall  f1-score   support

           0     0.9412    0.6957    0.8000        23
           2     0.6364    0.9333    0.7568        30
           4     0.0000    0.0000    0.0000         8
           5     0.0000    0.0000    0.0000        18
           6     0.5789    0.6111    0.5946        54
           7     0.5634    0.7273    0.6349        55
           9     0.9471    0.9292    0.9381       212

    accuracy                         0.7850       400
   macro avg     0.5239    0.5567    0.5321       400
weighted avg     0.7594    0.7850    0.7675       400

Validation Loss: 0.48399800062179565
              precision    recall  f1-score   support

           0     0.9412    0.6957    0.8000        23
           2     0.6364    0.9333    0.7568        30
           4     0.0000    0.0000    0.0000         8
           5     0.0000    0.0000    0.0000        18
           6     0.5789    0.6111    0.5946        54
           7     0.5634    0.7273    0.6349        55
           9     0.9471    0.9292    0.9381       212

    accuracy                         0.7850       400
   macro avg     0.5239    0.5567    0.5321       400
weighted avg     0.7594    0.7850    0.7675       400

Validation Loss: 0.48384934663772583
              precision    recall  f1-score   support

           0     0.9412    0.6957    0.8000        23
           2     0.6364    0.9333    0.7568        30
           4     0.0000    0.0000    0.0000         8
           5     0.0000    0.0000    0.0000        18
           6     0.5789    0.6111    0.5946        54
           7     0.5634    0.7273    0.6349        55
           9     0.9471    0.9292    0.9381       212

    accuracy                         0.7850       400
   macro avg     0.5239    0.5567    0.5321       400
weighted avg     0.7594    0.7850    0.7675       400

Validation Loss: 0.4837009906768799
              precision    recall  f1-score   support

           0     0.9412    0.6957    0.8000        23
           2     0.6364    0.9333    0.7568        30
           4     0.0000    0.0000    0.0000         8
           5     0.0000    0.0000    0.0000        18
           6     0.5789    0.6111    0.5946        54
           7     0.5634    0.7273    0.6349        55
           9     0.9471    0.9292    0.9381       212

    accuracy                         0.7850       400
   macro avg     0.5239    0.5567    0.5321       400
weighted avg     0.7594    0.7850    0.7675       400

Validation Loss: 0.4835537075996399
              precision    recall  f1-score   support

           0     0.9412    0.6957    0.8000        23
           2     0.6364    0.9333    0.7568        30
           4     0.0000    0.0000    0.0000         8
           5     0.0000    0.0000    0.0000        18
           6     0.5789    0.6111    0.5946        54
           7     0.5634    0.7273    0.6349        55
           9     0.9471    0.9292    0.9381       212

    accuracy                         0.7850       400
   macro avg     0.5239    0.5567    0.5321       400
weighted avg     0.7594    0.7850    0.7675       400

Validation Loss: 0.4834061861038208
              precision    recall  f1-score   support

           0     0.9412    0.6957    0.8000        23
           2     0.6364    0.9333    0.7568        30
           4     0.0000    0.0000    0.0000         8
           5     0.0000    0.0000    0.0000        18
           6     0.5789    0.6111    0.5946        54
           7     0.5634    0.7273    0.6349        55
           9     0.9471    0.9292    0.9381       212

    accuracy                         0.7850       400
   macro avg     0.5239    0.5567    0.5321       400
weighted avg     0.7594    0.7850    0.7675       400

Validation Loss: 0.4832594692707062
              precision    recall  f1-score   support

           0     0.9412    0.6957    0.8000        23
           2     0.6364    0.9333    0.7568        30
           4     0.0000    0.0000    0.0000         8
           5     0.0000    0.0000    0.0000        18
           6     0.5789    0.6111    0.5946        54
           7     0.5634    0.7273    0.6349        55
           9     0.9471    0.9292    0.9381       212

    accuracy                         0.7850       400
   macro avg     0.5239    0.5567    0.5321       400
weighted avg     0.7594    0.7850    0.7675       400

Validation Loss: 0.48311278223991394
              precision    recall  f1-score   support

           0     0.9412    0.6957    0.8000        23
           2     0.6364    0.9333    0.7568        30
           4     0.0000    0.0000    0.0000         8
           5     0.0000    0.0000    0.0000        18
           6     0.5789    0.6111    0.5946        54
           7     0.5634    0.7273    0.6349        55
           9     0.9471    0.9292    0.9381       212

    accuracy                         0.7850       400
   macro avg     0.5239    0.5567    0.5321       400
weighted avg     0.7594    0.7850    0.7675       400

Validation Loss: 0.4829672574996948
              precision    recall  f1-score   support

           0     0.9412    0.6957    0.8000        23
           2     0.6364    0.9333    0.7568        30
           4     0.0000    0.0000    0.0000         8
           5     0.0000    0.0000    0.0000        18
           6     0.5789    0.6111    0.5946        54
           7     0.5634    0.7273    0.6349        55
           9     0.9471    0.9292    0.9381       212

    accuracy                         0.7850       400
   macro avg     0.5239    0.5567    0.5321       400
weighted avg     0.7594    0.7850    0.7675       400

Validation Loss: 0.4828224778175354
              precision    recall  f1-score   support

           0     0.9412    0.6957    0.8000        23
           2     0.6364    0.9333    0.7568        30
           4     0.0000    0.0000    0.0000         8
           5     0.0000    0.0000    0.0000        18
           6     0.5862    0.6296    0.6071        54
           7     0.5714    0.7273    0.6400        55
           9     0.9471    0.9292    0.9381       212

    accuracy                         0.7875       400
   macro avg     0.5260    0.5593    0.5346       400
weighted avg     0.7615    0.7875    0.7699       400

Validation Loss: 0.4826779365539551
              precision    recall  f1-score   support

           0     0.9412    0.6957    0.8000        23
           2     0.6364    0.9333    0.7568        30
           4     0.0000    0.0000    0.0000         8
           5     0.0000    0.0000    0.0000        18
           6     0.5862    0.6296    0.6071        54
           7     0.5714    0.7273    0.6400        55
           9     0.9471    0.9292    0.9381       212

    accuracy                         0.7875       400
   macro avg     0.5260    0.5593    0.5346       400
weighted avg     0.7615    0.7875    0.7699       400

Validation Loss: 0.4825332462787628
              precision    recall  f1-score   support

           0     0.9412    0.6957    0.8000        23
           2     0.6364    0.9333    0.7568        30
           4     0.0000    0.0000    0.0000         8
           5     0.0000    0.0000    0.0000        18
           6     0.5862    0.6296    0.6071        54
           7     0.5775    0.7455    0.6508        55
           9     0.9517    0.9292    0.9403       212

    accuracy                         0.7900       400
   macro avg     0.5276    0.5619    0.5364       400
weighted avg     0.7648    0.7900    0.7726       400

Validation Loss: 0.4823894500732422
              precision    recall  f1-score   support

           0     0.9412    0.6957    0.8000        23
           2     0.6364    0.9333    0.7568        30
           4     0.0000    0.0000    0.0000         8
           5     0.0000    0.0000    0.0000        18
           6     0.5862    0.6296    0.6071        54
           7     0.5775    0.7455    0.6508        55
           9     0.9517    0.9292    0.9403       212

    accuracy                         0.7900       400
   macro avg     0.5276    0.5619    0.5364       400
weighted avg     0.7648    0.7900    0.7726       400

Validation Loss: 0.48224571347236633
              precision    recall  f1-score   support

           0     0.9412    0.6957    0.8000        23
           2     0.6364    0.9333    0.7568        30
           4     0.0000    0.0000    0.0000         8
           5     0.0000    0.0000    0.0000        18
           6     0.5862    0.6296    0.6071        54
           7     0.5775    0.7455    0.6508        55
           9     0.9517    0.9292    0.9403       212

    accuracy                         0.7900       400
   macro avg     0.5276    0.5619    0.5364       400
weighted avg     0.7648    0.7900    0.7726       400

Validation Loss: 0.48210275173187256
              precision    recall  f1-score   support

           0     0.9412    0.6957    0.8000        23
           2     0.6364    0.9333    0.7568        30
           4     0.0000    0.0000    0.0000         8
           5     0.0000    0.0000    0.0000        18
           6     0.5862    0.6296    0.6071        54
           7     0.5775    0.7455    0.6508        55
           9     0.9517    0.9292    0.9403       212

    accuracy                         0.7900       400
   macro avg     0.5276    0.5619    0.5364       400
weighted avg     0.7648    0.7900    0.7726       400

Validation Loss: 0.48196089267730713
              precision    recall  f1-score   support

           0     0.9412    0.6957    0.8000        23
           2     0.6364    0.9333    0.7568        30
           4     0.0000    0.0000    0.0000         8
           5     0.0000    0.0000    0.0000        18
           6     0.5862    0.6296    0.6071        54
           7     0.5775    0.7455    0.6508        55
           9     0.9517    0.9292    0.9403       212

    accuracy                         0.7900       400
   macro avg     0.5276    0.5619    0.5364       400
weighted avg     0.7648    0.7900    0.7726       400

Validation Loss: 0.48181867599487305
              precision    recall  f1-score   support

           0     0.9412    0.6957    0.8000        23
           2     0.6364    0.9333    0.7568        30
           4     0.0000    0.0000    0.0000         8
           5     0.0000    0.0000    0.0000        18
           6     0.5862    0.6296    0.6071        54
           7     0.5775    0.7455    0.6508        55
           9     0.9517    0.9292    0.9403       212

    accuracy                         0.7900       400
   macro avg     0.5276    0.5619    0.5364       400
weighted avg     0.7648    0.7900    0.7726       400

Validation Loss: 0.48167771100997925
              precision    recall  f1-score   support

           0     0.9412    0.6957    0.8000        23
           2     0.6364    0.9333    0.7568        30
           4     0.0000    0.0000    0.0000         8
           5     0.0000    0.0000    0.0000        18
           6     0.5862    0.6296    0.6071        54
           7     0.5775    0.7455    0.6508        55
           9     0.9517    0.9292    0.9403       212

    accuracy                         0.7900       400
   macro avg     0.5276    0.5619    0.5364       400
weighted avg     0.7648    0.7900    0.7726       400

Validation Loss: 0.4815365970134735
              precision    recall  f1-score   support

           0     0.9412    0.6957    0.8000        23
           2     0.6364    0.9333    0.7568        30
           4     0.0000    0.0000    0.0000         8
           5     0.0000    0.0000    0.0000        18
           6     0.5862    0.6296    0.6071        54
           7     0.5833    0.7636    0.6614        55
           9     0.9563    0.9292    0.9426       212

    accuracy                         0.7925       400
   macro avg     0.5291    0.5645    0.5383       400
weighted avg     0.7680    0.7925    0.7752       400

Validation Loss: 0.48139649629592896
              precision    recall  f1-score   support

           0     0.9412    0.6957    0.8000        23
           2     0.6364    0.9333    0.7568        30
           4     0.0000    0.0000    0.0000         8
           5     0.0000    0.0000    0.0000        18
           6     0.5862    0.6296    0.6071        54
           7     0.5833    0.7636    0.6614        55
           9     0.9563    0.9292    0.9426       212

    accuracy                         0.7925       400
   macro avg     0.5291    0.5645    0.5383       400
weighted avg     0.7680    0.7925    0.7752       400

Validation Loss: 0.481256902217865
              precision    recall  f1-score   support

           0     0.9412    0.6957    0.8000        23
           2     0.6364    0.9333    0.7568        30
           4     0.0000    0.0000    0.0000         8
           5     0.0000    0.0000    0.0000        18
           6     0.5862    0.6296    0.6071        54
           7     0.5833    0.7636    0.6614        55
           9     0.9563    0.9292    0.9426       212

    accuracy                         0.7925       400
   macro avg     0.5291    0.5645    0.5383       400
weighted avg     0.7680    0.7925    0.7752       400

Validation Loss: 0.4811176061630249
              precision    recall  f1-score   support

           0     0.9412    0.6957    0.8000        23
           2     0.6364    0.9333    0.7568        30
           4     0.0000    0.0000    0.0000         8
           5     0.0000    0.0000    0.0000        18
           6     0.5862    0.6296    0.6071        54
           7     0.5833    0.7636    0.6614        55
           9     0.9563    0.9292    0.9426       212

    accuracy                         0.7925       400
   macro avg     0.5291    0.5645    0.5383       400
weighted avg     0.7680    0.7925    0.7752       400

Validation Loss: 0.480979323387146
              precision    recall  f1-score   support

           0     0.9412    0.6957    0.8000        23
           2     0.6364    0.9333    0.7568        30
           4     0.0000    0.0000    0.0000         8
           5     0.0000    0.0000    0.0000        18
           6     0.5862    0.6296    0.6071        54
           7     0.5833    0.7636    0.6614        55
           9     0.9563    0.9292    0.9426       212

    accuracy                         0.7925       400
   macro avg     0.5291    0.5645    0.5383       400
weighted avg     0.7680    0.7925    0.7752       400

Validation Loss: 0.48084142804145813
              precision    recall  f1-score   support

           0     0.9412    0.6957    0.8000        23
           2     0.6364    0.9333    0.7568        30
           4     0.0000    0.0000    0.0000         8
           5     0.0000    0.0000    0.0000        18
           6     0.5862    0.6296    0.6071        54
           7     0.5833    0.7636    0.6614        55
           9     0.9563    0.9292    0.9426       212

    accuracy                         0.7925       400
   macro avg     0.5291    0.5645    0.5383       400
weighted avg     0.7680    0.7925    0.7752       400

Validation Loss: 0.48070335388183594
              precision    recall  f1-score   support

           0     0.9412    0.6957    0.8000        23
           2     0.6364    0.9333    0.7568        30
           4     0.0000    0.0000    0.0000         8
           5     0.0000    0.0000    0.0000        18
           6     0.5862    0.6296    0.6071        54
           7     0.5833    0.7636    0.6614        55
           9     0.9563    0.9292    0.9426       212

    accuracy                         0.7925       400
   macro avg     0.5291    0.5645    0.5383       400
weighted avg     0.7680    0.7925    0.7752       400

Validation Loss: 0.48056745529174805
              precision    recall  f1-score   support

           0     0.9412    0.6957    0.8000        23
           2     0.6364    0.9333    0.7568        30
           4     0.0000    0.0000    0.0000         8
           5     0.0000    0.0000    0.0000        18
           6     0.5862    0.6296    0.6071        54
           7     0.5833    0.7636    0.6614        55
           9     0.9563    0.9292    0.9426       212

    accuracy                         0.7925       400
   macro avg     0.5291    0.5645    0.5383       400
weighted avg     0.7680    0.7925    0.7752       400

Validation Loss: 0.4804304242134094
              precision    recall  f1-score   support

           0     0.9412    0.6957    0.8000        23
           2     0.6364    0.9333    0.7568        30
           4     0.0000    0.0000    0.0000         8
           5     0.0000    0.0000    0.0000        18
           6     0.5862    0.6296    0.6071        54
           7     0.5833    0.7636    0.6614        55
           9     0.9563    0.9292    0.9426       212

    accuracy                         0.7925       400
   macro avg     0.5291    0.5645    0.5383       400
weighted avg     0.7680    0.7925    0.7752       400

Validation Loss: 0.48029476404190063
              precision    recall  f1-score   support

           0     0.9412    0.6957    0.8000        23
           2     0.6364    0.9333    0.7568        30
           4     0.0000    0.0000    0.0000         8
           5     0.0000    0.0000    0.0000        18
           6     0.5862    0.6296    0.6071        54
           7     0.5833    0.7636    0.6614        55
           9     0.9563    0.9292    0.9426       212

    accuracy                         0.7925       400
   macro avg     0.5291    0.5645    0.5383       400
weighted avg     0.7680    0.7925    0.7752       400

Validation Loss: 0.480158269405365
              precision    recall  f1-score   support

           0     0.9412    0.6957    0.8000        23
           2     0.6364    0.9333    0.7568        30
           4     0.0000    0.0000    0.0000         8
           5     0.0000    0.0000    0.0000        18
           6     0.5862    0.6296    0.6071        54
           7     0.5833    0.7636    0.6614        55
           9     0.9563    0.9292    0.9426       212

    accuracy                         0.7925       400
   macro avg     0.5291    0.5645    0.5383       400
weighted avg     0.7680    0.7925    0.7752       400

Validation Loss: 0.48002341389656067
              precision    recall  f1-score   support

           0     0.9412    0.6957    0.8000        23
           2     0.6364    0.9333    0.7568        30
           4     0.0000    0.0000    0.0000         8
           5     0.0000    0.0000    0.0000        18
           6     0.5862    0.6296    0.6071        54
           7     0.5833    0.7636    0.6614        55
           9     0.9563    0.9292    0.9426       212

    accuracy                         0.7925       400
   macro avg     0.5291    0.5645    0.5383       400
weighted avg     0.7680    0.7925    0.7752       400

Validation Loss: 0.479888916015625
              precision    recall  f1-score   support

           0     0.9412    0.6957    0.8000        23
           2     0.6364    0.9333    0.7568        30
           4     0.0000    0.0000    0.0000         8
           5     0.0000    0.0000    0.0000        18
           6     0.5862    0.6296    0.6071        54
           7     0.5833    0.7636    0.6614        55
           9     0.9563    0.9292    0.9426       212

    accuracy                         0.7925       400
   macro avg     0.5291    0.5645    0.5383       400
weighted avg     0.7680    0.7925    0.7752       400

Validation Loss: 0.47975456714630127
              precision    recall  f1-score   support

           0     0.9412    0.6957    0.8000        23
           2     0.6364    0.9333    0.7568        30
           4     0.0000    0.0000    0.0000         8
           5     0.0000    0.0000    0.0000        18
           6     0.5862    0.6296    0.6071        54
           7     0.5833    0.7636    0.6614        55
           9     0.9563    0.9292    0.9426       212

    accuracy                         0.7925       400
   macro avg     0.5291    0.5645    0.5383       400
weighted avg     0.7680    0.7925    0.7752       400

Validation Loss: 0.4796202778816223
              precision    recall  f1-score   support

           0     0.9412    0.6957    0.8000        23
           2     0.6364    0.9333    0.7568        30
           4     0.0000    0.0000    0.0000         8
           5     0.0000    0.0000    0.0000        18
           6     0.5862    0.6296    0.6071        54
           7     0.5833    0.7636    0.6614        55
           9     0.9563    0.9292    0.9426       212

    accuracy                         0.7925       400
   macro avg     0.5291    0.5645    0.5383       400
weighted avg     0.7680    0.7925    0.7752       400

Validation Loss: 0.4794873595237732
              precision    recall  f1-score   support

           0     0.9412    0.6957    0.8000        23
           2     0.6364    0.9333    0.7568        30
           4     0.0000    0.0000    0.0000         8
           5     0.0000    0.0000    0.0000        18
           6     0.5862    0.6296    0.6071        54
           7     0.5833    0.7636    0.6614        55
           9     0.9563    0.9292    0.9426       212

    accuracy                         0.7925       400
   macro avg     0.5291    0.5645    0.5383       400
weighted avg     0.7680    0.7925    0.7752       400

Validation Loss: 0.4793547987937927
              precision    recall  f1-score   support

           0     0.9412    0.6957    0.8000        23
           2     0.6364    0.9333    0.7568        30
           4     0.0000    0.0000    0.0000         8
           5     0.0000    0.0000    0.0000        18
           6     0.5862    0.6296    0.6071        54
           7     0.5833    0.7636    0.6614        55
           9     0.9563    0.9292    0.9426       212

    accuracy                         0.7925       400
   macro avg     0.5291    0.5645    0.5383       400
weighted avg     0.7680    0.7925    0.7752       400

Validation Loss: 0.47922223806381226
              precision    recall  f1-score   support

           0     0.9412    0.6957    0.8000        23
           2     0.6364    0.9333    0.7568        30
           4     0.0000    0.0000    0.0000         8
           5     0.0000    0.0000    0.0000        18
           6     0.5862    0.6296    0.6071        54
           7     0.5833    0.7636    0.6614        55
           9     0.9563    0.9292    0.9426       212

    accuracy                         0.7925       400
   macro avg     0.5291    0.5645    0.5383       400
weighted avg     0.7680    0.7925    0.7752       400

Validation Loss: 0.4790900945663452
              precision    recall  f1-score   support

           0     0.9412    0.6957    0.8000        23
           2     0.6364    0.9333    0.7568        30
           4     0.0000    0.0000    0.0000         8
           5     0.0000    0.0000    0.0000        18
           6     0.5862    0.6296    0.6071        54
           7     0.5833    0.7636    0.6614        55
           9     0.9563    0.9292    0.9426       212

    accuracy                         0.7925       400
   macro avg     0.5291    0.5645    0.5383       400
weighted avg     0.7680    0.7925    0.7752       400

Validation Loss: 0.4789588451385498
              precision    recall  f1-score   support

           0     0.9412    0.6957    0.8000        23
           2     0.6364    0.9333    0.7568        30
           4     0.0000    0.0000    0.0000         8
           5     0.0000    0.0000    0.0000        18
           6     0.5862    0.6296    0.6071        54
           7     0.5833    0.7636    0.6614        55
           9     0.9563    0.9292    0.9426       212

    accuracy                         0.7925       400
   macro avg     0.5291    0.5645    0.5383       400
weighted avg     0.7680    0.7925    0.7752       400

Validation Loss: 0.4788276255130768
              precision    recall  f1-score   support

           0     0.9412    0.6957    0.8000        23
           2     0.6364    0.9333    0.7568        30
           4     0.0000    0.0000    0.0000         8
           5     0.0000    0.0000    0.0000        18
           6     0.5862    0.6296    0.6071        54
           7     0.5833    0.7636    0.6614        55
           9     0.9563    0.9292    0.9426       212

    accuracy                         0.7925       400
   macro avg     0.5291    0.5645    0.5383       400
weighted avg     0.7680    0.7925    0.7752       400

Validation Loss: 0.4786977767944336
              precision    recall  f1-score   support

           0     0.9412    0.6957    0.8000        23
           2     0.6364    0.9333    0.7568        30
           4     0.0000    0.0000    0.0000         8
           5     0.0000    0.0000    0.0000        18
           6     0.5862    0.6296    0.6071        54
           7     0.5833    0.7636    0.6614        55
           9     0.9563    0.9292    0.9426       212

    accuracy                         0.7925       400
   macro avg     0.5291    0.5645    0.5383       400
weighted avg     0.7680    0.7925    0.7752       400

Validation Loss: 0.47856730222702026
              precision    recall  f1-score   support

           0     0.9412    0.6957    0.8000        23
           2     0.6364    0.9333    0.7568        30
           4     0.0000    0.0000    0.0000         8
           5     0.0000    0.0000    0.0000        18
           6     0.5862    0.6296    0.6071        54
           7     0.5833    0.7636    0.6614        55
           9     0.9563    0.9292    0.9426       212

    accuracy                         0.7925       400
   macro avg     0.5291    0.5645    0.5383       400
weighted avg     0.7680    0.7925    0.7752       400

Validation Loss: 0.4784378409385681
              precision    recall  f1-score   support

           0     0.9412    0.6957    0.8000        23
           2     0.6364    0.9333    0.7568        30
           4     0.0000    0.0000    0.0000         8
           5     0.0000    0.0000    0.0000        18
           6     0.5862    0.6296    0.6071        54
           7     0.5833    0.7636    0.6614        55
           9     0.9563    0.9292    0.9426       212

    accuracy                         0.7925       400
   macro avg     0.5291    0.5645    0.5383       400
weighted avg     0.7680    0.7925    0.7752       400

Validation Loss: 0.4783089756965637
              precision    recall  f1-score   support

           0     0.9412    0.6957    0.8000        23
           2     0.6364    0.9333    0.7568        30
           4     0.0000    0.0000    0.0000         8
           5     0.0000    0.0000    0.0000        18
           6     0.5862    0.6296    0.6071        54
           7     0.5833    0.7636    0.6614        55
           9     0.9563    0.9292    0.9426       212

    accuracy                         0.7925       400
   macro avg     0.5291    0.5645    0.5383       400
weighted avg     0.7680    0.7925    0.7752       400

Validation Loss: 0.47818028926849365
              precision    recall  f1-score   support

           0     0.9412    0.6957    0.8000        23
           2     0.6364    0.9333    0.7568        30
           4     0.0000    0.0000    0.0000         8
           5     0.0000    0.0000    0.0000        18
           6     0.5862    0.6296    0.6071        54
           7     0.5833    0.7636    0.6614        55
           9     0.9563    0.9292    0.9426       212

    accuracy                         0.7925       400
   macro avg     0.5291    0.5645    0.5383       400
weighted avg     0.7680    0.7925    0.7752       400

Validation Loss: 0.47805219888687134
              precision    recall  f1-score   support

           0     0.9412    0.6957    0.8000        23
           2     0.6364    0.9333    0.7568        30
           4     0.0000    0.0000    0.0000         8
           5     0.0000    0.0000    0.0000        18
           6     0.5862    0.6296    0.6071        54
           7     0.5833    0.7636    0.6614        55
           9     0.9563    0.9292    0.9426       212

    accuracy                         0.7925       400
   macro avg     0.5291    0.5645    0.5383       400
weighted avg     0.7680    0.7925    0.7752       400

Validation Loss: 0.4779239594936371
              precision    recall  f1-score   support

           0     0.9412    0.6957    0.8000        23
           2     0.6364    0.9333    0.7568        30
           4     0.0000    0.0000    0.0000         8
           5     0.0000    0.0000    0.0000        18
           6     0.5862    0.6296    0.6071        54
           7     0.5833    0.7636    0.6614        55
           9     0.9563    0.9292    0.9426       212

    accuracy                         0.7925       400
   macro avg     0.5291    0.5645    0.5383       400
weighted avg     0.7680    0.7925    0.7752       400

Validation Loss: 0.4777972102165222
              precision    recall  f1-score   support

           0     0.9412    0.6957    0.8000        23
           2     0.6364    0.9333    0.7568        30
           4     0.0000    0.0000    0.0000         8
           5     0.0000    0.0000    0.0000        18
           6     0.5862    0.6296    0.6071        54
           7     0.5833    0.7636    0.6614        55
           9     0.9563    0.9292    0.9426       212

    accuracy                         0.7925       400
   macro avg     0.5291    0.5645    0.5383       400
weighted avg     0.7680    0.7925    0.7752       400

Validation Loss: 0.4776703715324402
              precision    recall  f1-score   support

           0     0.9412    0.6957    0.8000        23
           2     0.6364    0.9333    0.7568        30
           4     0.0000    0.0000    0.0000         8
           5     0.0000    0.0000    0.0000        18
           6     0.5862    0.6296    0.6071        54
           7     0.5833    0.7636    0.6614        55
           9     0.9563    0.9292    0.9426       212

    accuracy                         0.7925       400
   macro avg     0.5291    0.5645    0.5383       400
weighted avg     0.7680    0.7925    0.7752       400

Validation Loss: 0.47754430770874023
              precision    recall  f1-score   support

           0     0.9412    0.6957    0.8000        23
           2     0.6364    0.9333    0.7568        30
           4     0.0000    0.0000    0.0000         8
           5     0.0000    0.0000    0.0000        18
           6     0.5862    0.6296    0.6071        54
           7     0.5833    0.7636    0.6614        55
           9     0.9563    0.9292    0.9426       212

    accuracy                         0.7925       400
   macro avg     0.5291    0.5645    0.5383       400
weighted avg     0.7680    0.7925    0.7752       400

Validation Loss: 0.4774183928966522
              precision    recall  f1-score   support

           0     0.9412    0.6957    0.8000        23
           2     0.6364    0.9333    0.7568        30
           4     0.0000    0.0000    0.0000         8
           5     0.0000    0.0000    0.0000        18
           6     0.5862    0.6296    0.6071        54
           7     0.5833    0.7636    0.6614        55
           9     0.9563    0.9292    0.9426       212

    accuracy                         0.7925       400
   macro avg     0.5291    0.5645    0.5383       400
weighted avg     0.7680    0.7925    0.7752       400

Validation Loss: 0.47729289531707764
              precision    recall  f1-score   support

           0     0.9412    0.6957    0.8000        23
           2     0.6364    0.9333    0.7568        30
           4     0.0000    0.0000    0.0000         8
           5     0.0000    0.0000    0.0000        18
           6     0.5862    0.6296    0.6071        54
           7     0.5833    0.7636    0.6614        55
           9     0.9563    0.9292    0.9426       212

    accuracy                         0.7925       400
   macro avg     0.5291    0.5645    0.5383       400
weighted avg     0.7680    0.7925    0.7752       400

Validation Loss: 0.4771684408187866
              precision    recall  f1-score   support

           0     0.9412    0.6957    0.8000        23
           2     0.6364    0.9333    0.7568        30
           4     0.0000    0.0000    0.0000         8
           5     0.0000    0.0000    0.0000        18
           6     0.5862    0.6296    0.6071        54
           7     0.5833    0.7636    0.6614        55
           9     0.9563    0.9292    0.9426       212

    accuracy                         0.7925       400
   macro avg     0.5291    0.5645    0.5383       400
weighted avg     0.7680    0.7925    0.7752       400

Validation Loss: 0.4770440459251404
              precision    recall  f1-score   support

           0     0.9412    0.6957    0.8000        23
           2     0.6364    0.9333    0.7568        30
           4     0.0000    0.0000    0.0000         8
           5     0.0000    0.0000    0.0000        18
           6     0.5862    0.6296    0.6071        54
           7     0.5833    0.7636    0.6614        55
           9     0.9563    0.9292    0.9426       212

    accuracy                         0.7925       400
   macro avg     0.5291    0.5645    0.5383       400
weighted avg     0.7680    0.7925    0.7752       400

Validation Loss: 0.476919949054718
              precision    recall  f1-score   support

           0     0.9412    0.6957    0.8000        23
           2     0.6364    0.9333    0.7568        30
           4     0.0000    0.0000    0.0000         8
           5     0.0000    0.0000    0.0000        18
           6     0.5862    0.6296    0.6071        54
           7     0.5833    0.7636    0.6614        55
           9     0.9563    0.9292    0.9426       212

    accuracy                         0.7925       400
   macro avg     0.5291    0.5645    0.5383       400
weighted avg     0.7680    0.7925    0.7752       400

Validation Loss: 0.4767962098121643
              precision    recall  f1-score   support

           0     0.9412    0.6957    0.8000        23
           2     0.6364    0.9333    0.7568        30
           4     0.0000    0.0000    0.0000         8
           5     0.0000    0.0000    0.0000        18
           6     0.5862    0.6296    0.6071        54
           7     0.5833    0.7636    0.6614        55
           9     0.9563    0.9292    0.9426       212

    accuracy                         0.7925       400
   macro avg     0.5291    0.5645    0.5383       400
weighted avg     0.7680    0.7925    0.7752       400

Validation Loss: 0.4766731858253479
              precision    recall  f1-score   support

           0     0.9412    0.6957    0.8000        23
           2     0.6364    0.9333    0.7568        30
           4     0.0000    0.0000    0.0000         8
           5     0.0000    0.0000    0.0000        18
           6     0.5862    0.6296    0.6071        54
           7     0.5833    0.7636    0.6614        55
           9     0.9563    0.9292    0.9426       212

    accuracy                         0.7925       400
   macro avg     0.5291    0.5645    0.5383       400
weighted avg     0.7680    0.7925    0.7752       400

Validation Loss: 0.47655054926872253
              precision    recall  f1-score   support

           0     0.9412    0.6957    0.8000        23
           2     0.6364    0.9333    0.7568        30
           4     0.0000    0.0000    0.0000         8
           5     0.0000    0.0000    0.0000        18
           6     0.5862    0.6296    0.6071        54
           7     0.5833    0.7636    0.6614        55
           9     0.9563    0.9292    0.9426       212

    accuracy                         0.7925       400
   macro avg     0.5291    0.5645    0.5383       400
weighted avg     0.7680    0.7925    0.7752       400

Validation Loss: 0.4764275550842285
              precision    recall  f1-score   support

           0     0.9412    0.6957    0.8000        23
           2     0.6364    0.9333    0.7568        30
           4     0.0000    0.0000    0.0000         8
           5     0.0000    0.0000    0.0000        18
           6     0.5862    0.6296    0.6071        54
           7     0.5833    0.7636    0.6614        55
           9     0.9563    0.9292    0.9426       212

    accuracy                         0.7925       400
   macro avg     0.5291    0.5645    0.5383       400
weighted avg     0.7680    0.7925    0.7752       400

Validation Loss: 0.47630566358566284
              precision    recall  f1-score   support

           0     0.9412    0.6957    0.8000        23
           2     0.6364    0.9333    0.7568        30
           4     0.0000    0.0000    0.0000         8
           5     0.0000    0.0000    0.0000        18
           6     0.5862    0.6296    0.6071        54
           7     0.5833    0.7636    0.6614        55
           9     0.9563    0.9292    0.9426       212

    accuracy                         0.7925       400
   macro avg     0.5291    0.5645    0.5383       400
weighted avg     0.7680    0.7925    0.7752       400

Validation Loss: 0.47618383169174194
              precision    recall  f1-score   support

           0     0.9412    0.6957    0.8000        23
           2     0.6364    0.9333    0.7568        30
           4     0.0000    0.0000    0.0000         8
           5     0.0000    0.0000    0.0000        18
           6     0.5862    0.6296    0.6071        54
           7     0.5833    0.7636    0.6614        55
           9     0.9563    0.9292    0.9426       212

    accuracy                         0.7925       400
   macro avg     0.5291    0.5645    0.5383       400
weighted avg     0.7680    0.7925    0.7752       400

Validation Loss: 0.4760624170303345
              precision    recall  f1-score   support

           0     0.9412    0.6957    0.8000        23
           2     0.6364    0.9333    0.7568        30
           4     0.0000    0.0000    0.0000         8
           5     0.0000    0.0000    0.0000        18
           6     0.5862    0.6296    0.6071        54
           7     0.5833    0.7636    0.6614        55
           9     0.9563    0.9292    0.9426       212

    accuracy                         0.7925       400
   macro avg     0.5291    0.5645    0.5383       400
weighted avg     0.7680    0.7925    0.7752       400

Validation Loss: 0.4759412705898285
              precision    recall  f1-score   support

           0     0.9412    0.6957    0.8000        23
           2     0.6364    0.9333    0.7568        30
           4     0.0000    0.0000    0.0000         8
           5     0.0000    0.0000    0.0000        18
           6     0.5862    0.6296    0.6071        54
           7     0.5833    0.7636    0.6614        55
           9     0.9563    0.9292    0.9426       212

    accuracy                         0.7925       400
   macro avg     0.5291    0.5645    0.5383       400
weighted avg     0.7680    0.7925    0.7752       400

Validation Loss: 0.47582030296325684
              precision    recall  f1-score   support

           0     0.9412    0.6957    0.8000        23
           2     0.6364    0.9333    0.7568        30
           4     0.0000    0.0000    0.0000         8
           5     0.0000    0.0000    0.0000        18
           6     0.5862    0.6296    0.6071        54
           7     0.5833    0.7636    0.6614        55
           9     0.9563    0.9292    0.9426       212

    accuracy                         0.7925       400
   macro avg     0.5291    0.5645    0.5383       400
weighted avg     0.7680    0.7925    0.7752       400

Validation Loss: 0.4756998121738434
              precision    recall  f1-score   support

           0     0.9412    0.6957    0.8000        23
           2     0.6364    0.9333    0.7568        30
           4     0.0000    0.0000    0.0000         8
           5     0.0000    0.0000    0.0000        18
           6     0.5862    0.6296    0.6071        54
           7     0.5833    0.7636    0.6614        55
           9     0.9563    0.9292    0.9426       212

    accuracy                         0.7925       400
   macro avg     0.5291    0.5645    0.5383       400
weighted avg     0.7680    0.7925    0.7752       400

Validation Loss: 0.47557973861694336
              precision    recall  f1-score   support

           0     0.9412    0.6957    0.8000        23
           2     0.6364    0.9333    0.7568        30
           4     0.0000    0.0000    0.0000         8
           5     0.0000    0.0000    0.0000        18
           6     0.5862    0.6296    0.6071        54
           7     0.5833    0.7636    0.6614        55
           9     0.9563    0.9292    0.9426       212

    accuracy                         0.7925       400
   macro avg     0.5291    0.5645    0.5383       400
weighted avg     0.7680    0.7925    0.7752       400

Validation Loss: 0.47546151280403137
              precision    recall  f1-score   support

           0     0.9412    0.6957    0.8000        23
           2     0.6364    0.9333    0.7568        30
           4     0.0000    0.0000    0.0000         8
           5     0.0000    0.0000    0.0000        18
           6     0.5862    0.6296    0.6071        54
           7     0.5833    0.7636    0.6614        55
           9     0.9563    0.9292    0.9426       212

    accuracy                         0.7925       400
   macro avg     0.5291    0.5645    0.5383       400
weighted avg     0.7680    0.7925    0.7752       400

Validation Loss: 0.475344181060791
              precision    recall  f1-score   support

           0     0.9412    0.6957    0.8000        23
           2     0.6364    0.9333    0.7568        30
           4     0.0000    0.0000    0.0000         8
           5     0.0000    0.0000    0.0000        18
           6     0.5862    0.6296    0.6071        54
           7     0.5833    0.7636    0.6614        55
           9     0.9563    0.9292    0.9426       212

    accuracy                         0.7925       400
   macro avg     0.5291    0.5645    0.5383       400
weighted avg     0.7680    0.7925    0.7752       400

Validation Loss: 0.4752269983291626
              precision    recall  f1-score   support

           0     0.9412    0.6957    0.8000        23
           2     0.6364    0.9333    0.7568        30
           4     0.0000    0.0000    0.0000         8
           5     0.0000    0.0000    0.0000        18
           6     0.5862    0.6296    0.6071        54
           7     0.5833    0.7636    0.6614        55
           9     0.9563    0.9292    0.9426       212

    accuracy                         0.7925       400
   macro avg     0.5291    0.5645    0.5383       400
weighted avg     0.7680    0.7925    0.7752       400

Validation Loss: 0.4751095771789551
              precision    recall  f1-score   support

           0     0.9412    0.6957    0.8000        23
           2     0.6364    0.9333    0.7568        30
           4     0.0000    0.0000    0.0000         8
           5     0.0000    0.0000    0.0000        18
           6     0.5862    0.6296    0.6071        54
           7     0.5833    0.7636    0.6614        55
           9     0.9563    0.9292    0.9426       212

    accuracy                         0.7925       400
   macro avg     0.5291    0.5645    0.5383       400
weighted avg     0.7680    0.7925    0.7752       400

Validation Loss: 0.4749934673309326
              precision    recall  f1-score   support

           0     0.9412    0.6957    0.8000        23
           2     0.6364    0.9333    0.7568        30
           4     0.0000    0.0000    0.0000         8
           5     0.0000    0.0000    0.0000        18
           6     0.5862    0.6296    0.6071        54
           7     0.5833    0.7636    0.6614        55
           9     0.9563    0.9292    0.9426       212

    accuracy                         0.7925       400
   macro avg     0.5291    0.5645    0.5383       400
weighted avg     0.7680    0.7925    0.7752       400

Validation Loss: 0.47487688064575195
              precision    recall  f1-score   support

           0     0.9412    0.6957    0.8000        23
           2     0.6364    0.9333    0.7568        30
           4     0.0000    0.0000    0.0000         8
           5     0.0000    0.0000    0.0000        18
           6     0.5862    0.6296    0.6071        54
           7     0.5833    0.7636    0.6614        55
           9     0.9563    0.9292    0.9426       212

    accuracy                         0.7925       400
   macro avg     0.5291    0.5645    0.5383       400
weighted avg     0.7680    0.7925    0.7752       400

Validation Loss: 0.474761962890625
              precision    recall  f1-score   support

           0     0.9412    0.6957    0.8000        23
           2     0.6364    0.9333    0.7568        30
           4     0.0000    0.0000    0.0000         8
           5     0.0000    0.0000    0.0000        18
           6     0.5862    0.6296    0.6071        54
           7     0.5833    0.7636    0.6614        55
           9     0.9563    0.9292    0.9426       212

    accuracy                         0.7925       400
   macro avg     0.5291    0.5645    0.5383       400
weighted avg     0.7680    0.7925    0.7752       400

Validation Loss: 0.47464704513549805
              precision    recall  f1-score   support

           0     0.9412    0.6957    0.8000        23
           2     0.6364    0.9333    0.7568        30
           4     0.0000    0.0000    0.0000         8
           5     0.0000    0.0000    0.0000        18
           6     0.5862    0.6296    0.6071        54
           7     0.5833    0.7636    0.6614        55
           9     0.9563    0.9292    0.9426       212

    accuracy                         0.7925       400
   macro avg     0.5291    0.5645    0.5383       400
weighted avg     0.7680    0.7925    0.7752       400

Validation Loss: 0.4745311141014099
              precision    recall  f1-score   support

           0     0.9412    0.6957    0.8000        23
           2     0.6364    0.9333    0.7568        30
           4     0.0000    0.0000    0.0000         8
           5     0.0000    0.0000    0.0000        18
           6     0.5862    0.6296    0.6071        54
           7     0.5833    0.7636    0.6614        55
           9     0.9563    0.9292    0.9426       212

    accuracy                         0.7925       400
   macro avg     0.5291    0.5645    0.5383       400
weighted avg     0.7680    0.7925    0.7752       400

Validation Loss: 0.47441670298576355
              precision    recall  f1-score   support

           0     0.9412    0.6957    0.8000        23
           2     0.6364    0.9333    0.7568        30
           4     0.0000    0.0000    0.0000         8
           5     0.0000    0.0000    0.0000        18
           6     0.5862    0.6296    0.6071        54
           7     0.5833    0.7636    0.6614        55
           9     0.9563    0.9292    0.9426       212

    accuracy                         0.7925       400
   macro avg     0.5291    0.5645    0.5383       400
weighted avg     0.7680    0.7925    0.7752       400

Validation Loss: 0.47430217266082764
              precision    recall  f1-score   support

           0     0.9412    0.6957    0.8000        23
           2     0.6364    0.9333    0.7568        30
           4     0.0000    0.0000    0.0000         8
           5     0.0000    0.0000    0.0000        18
           6     0.5862    0.6296    0.6071        54
           7     0.5833    0.7636    0.6614        55
           9     0.9563    0.9292    0.9426       212

    accuracy                         0.7925       400
   macro avg     0.5291    0.5645    0.5383       400
weighted avg     0.7680    0.7925    0.7752       400

Validation Loss: 0.4741888642311096
              precision    recall  f1-score   support

           0     0.9412    0.6957    0.8000        23
           2     0.6364    0.9333    0.7568        30
           4     0.0000    0.0000    0.0000         8
           5     0.0000    0.0000    0.0000        18
           6     0.5862    0.6296    0.6071        54
           7     0.5833    0.7636    0.6614        55
           9     0.9563    0.9292    0.9426       212

    accuracy                         0.7925       400
   macro avg     0.5291    0.5645    0.5383       400
weighted avg     0.7680    0.7925    0.7752       400

Validation Loss: 0.47407519817352295
              precision    recall  f1-score   support

           0     0.9412    0.6957    0.8000        23
           2     0.6364    0.9333    0.7568        30
           4     0.0000    0.0000    0.0000         8
           5     0.0000    0.0000    0.0000        18
           6     0.5862    0.6296    0.6071        54
           7     0.5833    0.7636    0.6614        55
           9     0.9563    0.9292    0.9426       212

    accuracy                         0.7925       400
   macro avg     0.5291    0.5645    0.5383       400
weighted avg     0.7680    0.7925    0.7752       400

Validation Loss: 0.4739621877670288
              precision    recall  f1-score   support

           0     0.9412    0.6957    0.8000        23
           2     0.6364    0.9333    0.7568        30
           4     0.0000    0.0000    0.0000         8
           5     0.0000    0.0000    0.0000        18
           6     0.5862    0.6296    0.6071        54
           7     0.5833    0.7636    0.6614        55
           9     0.9563    0.9292    0.9426       212

    accuracy                         0.7925       400
   macro avg     0.5291    0.5645    0.5383       400
weighted avg     0.7680    0.7925    0.7752       400

Validation Loss: 0.473849892616272
              precision    recall  f1-score   support

           0     0.9412    0.6957    0.8000        23
           2     0.6364    0.9333    0.7568        30
           4     0.0000    0.0000    0.0000         8
           5     0.0000    0.0000    0.0000        18
           6     0.5862    0.6296    0.6071        54
           7     0.5833    0.7636    0.6614        55
           9     0.9563    0.9292    0.9426       212

    accuracy                         0.7925       400
   macro avg     0.5291    0.5645    0.5383       400
weighted avg     0.7680    0.7925    0.7752       400

Validation Loss: 0.47373831272125244
              precision    recall  f1-score   support

           0     0.9412    0.6957    0.8000        23
           2     0.6364    0.9333    0.7568        30
           4     0.0000    0.0000    0.0000         8
           5     0.0000    0.0000    0.0000        18
           6     0.5932    0.6481    0.6195        54
           7     0.5915    0.7636    0.6667        55
           9     0.9563    0.9292    0.9426       212

    accuracy                         0.7950       400
   macro avg     0.5312    0.5671    0.5408       400
weighted avg     0.7701    0.7950    0.7776       400

Validation Loss: 0.4736262559890747
              precision    recall  f1-score   support

           0     0.9412    0.6957    0.8000        23
           2     0.6364    0.9333    0.7568        30
           4     0.0000    0.0000    0.0000         8
           5     0.0000    0.0000    0.0000        18
           6     0.5932    0.6481    0.6195        54
           7     0.5915    0.7636    0.6667        55
           9     0.9563    0.9292    0.9426       212

    accuracy                         0.7950       400
   macro avg     0.5312    0.5671    0.5408       400
weighted avg     0.7701    0.7950    0.7776       400

Validation Loss: 0.4735153317451477
              precision    recall  f1-score   support

           0     0.9412    0.6957    0.8000        23
           2     0.6364    0.9333    0.7568        30
           4     0.0000    0.0000    0.0000         8
           5     0.0000    0.0000    0.0000        18
           6     0.5932    0.6481    0.6195        54
           7     0.5915    0.7636    0.6667        55
           9     0.9563    0.9292    0.9426       212

    accuracy                         0.7950       400
   macro avg     0.5312    0.5671    0.5408       400
weighted avg     0.7701    0.7950    0.7776       400

Validation Loss: 0.47340378165245056
              precision    recall  f1-score   support

           0     0.9412    0.6957    0.8000        23
           2     0.6364    0.9333    0.7568        30
           4     0.0000    0.0000    0.0000         8
           5     0.0000    0.0000    0.0000        18
           6     0.5932    0.6481    0.6195        54
           7     0.5915    0.7636    0.6667        55
           9     0.9563    0.9292    0.9426       212

    accuracy                         0.7950       400
   macro avg     0.5312    0.5671    0.5408       400
weighted avg     0.7701    0.7950    0.7776       400

Validation Loss: 0.4732930064201355
              precision    recall  f1-score   support

           0     0.9412    0.6957    0.8000        23
           2     0.6364    0.9333    0.7568        30
           4     0.0000    0.0000    0.0000         8
           5     0.0000    0.0000    0.0000        18
           6     0.5932    0.6481    0.6195        54
           7     0.5915    0.7636    0.6667        55
           9     0.9563    0.9292    0.9426       212

    accuracy                         0.7950       400
   macro avg     0.5312    0.5671    0.5408       400
weighted avg     0.7701    0.7950    0.7776       400

Validation Loss: 0.47318291664123535
              precision    recall  f1-score   support

           0     0.9412    0.6957    0.8000        23
           2     0.6364    0.9333    0.7568        30
           4     0.0000    0.0000    0.0000         8
           5     0.0000    0.0000    0.0000        18
           6     0.5932    0.6481    0.6195        54
           7     0.5915    0.7636    0.6667        55
           9     0.9563    0.9292    0.9426       212

    accuracy                         0.7950       400
   macro avg     0.5312    0.5671    0.5408       400
weighted avg     0.7701    0.7950    0.7776       400

Validation Loss: 0.4730722904205322
              precision    recall  f1-score   support

           0     0.9412    0.6957    0.8000        23
           2     0.6364    0.9333    0.7568        30
           4     0.0000    0.0000    0.0000         8
           5     0.0000    0.0000    0.0000        18
           6     0.5932    0.6481    0.6195        54
           7     0.5915    0.7636    0.6667        55
           9     0.9563    0.9292    0.9426       212

    accuracy                         0.7950       400
   macro avg     0.5312    0.5671    0.5408       400
weighted avg     0.7701    0.7950    0.7776       400

Validation Loss: 0.4729631841182709
              precision    recall  f1-score   support

           0     0.9412    0.6957    0.8000        23
           2     0.6364    0.9333    0.7568        30
           4     0.0000    0.0000    0.0000         8
           5     0.0000    0.0000    0.0000        18
           6     0.5932    0.6481    0.6195        54
           7     0.5915    0.7636    0.6667        55
           9     0.9563    0.9292    0.9426       212

    accuracy                         0.7950       400
   macro avg     0.5312    0.5671    0.5408       400
weighted avg     0.7701    0.7950    0.7776       400

Validation Loss: 0.4728531241416931
              precision    recall  f1-score   support

           0     0.9412    0.6957    0.8000        23
           2     0.6364    0.9333    0.7568        30
           4     0.0000    0.0000    0.0000         8
           5     0.0000    0.0000    0.0000        18
           6     0.5932    0.6481    0.6195        54
           7     0.5915    0.7636    0.6667        55
           9     0.9563    0.9292    0.9426       212

    accuracy                         0.7950       400
   macro avg     0.5312    0.5671    0.5408       400
weighted avg     0.7701    0.7950    0.7776       400

Final Test Loss: 0.060852307826280594
              precision    recall  f1-score   support

           0     0.9310    0.7941    0.8571        34
           2     0.6061    0.6667    0.6349        30
           4     0.0000    0.0000    0.0000         6
           5     0.5000    0.0769    0.1333        13
           6     0.5946    0.7213    0.6519        61
           7     0.4655    0.5192    0.4909        52
           9     0.9942    0.9942    0.9942      3804

    accuracy                         0.9752      4000
   macro avg     0.5845    0.5389    0.5375      4000
weighted avg     0.9747    0.9752    0.9743      4000

