Validation Loss: 2.335755944252014
              precision    recall  f1-score   support

           0     0.0575    1.0000    0.1087        23
           2     0.0000    0.0000    0.0000        30
           4     0.0000    0.0000    0.0000         8
           5     0.0000    0.0000    0.0000        18
           6     0.0000    0.0000    0.0000        54
           7     0.0000    0.0000    0.0000        55
           9     0.0000    0.0000    0.0000       212

    accuracy                         0.0575       400
   macro avg     0.0082    0.1429    0.0155       400
weighted avg     0.0033    0.0575    0.0063       400

Validation Loss: 1.494179606437683
              precision    recall  f1-score   support

           0     0.0000    0.0000    0.0000        23
           2     0.0000    0.0000    0.0000        30
           4     0.0000    0.0000    0.0000         8
           5     0.0000    0.0000    0.0000        18
           6     0.0000    0.0000    0.0000        54
           7     0.0000    0.0000    0.0000        55
           9     0.5300    1.0000    0.6928       212

    accuracy                         0.5300       400
   macro avg     0.0757    0.1429    0.0990       400
weighted avg     0.2809    0.5300    0.3672       400

Validation Loss: 1.3002604246139526
              precision    recall  f1-score   support

           0     0.0000    0.0000    0.0000        23
           2     0.0000    0.0000    0.0000        30
           4     0.0000    0.0000    0.0000         8
           5     0.0000    0.0000    0.0000        18
           6     0.0000    0.0000    0.0000        54
           7     0.0000    0.0000    0.0000        55
           9     0.5354    1.0000    0.6974       212

    accuracy                         0.5300       400
   macro avg     0.0765    0.1429    0.0996       400
weighted avg     0.2837    0.5300    0.3696       400

Validation Loss: 1.1177462339401245
              precision    recall  f1-score   support

           0     0.6667    0.5217    0.5854        23
           2     1.0000    0.0333    0.0645        30
           4     0.0000    0.0000    0.0000         8
           5     0.0000    0.0000    0.0000        18
           6     0.0000    0.0000    0.0000        54
           7     0.1324    0.1636    0.1463        55
           9     0.6581    0.9717    0.7848       212

    accuracy                         0.5700       400
   macro avg     0.3510    0.2415    0.2259       400
weighted avg     0.4803    0.5700    0.4745       400

Validation Loss: 1.0112976431846619
              precision    recall  f1-score   support

           0     0.5417    0.5652    0.5532        23
           2     0.2727    0.6000    0.3750        30
           4     0.0000    0.0000    0.0000         8
           5     0.0000    0.0000    0.0000        18
           6     0.5000    0.0370    0.0690        54
           7     0.2326    0.1818    0.2041        55
           9     0.7490    0.9292    0.8295       212

    accuracy                         0.6000       400
   macro avg     0.3280    0.3305    0.2901       400
weighted avg     0.5481    0.6000    0.5369       400

Validation Loss: 0.9471863210201263
              precision    recall  f1-score   support

           0     0.7059    0.5217    0.6000        23
           2     0.3077    0.6667    0.4211        30
           4     0.0000    0.0000    0.0000         8
           5     0.0000    0.0000    0.0000        18
           6     0.4545    0.1852    0.2632        54
           7     0.2564    0.1818    0.2128        55
           9     0.7743    0.9387    0.8486       212

    accuracy                         0.6275       400
   macro avg     0.3570    0.3563    0.3351       400
weighted avg     0.5707    0.6275    0.5806       400

Validation Loss: 0.8819176852703094
              precision    recall  f1-score   support

           0     0.8000    0.5217    0.6316        23
           2     0.3594    0.7667    0.4894        30
           4     0.0000    0.0000    0.0000         8
           5     0.0000    0.0000    0.0000        18
           6     0.4468    0.3889    0.4158        54
           7     0.3000    0.1091    0.1600        55
           9     0.7874    0.9434    0.8584       212

    accuracy                         0.6550       400
   macro avg     0.3848    0.3900    0.3650       400
weighted avg     0.5918    0.6550    0.6061       400

Validation Loss: 0.8139881789684296
              precision    recall  f1-score   support

           0     0.7500    0.5217    0.6154        23
           2     0.3571    0.8333    0.5000        30
           4     0.0000    0.0000    0.0000         8
           5     0.0000    0.0000    0.0000        18
           6     0.5116    0.4074    0.4536        54
           7     0.4286    0.1636    0.2368        55
           9     0.8000    0.9434    0.8658       212

    accuracy                         0.6700       400
   macro avg     0.4068    0.4099    0.3817       400
weighted avg     0.6219    0.6700    0.6256       400

Validation Loss: 0.73993319272995
              precision    recall  f1-score   support

           0     0.7222    0.5652    0.6341        23
           2     0.3676    0.8333    0.5102        30
           4     0.0000    0.0000    0.0000         8
           5     0.0000    0.0000    0.0000        18
           6     0.5349    0.4259    0.4742        54
           7     0.4500    0.3273    0.3789        55
           9     0.8658    0.9434    0.9029       212

    accuracy                         0.6975       400
   macro avg     0.4201    0.4422    0.4144       400
weighted avg     0.6621    0.6975    0.6694       400

Validation Loss: 0.6875852644443512
              precision    recall  f1-score   support

           0     0.7500    0.5217    0.6154        23
           2     0.4483    0.8667    0.5909        30
           4     0.0000    0.0000    0.0000         8
           5     0.0000    0.0000    0.0000        18
           6     0.5690    0.6111    0.5893        54
           7     0.4259    0.4182    0.4220        55
           9     0.9019    0.9104    0.9061       212

    accuracy                         0.7175       400
   macro avg     0.4421    0.4754    0.4462       400
weighted avg     0.6901    0.7175    0.6975       400

Validation Loss: 0.6649726331233978
              precision    recall  f1-score   support

           0     0.8462    0.4783    0.6111        23
           2     0.4058    0.9333    0.5657        30
           4     0.0000    0.0000    0.0000         8
           5     0.0000    0.0000    0.0000        18
           6     0.5224    0.6481    0.5785        54
           7     0.4884    0.3818    0.4286        55
           9     0.9183    0.9009    0.9095       212

    accuracy                         0.7150       400
   macro avg     0.4544    0.4775    0.4419       400
weighted avg     0.7034    0.7150    0.6966       400

Validation Loss: 0.6501611471176147
              precision    recall  f1-score   support

           0     0.8571    0.5217    0.6486        23
           2     0.4394    0.9667    0.6042        30
           4     0.0000    0.0000    0.0000         8
           5     0.0000    0.0000    0.0000        18
           6     0.5417    0.7222    0.6190        54
           7     0.5000    0.4727    0.4860        55
           9     0.9388    0.8679    0.9020       212

    accuracy                         0.7250       400
   macro avg     0.4681    0.5073    0.4657       400
weighted avg     0.7217    0.7250    0.7110       400

Validation Loss: 0.6004248857498169
              precision    recall  f1-score   support

           0     0.8824    0.6522    0.7500        23
           2     0.5686    0.9667    0.7160        30
           4     0.0000    0.0000    0.0000         8
           5     0.0000    0.0000    0.0000        18
           6     0.5584    0.7963    0.6565        54
           7     0.5000    0.4909    0.4954        55
           9     0.9353    0.8868    0.9104       212

    accuracy                         0.7550       400
   macro avg     0.4921    0.5418    0.5041       400
weighted avg     0.7332    0.7550    0.7361       400

Validation Loss: 0.5778279006481171
              precision    recall  f1-score   support

           0     0.8824    0.6522    0.7500        23
           2     0.5273    0.9667    0.6824        30
           4     0.0000    0.0000    0.0000         8
           5     0.0000    0.0000    0.0000        18
           6     0.5946    0.8148    0.6875        54
           7     0.5490    0.5091    0.5283        55
           9     0.9310    0.8915    0.9108       212

    accuracy                         0.7625       400
   macro avg     0.4978    0.5478    0.5084       400
weighted avg     0.7395    0.7625    0.7425       400

Validation Loss: 0.5600997507572174
              precision    recall  f1-score   support

           0     0.8824    0.6522    0.7500        23
           2     0.6042    0.9667    0.7436        30
           4     0.0000    0.0000    0.0000         8
           5     1.0000    0.0556    0.1053        18
           6     0.6081    0.8333    0.7031        54
           7     0.5577    0.5273    0.5421        55
           9     0.9231    0.9057    0.9143       212

    accuracy                         0.7775       400
   macro avg     0.6536    0.5630    0.5369       400
weighted avg     0.7891    0.7775    0.7577       400

Validation Loss: 0.5383093655109406
              precision    recall  f1-score   support

           0     0.8750    0.6087    0.7179        23
           2     0.5686    0.9667    0.7160        30
           4     0.0000    0.0000    0.0000         8
           5     0.8000    0.2222    0.3478        18
           6     0.5942    0.7593    0.6667        54
           7     0.5918    0.5273    0.5577        55
           9     0.9333    0.9245    0.9289       212

    accuracy                         0.7825       400
   macro avg     0.6233    0.5727    0.5622       400
weighted avg     0.7852    0.7825    0.7696       400

Validation Loss: 0.5450429916381836
              precision    recall  f1-score   support

           0     0.8750    0.6087    0.7179        23
           2     0.5800    0.9667    0.7250        30
           4     0.0000    0.0000    0.0000         8
           5     0.6000    0.1667    0.2609        18
           6     0.6000    0.8333    0.6977        54
           7     0.5294    0.4909    0.5094        55
           9     0.9356    0.8915    0.9130       212

    accuracy                         0.7675       400
   macro avg     0.5886    0.5654    0.5463       400
weighted avg     0.7705    0.7675    0.7555       400

Validation Loss: 0.5504413843154907
              precision    recall  f1-score   support

           0     0.8235    0.6087    0.7000        23
           2     0.5185    0.9333    0.6667        30
           4     0.1667    0.1250    0.1429         8
           5     1.0000    0.0556    0.1053        18
           6     0.6232    0.7963    0.6992        54
           7     0.6275    0.5818    0.6038        55
           9     0.9554    0.9104    0.9324       212

    accuracy                         0.7800       400
   macro avg     0.6735    0.5730    0.5500       400
weighted avg     0.8114    0.7800    0.7694       400

Validation Loss: 0.5242176055908203
              precision    recall  f1-score   support

           0     0.8750    0.6087    0.7179        23
           2     0.5686    0.9667    0.7160        30
           4     0.0000    0.0000    0.0000         8
           5     0.0000    0.0000    0.0000        18
           6     0.5867    0.8148    0.6822        54
           7     0.5957    0.5091    0.5490        55
           9     0.9372    0.9151    0.9260       212

    accuracy                         0.7725       400
   macro avg     0.5090    0.5449    0.5130       400
weighted avg     0.7508    0.7725    0.7534       400

Validation Loss: 0.5227387398481369
              precision    recall  f1-score   support

           0     0.9286    0.5652    0.7027        23
           2     0.5800    0.9667    0.7250        30
           4     0.0000    0.0000    0.0000         8
           5     0.8000    0.2222    0.3478        18
           6     0.6133    0.8519    0.7132        54
           7     0.5882    0.5455    0.5660        55
           9     0.9409    0.9009    0.9205       212

    accuracy                         0.7825       400
   macro avg     0.6359    0.5789    0.5679       400
weighted avg     0.7952    0.7825    0.7724       400

Validation Loss: 0.49138444662094116
              precision    recall  f1-score   support

           0     0.9375    0.6522    0.7692        23
           2     0.6444    0.9667    0.7733        30
           4     0.0000    0.0000    0.0000         8
           5     0.6000    0.1667    0.2609        18
           6     0.6164    0.8333    0.7087        54
           7     0.6200    0.5636    0.5905        55
           9     0.9330    0.9198    0.9264       212

    accuracy                         0.7950       400
   macro avg     0.6216    0.5860    0.5756       400
weighted avg     0.7922    0.7950    0.7818       400

Validation Loss: 0.4867866039276123
              precision    recall  f1-score   support

           0     0.9412    0.6957    0.8000        23
           2     0.6444    0.9667    0.7733        30
           4     0.0000    0.0000    0.0000         8
           5     0.6667    0.1111    0.1905        18
           6     0.6053    0.8519    0.7077        54
           7     0.6275    0.5818    0.6038        55
           9     0.9463    0.9151    0.9305       212

    accuracy                         0.7975       400
   macro avg     0.6330    0.5889    0.5722       400
weighted avg     0.8020    0.7975    0.7843       400

Validation Loss: 0.4882688522338867
              precision    recall  f1-score   support

           0     0.9231    0.5217    0.6667        23
           2     0.6222    0.9333    0.7467        30
           4     0.0000    0.0000    0.0000         8
           5     0.6667    0.1111    0.1905        18
           6     0.6232    0.7963    0.6992        54
           7     0.6032    0.6909    0.6441        55
           9     0.9461    0.9104    0.9279       212

    accuracy                         0.7900       400
   macro avg     0.6263    0.5663    0.5536       400
weighted avg     0.7982    0.7900    0.7776       400

Validation Loss: 0.4875568151473999
              precision    recall  f1-score   support

           0     1.0000    0.5217    0.6857        23
           2     0.6042    0.9667    0.7436        30
           4     0.0000    0.0000    0.0000         8
           5     1.0000    0.2222    0.3636        18
           6     0.6212    0.7593    0.6833        54
           7     0.5902    0.6545    0.6207        55
           9     0.9378    0.9245    0.9311       212

    accuracy                         0.7950       400
   macro avg     0.6790    0.5784    0.5754       400
weighted avg     0.8099    0.7950    0.7826       400

Validation Loss: 0.4629703760147095
              precision    recall  f1-score   support

           0     0.9474    0.7826    0.8571        23
           2     0.6591    0.9667    0.7838        30
           4     0.2000    0.1250    0.1538         8
           5     0.7143    0.2778    0.4000        18
           6     0.7097    0.8148    0.7586        54
           7     0.6122    0.5455    0.5769        55
           9     0.9252    0.9340    0.9296       212

    accuracy                         0.8125       400
   macro avg     0.6811    0.6352    0.6371       400
weighted avg     0.8104    0.8125    0.8036       400

Validation Loss: 0.47190791368484497
              precision    recall  f1-score   support

           0     0.9444    0.7391    0.8293        23
           2     0.6744    0.9667    0.7945        30
           4     0.0000    0.0000    0.0000         8
           5     0.6250    0.2778    0.3846        18
           6     0.6301    0.8519    0.7244        54
           7     0.6316    0.6545    0.6429        55
           9     0.9650    0.9104    0.9369       212

    accuracy                         0.8150       400
   macro avg     0.6387    0.6286    0.6161       400
weighted avg     0.8164    0.8150    0.8073       400

Validation Loss: 0.46657902002334595
              precision    recall  f1-score   support

           0     0.9444    0.7391    0.8293        23
           2     0.6744    0.9667    0.7945        30
           4     0.0000    0.0000    0.0000         8
           5     0.6667    0.4444    0.5333        18
           6     0.6571    0.8519    0.7419        54
           7     0.6071    0.6182    0.6126        55
           9     0.9600    0.9057    0.9320       212

    accuracy                         0.8150       400
   macro avg     0.6443    0.6466    0.6348       400
weighted avg     0.8159    0.8150    0.8096       400

Validation Loss: 0.4747442156076431
              precision    recall  f1-score   support

           0     0.9333    0.6087    0.7368        23
           2     0.6364    0.9333    0.7568        30
           4     0.0000    0.0000    0.0000         8
           5     0.5000    0.1667    0.2500        18
           6     0.6216    0.8519    0.7188        54
           7     0.6230    0.6909    0.6552        55
           9     0.9646    0.9009    0.9317       212

    accuracy                         0.8000       400
   macro avg     0.6113    0.5932    0.5785       400
weighted avg     0.8047    0.8000    0.7913       400

Validation Loss: 0.4517321437597275
              precision    recall  f1-score   support

           0     0.9474    0.7826    0.8571        23
           2     0.7179    0.9333    0.8116        30
           4     0.0000    0.0000    0.0000         8
           5     0.6000    0.3333    0.4286        18
           6     0.6618    0.8333    0.7377        54
           7     0.6349    0.7273    0.6780        55
           9     0.9697    0.9057    0.9366       212

    accuracy                         0.8225       400
   macro avg     0.6474    0.6451    0.6357       400
weighted avg     0.8259    0.8225    0.8186       400

Validation Loss: 0.46920494735240936
              precision    recall  f1-score   support

           0     0.9375    0.6522    0.7692        23
           2     0.6829    0.9333    0.7887        30
           4     0.0000    0.0000    0.0000         8
           5     0.4286    0.1667    0.2400        18
           6     0.6667    0.8519    0.7480        54
           7     0.6216    0.8364    0.7132        55
           9     0.9842    0.8821    0.9303       212

    accuracy                         0.8125       400
   macro avg     0.6174    0.6175    0.5985       400
weighted avg     0.8215    0.8125    0.8063       400

Validation Loss: 0.45529037714004517
              precision    recall  f1-score   support

           0     0.9333    0.6087    0.7368        23
           2     0.6512    0.9333    0.7671        30
           4     0.0000    0.0000    0.0000         8
           5     0.5000    0.1667    0.2500        18
           6     0.6133    0.8519    0.7132        54
           7     0.6415    0.6182    0.6296        55
           9     0.9561    0.9245    0.9400       212

    accuracy                         0.8025       400
   macro avg     0.6136    0.5862    0.5767       400
weighted avg     0.8027    0.8025    0.7922       400

Validation Loss: 0.4467717260122299
              precision    recall  f1-score   support

           0     0.9412    0.6957    0.8000        23
           2     0.6667    0.9333    0.7778        30
           4     0.2500    0.1250    0.1667         8
           5     0.6667    0.3333    0.4444        18
           6     0.6479    0.8519    0.7360        54
           7     0.6383    0.5455    0.5882        55
           9     0.9381    0.9292    0.9336       212

    accuracy                         0.8100       400
   macro avg     0.6784    0.6306    0.6353       400
weighted avg     0.8115    0.8100    0.8027       400

Validation Loss: 0.430879145860672
              precision    recall  f1-score   support

           0     0.9444    0.7391    0.8293        23
           2     0.6829    0.9333    0.7887        30
           4     0.3333    0.1250    0.1818         8
           5     0.6000    0.1667    0.2609        18
           6     0.6338    0.8333    0.7200        54
           7     0.6471    0.6000    0.6226        55
           9     0.9384    0.9340    0.9362       212

    accuracy                         0.8125       400
   macro avg     0.6829    0.6188    0.6199       400
weighted avg     0.8111    0.8125    0.8012       400

Validation Loss: 0.4620126932859421
              precision    recall  f1-score   support

           0     0.9333    0.6087    0.7368        23
           2     0.6512    0.9333    0.7671        30
           4     0.0000    0.0000    0.0000         8
           5     0.6667    0.1111    0.1905        18
           6     0.6053    0.8519    0.7077        54
           7     0.6364    0.7636    0.6942        55
           9     0.9846    0.9057    0.9435       212

    accuracy                         0.8100       400
   macro avg     0.6396    0.5963    0.5771       400
weighted avg     0.8236    0.8100    0.7995       400

Validation Loss: 0.4650307148694992
              precision    recall  f1-score   support

           0     1.0000    0.6087    0.7568        23
           2     0.6905    0.9667    0.8056        30
           4     0.0000    0.0000    0.0000         8
           5     0.4286    0.1667    0.2400        18
           6     0.5921    0.8333    0.6923        54
           7     0.6034    0.6364    0.6195        55
           9     0.9600    0.9057    0.9320       212

    accuracy                         0.7950       400
   macro avg     0.6107    0.5882    0.5780       400
weighted avg     0.8003    0.7950    0.7873       400

Validation Loss: 0.4310370087623596
              precision    recall  f1-score   support

           0     0.9474    0.7826    0.8571        23
           2     0.6829    0.9333    0.7887        30
           4     0.2500    0.1250    0.1667         8
           5     0.7143    0.2778    0.4000        18
           6     0.6479    0.8519    0.7360        54
           7     0.6724    0.7091    0.6903        55
           9     0.9800    0.9245    0.9515       212

    accuracy                         0.8325       400
   macro avg     0.6993    0.6577    0.6558       400
weighted avg     0.8422    0.8325    0.8283       400

Validation Loss: 0.43927207589149475
              precision    recall  f1-score   support

           0     0.9474    0.7826    0.8571        23
           2     0.7179    0.9333    0.8116        30
           4     0.3333    0.2500    0.2857         8
           5     0.7273    0.4444    0.5517        18
           6     0.6571    0.8519    0.7419        54
           7     0.6481    0.6364    0.6422        55
           9     0.9652    0.9151    0.9395       212

    accuracy                         0.8275       400
   macro avg     0.7138    0.6877    0.6900       400
weighted avg     0.8371    0.8275    0.8271       400

Validation Loss: 0.43158192932605743
              precision    recall  f1-score   support

           0     0.9474    0.7826    0.8571        23
           2     0.7000    0.9333    0.8000        30
           4     0.2857    0.2500    0.2667         8
           5     0.5714    0.2222    0.3200        18
           6     0.6765    0.8519    0.7541        54
           7     0.6721    0.7455    0.7069        55
           9     0.9798    0.9151    0.9463       212

    accuracy                         0.8325       400
   macro avg     0.6904    0.6715    0.6644       400
weighted avg     0.8414    0.8325    0.8296       400

Validation Loss: 0.4505052864551544
              precision    recall  f1-score   support

           0     0.8947    0.7391    0.8095        23
           2     0.6585    0.9000    0.7606        30
           4     0.2500    0.2500    0.2500         8
           5     0.7143    0.2778    0.4000        18
           6     0.6418    0.7963    0.7107        54
           7     0.6094    0.7091    0.6555        55
           9     0.9794    0.8962    0.9360       212

    accuracy                         0.8075       400
   macro avg     0.6783    0.6526    0.6460       400
weighted avg     0.8275    0.8075    0.8087       400

Validation Loss: 0.43997742235660553
              precision    recall  f1-score   support

           0     0.9444    0.7391    0.8293        23
           2     0.6444    0.9667    0.7733        30
           4     0.0000    0.0000    0.0000         8
           5     0.7000    0.3889    0.5000        18
           6     0.7069    0.7593    0.7321        54
           7     0.6441    0.6909    0.6667        55
           9     0.9561    0.9245    0.9400       212

    accuracy                         0.8200       400
   macro avg     0.6566    0.6385    0.6345       400
weighted avg     0.8249    0.8200    0.8169       400

Validation Loss: 0.416336789727211
              precision    recall  f1-score   support

           0     0.9412    0.6957    0.8000        23
           2     0.7000    0.9333    0.8000        30
           4     0.2000    0.1250    0.1538         8
           5     0.5556    0.2778    0.3704        18
           6     0.6935    0.7963    0.7414        54
           7     0.6721    0.7455    0.7069        55
           9     0.9612    0.9340    0.9474       212

    accuracy                         0.8300       400
   macro avg     0.6748    0.6439    0.6457       400
weighted avg     0.8311    0.8300    0.8251       400

Validation Loss: 0.4023507982492447
              precision    recall  f1-score   support

           0     0.9091    0.8696    0.8889        23
           2     0.7297    0.9000    0.8060        30
           4     0.0000    0.0000    0.0000         8
           5     0.5625    0.5000    0.5294        18
           6     0.7193    0.7593    0.7387        54
           7     0.6786    0.6909    0.6847        55
           9     0.9567    0.9387    0.9476       212

    accuracy                         0.8350       400
   macro avg     0.6508    0.6655    0.6565       400
weighted avg     0.8298    0.8350    0.8315       400

Validation Loss: 0.4202749580144882
              precision    recall  f1-score   support

           0     0.9474    0.7826    0.8571        23
           2     0.6667    0.9333    0.7778        30
           4     0.0909    0.1250    0.1053         8
           5     0.5000    0.0556    0.1000        18
           6     0.6949    0.7593    0.7257        54
           7     0.6735    0.6000    0.6346        55
           9     0.9266    0.9528    0.9395       212

    accuracy                         0.8100       400
   macro avg     0.6428    0.6012    0.5914       400
weighted avg     0.8063    0.8100    0.7974       400

Validation Loss: 0.4206537902355194
              precision    recall  f1-score   support

           0     0.9474    0.7826    0.8571        23
           2     0.6170    0.9667    0.7532        30
           4     0.0000    0.0000    0.0000         8
           5     0.6000    0.3333    0.4286        18
           6     0.7368    0.7778    0.7568        54
           7     0.6875    0.6000    0.6408        55
           9     0.9393    0.9481    0.9437       212

    accuracy                         0.8225       400
   macro avg     0.6469    0.6298    0.6257       400
weighted avg     0.8196    0.8225    0.8155       400

Validation Loss: 0.42651139199733734
              precision    recall  f1-score   support

           0     0.9474    0.7826    0.8571        23
           2     0.5800    0.9667    0.7250        30
           4     0.1250    0.1250    0.1250         8
           5     1.0000    0.3333    0.5000        18
           6     0.7368    0.7778    0.7568        54
           7     0.6667    0.6909    0.6786        55
           9     0.9606    0.9198    0.9398       212

    accuracy                         0.8225       400
   macro avg     0.7166    0.6566    0.6546       400
weighted avg     0.8457    0.8225    0.8222       400

Validation Loss: 0.4056321829557419
              precision    recall  f1-score   support

           0     0.9474    0.7826    0.8571        23
           2     0.7000    0.9333    0.8000        30
           4     0.2000    0.1250    0.1538         8
           5     0.6923    0.5000    0.5806        18
           6     0.6833    0.7593    0.7193        54
           7     0.6364    0.6364    0.6364        55
           9     0.9519    0.9340    0.9429       212

    accuracy                         0.8250       400
   macro avg     0.6873    0.6672    0.6700       400
weighted avg     0.8264    0.8250    0.8228       400

Validation Loss: 0.39405590295791626
              precision    recall  f1-score   support

           0     0.9048    0.8261    0.8636        23
           2     0.6923    0.9000    0.7826        30
           4     0.2500    0.2500    0.2500         8
           5     0.7273    0.4444    0.5517        18
           6     0.7321    0.7593    0.7455        54
           7     0.6667    0.6545    0.6606        55
           9     0.9431    0.9387    0.9409       212

    accuracy                         0.8300       400
   macro avg     0.7023    0.6819    0.6850       400
weighted avg     0.8320    0.8300    0.8283       400

Validation Loss: 0.4231221377849579
              precision    recall  f1-score   support

           0     0.9524    0.8696    0.9091        23
           2     0.6170    0.9667    0.7532        30
           4     0.1429    0.1250    0.1333         8
           5     0.8333    0.2778    0.4167        18
           6     0.7407    0.7407    0.7407        54
           7     0.6977    0.5455    0.6122        55
           9     0.9189    0.9623    0.9401       212

    accuracy                         0.8225       400
   macro avg     0.7004    0.6411    0.6436       400
weighted avg     0.8244    0.8225    0.8126       400

Validation Loss: 0.41950301826000214
              precision    recall  f1-score   support

           0     0.8571    0.7826    0.8182        23
           2     0.6341    0.8667    0.7324        30
           4     0.3333    0.2500    0.2857         8
           5     0.7500    0.5000    0.6000        18
           6     0.7308    0.7037    0.7170        54
           7     0.6429    0.4909    0.5567        55
           9     0.9071    0.9670    0.9361       212

    accuracy                         0.8125       400
   macro avg     0.6936    0.6516    0.6637       400
weighted avg     0.8051    0.8125    0.8041       400

Validation Loss: 0.4194100946187973
              precision    recall  f1-score   support

           0     0.8000    0.8696    0.8333        23
           2     0.6250    0.8333    0.7143        30
           4     0.2000    0.2500    0.2222         8
           5     0.7143    0.2778    0.4000        18
           6     0.7143    0.7407    0.7273        54
           7     0.6875    0.6000    0.6408        55
           9     0.9439    0.9528    0.9484       212

    accuracy                         0.8175       400
   macro avg     0.6693    0.6463    0.6409       400
weighted avg     0.8203    0.8175    0.8129       400

Validation Loss: 0.4042815715074539
              precision    recall  f1-score   support

           0     0.9500    0.8261    0.8837        23
           2     0.7073    0.9667    0.8169        30
           4     0.1667    0.1250    0.1429         8
           5     0.6000    0.5000    0.5455        18
           6     0.7255    0.6852    0.7048        54
           7     0.6275    0.5818    0.6038        55
           9     0.9306    0.9481    0.9393       212

    accuracy                         0.8200       400
   macro avg     0.6725    0.6618    0.6624       400
weighted avg     0.8154    0.8200    0.8154       400

Validation Loss: 0.4291136562824249
              precision    recall  f1-score   support

           0     0.8696    0.8696    0.8696        23
           2     0.6000    0.9000    0.7200        30
           4     0.1667    0.1250    0.1429         8
           5     0.6000    0.3333    0.4286        18
           6     0.7500    0.7778    0.7636        54
           7     0.7200    0.6545    0.6857        55
           9     0.9524    0.9434    0.9479       212

    accuracy                         0.8300       400
   macro avg     0.6655    0.6577    0.6512       400
weighted avg     0.8303    0.8300    0.8259       400

Validation Loss: 0.3877604752779007
              precision    recall  f1-score   support

           0     0.9524    0.8696    0.9091        23
           2     0.6744    0.9667    0.7945        30
           4     0.2000    0.1250    0.1538         8
           5     0.7273    0.4444    0.5517        18
           6     0.7333    0.8148    0.7719        54
           7     0.7200    0.6545    0.6857        55
           9     0.9571    0.9481    0.9526       212

    accuracy                         0.8475       400
   macro avg     0.7092    0.6890    0.6885       400
weighted avg     0.8474    0.8475    0.8431       400

Validation Loss: 0.4335254281759262
              precision    recall  f1-score   support

           0     0.9444    0.7391    0.8293        23
           2     0.5577    0.9667    0.7073        30
           4     0.1667    0.1250    0.1429         8
           5     0.6250    0.2778    0.3846        18
           6     0.7414    0.7963    0.7679        54
           7     0.7347    0.6545    0.6923        55
           9     0.9569    0.9434    0.9501       212

    accuracy                         0.8275       400
   macro avg     0.6753    0.6433    0.6392       400
weighted avg     0.8359    0.8275    0.8233       400

Validation Loss: 0.4214395135641098
              precision    recall  f1-score   support

           0     0.9474    0.7826    0.8571        23
           2     0.6304    0.9667    0.7632        30
           4     0.1250    0.1250    0.1250         8
           5     0.7000    0.3889    0.5000        18
           6     0.7167    0.7963    0.7544        54
           7     0.6724    0.7091    0.6903        55
           9     0.9749    0.9151    0.9440       212

    accuracy                         0.8275       400
   macro avg     0.6810    0.6691    0.6620       400
weighted avg     0.8416    0.8275    0.8286       400

Validation Loss: 0.39511267840862274
              precision    recall  f1-score   support

           0     0.9091    0.8696    0.8889        23
           2     0.6585    0.9000    0.7606        30
           4     0.2500    0.1250    0.1667         8
           5     0.7692    0.5556    0.6452        18
           6     0.7500    0.7778    0.7636        54
           7     0.6721    0.7455    0.7069        55
           9     0.9655    0.9245    0.9446       212

    accuracy                         0.8425       400
   macro avg     0.7106    0.6997    0.6966       400
weighted avg     0.8467    0.8425    0.8414       400

Validation Loss: 0.4005110412836075
              precision    recall  f1-score   support

           0     0.9474    0.7826    0.8571        23
           2     0.6829    0.9333    0.7887        30
           4     0.2308    0.3750    0.2857         8
           5     0.8333    0.2778    0.4167        18
           6     0.7679    0.7963    0.7818        54
           7     0.6774    0.7636    0.7179        55
           9     0.9655    0.9245    0.9446       212

    accuracy                         0.8375       400
   macro avg     0.7293    0.6933    0.6847       400
weighted avg     0.8563    0.8375    0.8378       400

Validation Loss: 0.40359896421432495
              precision    recall  f1-score   support

           0     0.9091    0.8696    0.8889        23
           2     0.6923    0.9000    0.7826        30
           4     0.4000    0.2500    0.3077         8
           5     0.8182    0.5000    0.6207        18
           6     0.7407    0.7407    0.7407        54
           7     0.6531    0.5818    0.6154        55
           9     0.9227    0.9575    0.9398       212

    accuracy                         0.8325       400
   macro avg     0.7337    0.6857    0.6994       400
weighted avg     0.8279    0.8325    0.8266       400

Validation Loss: 0.4209733307361603
              precision    recall  f1-score   support

           0     0.9091    0.8696    0.8889        23
           2     0.6222    0.9333    0.7467        30
           4     0.1429    0.1250    0.1333         8
           5     0.6000    0.3333    0.4286        18
           6     0.8298    0.7222    0.7723        54
           7     0.6923    0.4909    0.5745        55
           9     0.8957    0.9717    0.9321       212

    accuracy                         0.8175       400
   macro avg     0.6703    0.6352    0.6395       400
weighted avg     0.8107    0.8175    0.8063       400

Validation Loss: 0.41400231420993805
              precision    recall  f1-score   support

           0     0.9444    0.7391    0.8293        23
           2     0.5918    0.9667    0.7342        30
           4     0.1111    0.1250    0.1176         8
           5     0.8333    0.2778    0.4167        18
           6     0.7843    0.7407    0.7619        54
           7     0.6977    0.5455    0.6122        55
           9     0.9152    0.9670    0.9404       212

    accuracy                         0.8175       400
   macro avg     0.6968    0.6231    0.6303       400
weighted avg     0.8253    0.8175    0.8093       400

Validation Loss: 0.40991272032260895
              precision    recall  f1-score   support

           0     0.8333    0.8696    0.8511        23
           2     0.6047    0.8667    0.7123        30
           4     0.1429    0.1250    0.1333         8
           5     0.6364    0.3889    0.4828        18
           6     0.7755    0.7037    0.7379        54
           7     0.6923    0.6545    0.6729        55
           9     0.9439    0.9528    0.9484       212

    accuracy                         0.8250       400
   macro avg     0.6613    0.6516    0.6484       400
weighted avg     0.8249    0.8250    0.8215       400

Validation Loss: 0.3819836378097534
              precision    recall  f1-score   support

           0     0.9474    0.7826    0.8571        23
           2     0.7179    0.9333    0.8116        30
           4     0.1538    0.2500    0.1905         8
           5     0.5556    0.2778    0.3704        18
           6     0.7241    0.7778    0.7500        54
           7     0.6852    0.6727    0.6789        55
           9     0.9567    0.9387    0.9476       212

    accuracy                         0.8275       400
   macro avg     0.6773    0.6618    0.6580       400
weighted avg     0.8354    0.8275    0.8275       400

Validation Loss: 0.3700722008943558
              precision    recall  f1-score   support

           0     0.9444    0.7391    0.8293        23
           2     0.7179    0.9333    0.8116        30
           4     0.2000    0.1250    0.1538         8
           5     0.6923    0.5000    0.5806        18
           6     0.7069    0.7593    0.7321        54
           7     0.6731    0.6364    0.6542        55
           9     0.9395    0.9528    0.9461       212

    accuracy                         0.8325       400
   macro avg     0.6963    0.6637    0.6725       400
weighted avg     0.8292    0.8325    0.8280       400

Validation Loss: 0.3973321169614792
              precision    recall  f1-score   support

           0     0.9412    0.6957    0.8000        23
           2     0.6222    0.9333    0.7467        30
           4     0.2857    0.2500    0.2667         8
           5     0.7273    0.4444    0.5517        18
           6     0.7458    0.8148    0.7788        54
           7     0.7083    0.6182    0.6602        55
           9     0.9390    0.9434    0.9412       212

    accuracy                         0.8300       400
   macro avg     0.7099    0.6714    0.6779       400
weighted avg     0.8350    0.8300    0.8269       400

Validation Loss: 0.39732493460178375
              precision    recall  f1-score   support

           0     1.0000    0.7826    0.8780        23
           2     0.6744    0.9667    0.7945        30
           4     0.1818    0.2500    0.2105         8
           5     0.5556    0.2778    0.3704        18
           6     0.7778    0.7778    0.7778        54
           7     0.7115    0.6727    0.6916        55
           9     0.9437    0.9481    0.9459       212

    accuracy                         0.8350       400
   macro avg     0.6921    0.6680    0.6670       400
weighted avg     0.8397    0.8350    0.8324       400

Validation Loss: 0.3852650225162506
              precision    recall  f1-score   support

           0     0.9500    0.8261    0.8837        23
           2     0.7000    0.9333    0.8000        30
           4     0.2000    0.2500    0.2222         8
           5     0.6667    0.4444    0.5333        18
           6     0.7451    0.7037    0.7238        54
           7     0.6481    0.6364    0.6422        55
           9     0.9390    0.9434    0.9412       212

    accuracy                         0.8250       400
   macro avg     0.6927    0.6768    0.6781       400
weighted avg     0.8285    0.8250    0.8241       400

Validation Loss: 0.40918077528476715
              precision    recall  f1-score   support

           0     0.9500    0.8261    0.8837        23
           2     0.6087    0.9333    0.7368        30
           4     0.0000    0.0000    0.0000         8
           5     0.5714    0.2222    0.3200        18
           6     0.7333    0.8148    0.7719        54
           7     0.7333    0.6000    0.6600        55
           9     0.9393    0.9481    0.9437       212

    accuracy                         0.8225       400
   macro avg     0.6480    0.6207    0.6166       400
weighted avg     0.8236    0.8225    0.8156       400

Validation Loss: 0.42301176488399506
              precision    recall  f1-score   support

           0     0.8333    0.8696    0.8511        23
           2     0.5417    0.8667    0.6667        30
           4     0.1429    0.1250    0.1333         8
           5     0.8333    0.2778    0.4167        18
           6     0.7679    0.7963    0.7818        54
           7     0.7500    0.6545    0.6990        55
           9     0.9526    0.9481    0.9504       212

    accuracy                         0.8300       400
   macro avg     0.6888    0.6483    0.6427       400
weighted avg     0.8406    0.8300    0.8257       400

Validation Loss: 0.3881431221961975
              precision    recall  f1-score   support

           0     0.9091    0.8696    0.8889        23
           2     0.6429    0.9000    0.7500        30
           4     0.1111    0.1250    0.1176         8
           5     0.5000    0.2222    0.3077        18
           6     0.7544    0.7963    0.7748        54
           7     0.7547    0.7273    0.7407        55
           9     0.9617    0.9481    0.9549       212

    accuracy                         0.8400       400
   macro avg     0.6620    0.6555    0.6478       400
weighted avg     0.8405    0.8400    0.8361       400

Validation Loss: 0.3727584630250931
              precision    recall  f1-score   support

           0     1.0000    0.8261    0.9048        23
           2     0.7436    0.9667    0.8406        30
           4     0.2857    0.2500    0.2667         8
           5     0.8000    0.4444    0.5714        18
           6     0.7581    0.8704    0.8103        54
           7     0.7143    0.7273    0.7207        55
           9     0.9614    0.9387    0.9499       212

    accuracy                         0.8600       400
   macro avg     0.7519    0.7176    0.7235       400
weighted avg     0.8651    0.8600    0.8580       400

Validation Loss: 0.35813573002815247
              precision    recall  f1-score   support

           0     0.9048    0.8261    0.8636        23
           2     0.7297    0.9000    0.8060        30
           4     0.2500    0.2500    0.2500         8
           5     0.6471    0.6111    0.6286        18
           6     0.8077    0.7778    0.7925        54
           7     0.7407    0.7273    0.7339        55
           9     0.9526    0.9481    0.9504       212

    accuracy                         0.8550       400
   macro avg     0.7189    0.7201    0.7178       400
weighted avg     0.8566    0.8550    0.8550       400

Validation Loss: 0.3710528016090393
              precision    recall  f1-score   support

           0     0.9474    0.7826    0.8571        23
           2     0.7179    0.9333    0.8116        30
           4     0.1667    0.1250    0.1429         8
           5     0.7059    0.6667    0.6857        18
           6     0.7895    0.8333    0.8108        54
           7     0.7292    0.6364    0.6796        55
           9     0.9393    0.9481    0.9437       212

    accuracy                         0.8500       400
   macro avg     0.7137    0.7036    0.7045       400
weighted avg     0.8481    0.8500    0.8469       400

Validation Loss: 0.3796207904815674
              precision    recall  f1-score   support

           0     0.9500    0.8261    0.8837        23
           2     0.6829    0.9333    0.7887        30
           4     0.1538    0.2500    0.1905         8
           5     0.7143    0.2778    0.4000        18
           6     0.7414    0.7963    0.7679        54
           7     0.7209    0.5636    0.6327        55
           9     0.9312    0.9575    0.9442       212

    accuracy                         0.8275       400
   macro avg     0.6992    0.6578    0.6582       400
weighted avg     0.8338    0.8275    0.8228       400

Validation Loss: 0.39109964668750763
              precision    recall  f1-score   support

           0     0.9524    0.8696    0.9091        23
           2     0.6444    0.9667    0.7733        30
           4     0.1429    0.1250    0.1333         8
           5     0.6923    0.5000    0.5806        18
           6     0.7925    0.7778    0.7850        54
           7     0.7308    0.6909    0.7103        55
           9     0.9569    0.9434    0.9501       212

    accuracy                         0.8475       400
   macro avg     0.7017    0.6962    0.6917       400
weighted avg     0.8517    0.8475    0.8463       400

Validation Loss: 0.37587420642375946
              precision    recall  f1-score   support

           0     1.0000    0.6957    0.8205        23
           2     0.6444    0.9667    0.7733        30
           4     0.3333    0.2500    0.2857         8
           5     0.7500    0.6667    0.7059        18
           6     0.7857    0.8148    0.8000        54
           7     0.7451    0.6909    0.7170        55
           9     0.9571    0.9481    0.9526       212

    accuracy                         0.8550       400
   macro avg     0.7451    0.7190    0.7221       400
weighted avg     0.8621    0.8550    0.8541       400

Validation Loss: 0.3608409911394119
              precision    recall  f1-score   support

           0     0.9500    0.8261    0.8837        23
           2     0.7297    0.9000    0.8060        30
           4     0.3333    0.2500    0.2857         8
           5     0.8000    0.6667    0.7273        18
           6     0.7759    0.8333    0.8036        54
           7     0.7255    0.6727    0.6981        55
           9     0.9437    0.9481    0.9459       212

    accuracy                         0.8575       400
   macro avg     0.7512    0.7281    0.7357       400
weighted avg     0.8567    0.8575    0.8555       400

Validation Loss: 0.3706505596637726
              precision    recall  f1-score   support

           0     1.0000    0.7391    0.8500        23
           2     0.7250    0.9667    0.8286        30
           4     0.2000    0.1250    0.1538         8
           5     0.8182    0.5000    0.6207        18
           6     0.7213    0.8148    0.7652        54
           7     0.6667    0.6545    0.6606        55
           9     0.9481    0.9481    0.9481       212

    accuracy                         0.8425       400
   macro avg     0.7256    0.6783    0.6896       400
weighted avg     0.8442    0.8425    0.8387       400

Validation Loss: 0.3709036260843277
              precision    recall  f1-score   support

           0     0.9444    0.7391    0.8293        23
           2     0.6512    0.9333    0.7671        30
           4     0.2500    0.2500    0.2500         8
           5     0.6364    0.3889    0.4828        18
           6     0.7679    0.7963    0.7818        54
           7     0.7200    0.6545    0.6857        55
           9     0.9393    0.9481    0.9437       212

    accuracy                         0.8350       400
   macro avg     0.7013    0.6729    0.6772       400
weighted avg     0.8372    0.8350    0.8319       400

Validation Loss: 0.36469554901123047
              precision    recall  f1-score   support

           0     1.0000    0.8261    0.9048        23
           2     0.8000    0.9333    0.8615        30
           4     0.2857    0.2500    0.2667         8
           5     0.6250    0.5556    0.5882        18
           6     0.7407    0.7407    0.7407        54
           7     0.6981    0.6727    0.6852        55
           9     0.9444    0.9623    0.9533       212

    accuracy                         0.8500       400
   macro avg     0.7277    0.7058    0.7143       400
weighted avg     0.8479    0.8500    0.8479       400

Validation Loss: 0.3579079657793045
              precision    recall  f1-score   support

           0     0.9444    0.7391    0.8293        23
           2     0.7179    0.9333    0.8116        30
           4     0.2000    0.1250    0.1538         8
           5     0.7143    0.5556    0.6250        18
           6     0.7586    0.8148    0.7857        54
           7     0.6889    0.5636    0.6200        55
           9     0.9186    0.9575    0.9376       212

    accuracy                         0.8350       400
   macro avg     0.7061    0.6699    0.6804       400
weighted avg     0.8283    0.8350    0.8280       400

Validation Loss: 0.37194404006004333
              precision    recall  f1-score   support

           0     1.0000    0.6957    0.8205        23
           2     0.7250    0.9667    0.8286        30
           4     0.3333    0.2500    0.2857         8
           5     0.6667    0.5556    0.6061        18
           6     0.7667    0.8519    0.8070        54
           7     0.7368    0.7636    0.7500        55
           9     0.9709    0.9434    0.9569       212

    accuracy                         0.8625       400
   macro avg     0.7428    0.7181    0.7221       400
weighted avg     0.8679    0.8625    0.8616       400

Validation Loss: 0.3537217527627945
              precision    recall  f1-score   support

           0     0.8750    0.9130    0.8936        23
           2     0.7879    0.8667    0.8254        30
           4     0.2000    0.1250    0.1538         8
           5     0.6667    0.5556    0.6061        18
           6     0.7544    0.7963    0.7748        54
           7     0.7021    0.6000    0.6471        55
           9     0.9269    0.9575    0.9420       212

    accuracy                         0.8425       400
   macro avg     0.7019    0.6877    0.6918       400
weighted avg     0.8331    0.8425    0.8365       400

Validation Loss: 0.3656875491142273
              precision    recall  f1-score   support

           0     0.9500    0.8261    0.8837        23
           2     0.7778    0.9333    0.8485        30
           4     0.1667    0.1250    0.1429         8
           5     0.7692    0.5556    0.6452        18
           6     0.7500    0.7778    0.7636        54
           7     0.6538    0.6182    0.6355        55
           9     0.9263    0.9481    0.9371       212

    accuracy                         0.8375       400
   macro avg     0.7134    0.6834    0.6938       400
weighted avg     0.8330    0.8375    0.8335       400

Validation Loss: 0.3570826053619385
              precision    recall  f1-score   support

           0     0.9048    0.8261    0.8636        23
           2     0.7568    0.9333    0.8358        30
           4     0.3333    0.2500    0.2857         8
           5     0.6875    0.6111    0.6471        18
           6     0.7778    0.7778    0.7778        54
           7     0.7333    0.6000    0.6600        55
           9     0.9276    0.9670    0.9469       212

    accuracy                         0.8500       400
   macro avg     0.7316    0.7093    0.7167       400
weighted avg     0.8438    0.8500    0.8448       400

Validation Loss: 0.36892199516296387
              precision    recall  f1-score   support

           0     1.0000    0.6957    0.8205        23
           2     0.7073    0.9667    0.8169        30
           4     0.3333    0.2500    0.2857         8
           5     0.7500    0.5000    0.6000        18
           6     0.7627    0.8333    0.7965        54
           7     0.7500    0.6000    0.6667        55
           9     0.9234    0.9670    0.9447       212

    accuracy                         0.8475       400
   macro avg     0.7467    0.6875    0.7044       400
weighted avg     0.8465    0.8475    0.8410       400

Validation Loss: 0.3759137839078903
              precision    recall  f1-score   support

           0     0.8261    0.8261    0.8261        23
           2     0.7273    0.8000    0.7619        30
           4     0.2222    0.2500    0.2353         8
           5     0.6667    0.6667    0.6667        18
           6     0.8125    0.7222    0.7647        54
           7     0.6444    0.5273    0.5800        55
           9     0.9062    0.9575    0.9312       212

    accuracy                         0.8200       400
   macro avg     0.6865    0.6785    0.6808       400
weighted avg     0.8151    0.8200    0.8159       400

Validation Loss: 0.3898742347955704
              precision    recall  f1-score   support

           0     0.9048    0.8261    0.8636        23
           2     0.7105    0.9000    0.7941        30
           4     0.2222    0.2500    0.2353         8
           5     0.6667    0.5556    0.6061        18
           6     0.7818    0.7963    0.7890        54
           7     0.7500    0.6000    0.6667        55
           9     0.9312    0.9575    0.9442       212

    accuracy                         0.8425       400
   macro avg     0.7096    0.6979    0.6999       400
weighted avg     0.8420    0.8425    0.8398       400

Validation Loss: 0.3699270635843277
              precision    recall  f1-score   support

           0     0.7692    0.8696    0.8163        23
           2     0.6857    0.8000    0.7385        30
           4     0.2000    0.2500    0.2222         8
           5     0.6923    0.5000    0.5806        18
           6     0.7843    0.7407    0.7619        54
           7     0.7111    0.5818    0.6400        55
           9     0.9273    0.9623    0.9444       212

    accuracy                         0.8275       400
   macro avg     0.6814    0.6721    0.6720       400
weighted avg     0.8259    0.8275    0.8243       400

Validation Loss: 0.3953026980161667
              precision    recall  f1-score   support

           0     0.9524    0.8696    0.9091        23
           2     0.6512    0.9333    0.7671        30
           4     0.2000    0.2500    0.2222         8
           5     0.5455    0.3333    0.4138        18
           6     0.7407    0.7407    0.7407        54
           7     0.7692    0.5455    0.6383        55
           9     0.9234    0.9670    0.9447       212

    accuracy                         0.8275       400
   macro avg     0.6832    0.6628    0.6623       400
weighted avg     0.8273    0.8275    0.8213       400

Validation Loss: 0.4056406766176224
              precision    recall  f1-score   support

           0     0.9524    0.8696    0.9091        23
           2     0.6364    0.9333    0.7568        30
           4     0.1818    0.2500    0.2105         8
           5     0.6000    0.3333    0.4286        18
           6     0.8077    0.7778    0.7925        54
           7     0.7234    0.6182    0.6667        55
           9     0.9349    0.9481    0.9415       212

    accuracy                         0.8325       400
   macro avg     0.6909    0.6758    0.6722       400
weighted avg     0.8371    0.8325    0.8301       400

Validation Loss: 0.38661880791187286
              precision    recall  f1-score   support

           0     0.8400    0.9130    0.8750        23
           2     0.6579    0.8333    0.7353        30
           4     0.2727    0.3750    0.3158         8
           5     0.8000    0.4444    0.5714        18
           6     0.7586    0.8148    0.7857        54
           7     0.7381    0.5636    0.6392        55
           9     0.9352    0.9528    0.9439       212

    accuracy                         0.8350       400
   macro avg     0.7146    0.6996    0.6952       400
weighted avg     0.8386    0.8350    0.8317       400

Validation Loss: 0.38798806071281433
              precision    recall  f1-score   support

           0     0.7917    0.8261    0.8085        23
           2     0.5854    0.8000    0.6761        30
           4     0.4000    0.2500    0.3077         8
           5     0.6923    0.5000    0.5806        18
           6     0.7544    0.7963    0.7748        54
           7     0.7308    0.6909    0.7103        55
           9     0.9567    0.9387    0.9476       212

    accuracy                         0.8350       400
   macro avg     0.7016    0.6860    0.6865       400
weighted avg     0.8380    0.8350    0.8340       400

Validation Loss: 0.40285205841064453
              precision    recall  f1-score   support

           0     0.7778    0.9130    0.8400        23
           2     0.6316    0.8000    0.7059        30
           4     0.2000    0.2500    0.2222         8
           5     0.5556    0.2778    0.3704        18
           6     0.7500    0.7778    0.7636        54
           7     0.7407    0.7273    0.7339        55
           9     0.9660    0.9387    0.9522       212

    accuracy                         0.8325       400
   macro avg     0.6602    0.6692    0.6555       400
weighted avg     0.8362    0.8325    0.8310       400

Validation Loss: 0.3492242395877838
              precision    recall  f1-score   support

           0     0.8000    0.8696    0.8333        23
           2     0.7667    0.7667    0.7667        30
           4     0.2000    0.2500    0.2222         8
           5     0.8750    0.3889    0.5385        18
           6     0.7377    0.8333    0.7826        54
           7     0.7500    0.7091    0.7290        55
           9     0.9486    0.9575    0.9531       212

    accuracy                         0.8475       400
   macro avg     0.7254    0.6822    0.6893       400
weighted avg     0.8523    0.8475    0.8451       400

Validation Loss: 0.34883593022823334
              precision    recall  f1-score   support

           0     0.9500    0.8261    0.8837        23
           2     0.6667    0.9333    0.7778        30
           4     0.2857    0.2500    0.2667         8
           5     0.8182    0.5000    0.6207        18
           6     0.7544    0.7963    0.7748        54
           7     0.7170    0.6909    0.7037        55
           9     0.9524    0.9434    0.9479       212

    accuracy                         0.8475       400
   macro avg     0.7349    0.7057    0.7107       400
weighted avg     0.8523    0.8475    0.8461       400

Validation Loss: 0.36951249837875366
              precision    recall  f1-score   support

           0     0.8750    0.9130    0.8936        23
           2     0.6842    0.8667    0.7647        30
           4     0.2500    0.2500    0.2500         8
           5     0.7143    0.5556    0.6250        18
           6     0.8077    0.7778    0.7925        54
           7     0.6800    0.6182    0.6476        55
           9     0.9346    0.9434    0.9390       212

    accuracy                         0.8375       400
   macro avg     0.7065    0.7035    0.7018       400
weighted avg     0.8366    0.8375    0.8355       400

Validation Loss: 0.3501279503107071
              precision    recall  f1-score   support

           0     1.0000    0.8261    0.9048        23
           2     0.7632    0.9667    0.8529        30
           4     0.2500    0.1250    0.1667         8
           5     0.6923    0.5000    0.5806        18
           6     0.7424    0.9074    0.8167        54
           7     0.7273    0.7273    0.7273        55
           9     0.9659    0.9340    0.9496       212

    accuracy                         0.8625       400
   macro avg     0.7344    0.7123    0.7141       400
weighted avg     0.8630    0.8625    0.8590       400

Validation Loss: 0.32981541752815247
              precision    recall  f1-score   support

           0     0.8261    0.8261    0.8261        23
           2     0.7353    0.8333    0.7812        30
           4     0.3333    0.2500    0.2857         8
           5     0.7692    0.5556    0.6452        18
           6     0.7869    0.8889    0.8348        54
           7     0.7447    0.6364    0.6863        55
           9     0.9352    0.9528    0.9439       212

    accuracy                         0.8525       400
   macro avg     0.7330    0.7062    0.7147       400
weighted avg     0.8482    0.8525    0.8482       400

Validation Loss: 0.3647458404302597
              precision    recall  f1-score   support

           0     0.8333    0.8696    0.8511        23
           2     0.7500    0.8000    0.7742        30
           4     0.2500    0.2500    0.2500         8
           5     0.7059    0.6667    0.6857        18
           6     0.8148    0.8148    0.8148        54
           7     0.7674    0.6000    0.6735        55
           9     0.9234    0.9670    0.9447       212

    accuracy                         0.8500       400
   macro avg     0.7207    0.7097    0.7134       400
weighted avg     0.8459    0.8500    0.8462       400

Validation Loss: 0.37504926323890686
              precision    recall  f1-score   support

           0     0.7917    0.8261    0.8085        23
           2     0.7059    0.8000    0.7500        30
           4     0.2857    0.2500    0.2667         8
           5     0.6667    0.5556    0.6061        18
           6     0.7636    0.7778    0.7706        54
           7     0.7500    0.5455    0.6316        55
           9     0.9156    0.9717    0.9428       212

    accuracy                         0.8325       400
   macro avg     0.6970    0.6752    0.6823       400
weighted avg     0.8256    0.8325    0.8259       400

Validation Loss: 0.36482763290405273
              precision    recall  f1-score   support

           0     1.0000    0.8261    0.9048        23
           2     0.7250    0.9667    0.8286        30
           4     0.3333    0.2500    0.2857         8
           5     0.6471    0.6111    0.6286        18
           6     0.8333    0.8333    0.8333        54
           7     0.8095    0.6182    0.7010        55
           9     0.9279    0.9717    0.9493       212

    accuracy                         0.8650       400
   macro avg     0.7537    0.7253    0.7330       400
weighted avg     0.8633    0.8650    0.8602       400

Validation Loss: 0.3831547647714615
              precision    recall  f1-score   support

           0     0.9130    0.9130    0.9130        23
           2     0.6429    0.9000    0.7500        30
           4     0.2727    0.3750    0.3158         8
           5     0.6667    0.3333    0.4444        18
           6     0.7600    0.7037    0.7308        54
           7     0.6750    0.4909    0.5684        55
           9     0.9067    0.9623    0.9336       212

    accuracy                         0.8150       400
   macro avg     0.6910    0.6683    0.6652       400
weighted avg     0.8121    0.8150    0.8067       400

Validation Loss: 0.4117201417684555
              precision    recall  f1-score   support

           0     0.8077    0.9130    0.8571        23
           2     0.6154    0.8000    0.6957        30
           4     0.2727    0.3750    0.3158         8
           5     0.6667    0.4444    0.5333        18
           6     0.8043    0.6852    0.7400        54
           7     0.7021    0.6000    0.6471        55
           9     0.9269    0.9575    0.9420       212

    accuracy                         0.8225       400
   macro avg     0.6851    0.6822    0.6759       400
weighted avg     0.8245    0.8225    0.8199       400

Validation Loss: 0.37480004131793976
              precision    recall  f1-score   support

           0     0.9500    0.8261    0.8837        23
           2     0.6923    0.9000    0.7826        30
           4     0.3000    0.3750    0.3333         8
           5     0.9231    0.6667    0.7742        18
           6     0.8200    0.7593    0.7885        54
           7     0.7381    0.5636    0.6392        55
           9     0.9159    0.9764    0.9452       212

    accuracy                         0.8500       400
   macro avg     0.7628    0.7239    0.7352       400
weighted avg     0.8517    0.8500    0.8463       400

Validation Loss: 0.3412490338087082
              precision    recall  f1-score   support

           0     0.9048    0.8261    0.8636        23
           2     0.7500    0.9000    0.8182        30
           4     0.1667    0.1250    0.1429         8
           5     0.6842    0.7222    0.7027        18
           6     0.8148    0.8148    0.8148        54
           7     0.7292    0.6364    0.6796        55
           9     0.9352    0.9528    0.9439       212

    accuracy                         0.8525       400
   macro avg     0.7121    0.7110    0.7094       400
weighted avg     0.8483    0.8525    0.8492       400

Validation Loss: 0.3472306579351425
              precision    recall  f1-score   support

           0     0.9500    0.8261    0.8837        23
           2     0.7714    0.9000    0.8308        30
           4     0.1429    0.1250    0.1333         8
           5     0.7857    0.6111    0.6875        18
           6     0.7627    0.8333    0.7965        54
           7     0.7045    0.5636    0.6263        55
           9     0.9231    0.9623    0.9423       212

    accuracy                         0.8450       400
   macro avg     0.7200    0.6888    0.7000       400
weighted avg     0.8398    0.8450    0.8398       400

Validation Loss: 0.3572632521390915
              precision    recall  f1-score   support

           0     1.0000    0.8261    0.9048        23
           2     0.7073    0.9667    0.8169        30
           4     0.2500    0.2500    0.2500         8
           5     0.6667    0.5556    0.6061        18
           6     0.8148    0.8148    0.8148        54
           7     0.7619    0.5818    0.6598        55
           9     0.9231    0.9623    0.9423       212

    accuracy                         0.8500       400
   macro avg     0.7320    0.7082    0.7135       400
weighted avg     0.8495    0.8500    0.8457       400

Validation Loss: 0.3510085344314575
              precision    recall  f1-score   support

           0     1.0000    0.8261    0.9048        23
           2     0.7838    0.9667    0.8657        30
           4     0.3750    0.3750    0.3750         8
           5     0.6667    0.6667    0.6667        18
           6     0.8039    0.7593    0.7810        54
           7     0.6809    0.5818    0.6275        55
           9     0.9227    0.9575    0.9398       212

    accuracy                         0.8475       400
   macro avg     0.7476    0.7333    0.7372       400
weighted avg     0.8450    0.8475    0.8443       400

Validation Loss: 0.370597243309021
              precision    recall  f1-score   support

           0     0.8333    0.8696    0.8511        23
           2     0.7742    0.8000    0.7869        30
           4     0.2000    0.2500    0.2222         8
           5     0.6471    0.6111    0.6286        18
           6     0.7778    0.7778    0.7778        54
           7     0.7091    0.7091    0.7091        55
           9     0.9569    0.9434    0.9501       212

    accuracy                         0.8450       400
   macro avg     0.6998    0.7087    0.7037       400
weighted avg     0.8488    0.8450    0.8467       400

Validation Loss: 0.35591278970241547
              precision    recall  f1-score   support

           0     0.9524    0.8696    0.9091        23
           2     0.7778    0.9333    0.8485        30
           4     0.2222    0.2500    0.2353         8
           5     0.6471    0.6111    0.6286        18
           6     0.8039    0.7593    0.7810        54
           7     0.6800    0.6182    0.6476        55
           9     0.9306    0.9481    0.9393       212

    accuracy                         0.8425       400
   macro avg     0.7163    0.7128    0.7128       400
weighted avg     0.8419    0.8425    0.8412       400

Validation Loss: 0.38760146498680115
              precision    recall  f1-score   support

           0     1.0000    0.8261    0.9048        23
           2     0.7632    0.9667    0.8529        30
           4     0.2353    0.5000    0.3200         8
           5     0.7778    0.3889    0.5185        18
           6     0.7778    0.7778    0.7778        54
           7     0.7000    0.5091    0.5895        55
           9     0.9148    0.9623    0.9379       212

    accuracy                         0.8325       400
   macro avg     0.7384    0.7044    0.7002       400
weighted avg     0.8405    0.8325    0.8289       400

Validation Loss: 0.35486434400081635
              precision    recall  f1-score   support

           0     0.8696    0.8696    0.8696        23
           2     0.6500    0.8667    0.7429        30
           4     0.2500    0.1250    0.1667         8
           5     0.7059    0.6667    0.6857        18
           6     0.8269    0.7963    0.8113        54
           7     0.7333    0.6000    0.6600        55
           9     0.9269    0.9575    0.9420       212

    accuracy                         0.8450       400
   macro avg     0.7089    0.6974    0.6969       400
weighted avg     0.8393    0.8450    0.8394       400

Validation Loss: 0.35590869188308716
              precision    recall  f1-score   support

           0     0.7778    0.9130    0.8400        23
           2     0.7419    0.7667    0.7541        30
           4     0.2222    0.2500    0.2353         8
           5     0.6875    0.6111    0.6471        18
           6     0.7895    0.8333    0.8108        54
           7     0.7609    0.6364    0.6931        55
           9     0.9439    0.9528    0.9484       212

    accuracy                         0.8475       400
   macro avg     0.7034    0.7090    0.7041       400
weighted avg     0.8472    0.8475    0.8461       400

Validation Loss: 0.3629336655139923
              precision    recall  f1-score   support

           0     0.7778    0.9130    0.8400        23
           2     0.6857    0.8000    0.7385        30
           4     0.1429    0.1250    0.1333         8
           5     0.6842    0.7222    0.7027        18
           6     0.8200    0.7593    0.7885        54
           7     0.7200    0.6545    0.6857        55
           9     0.9434    0.9434    0.9434       212

    accuracy                         0.8400       400
   macro avg     0.6820    0.7025    0.6903       400
weighted avg     0.8395    0.8400    0.8387       400

Validation Loss: 0.359728068113327
              precision    recall  f1-score   support

           0     0.9048    0.8261    0.8636        23
           2     0.7647    0.8667    0.8125        30
           4     0.2222    0.2500    0.2353         8
           5     0.6190    0.7222    0.6667        18
           6     0.8077    0.7778    0.7925        54
           7     0.7778    0.6364    0.7000        55
           9     0.9404    0.9670    0.9535       212

    accuracy                         0.8550       400
   macro avg     0.7195    0.7209    0.7177       400
weighted avg     0.8561    0.8550    0.8539       400

Validation Loss: 0.367539718747139
              precision    recall  f1-score   support

           0     0.9000    0.7826    0.8372        23
           2     0.6341    0.8667    0.7324        30
           4     0.1429    0.1250    0.1333         8
           5     0.6316    0.6667    0.6486        18
           6     0.8077    0.7778    0.7925        54
           7     0.7500    0.7091    0.7290        55
           9     0.9569    0.9434    0.9501       212

    accuracy                         0.8450       400
   macro avg     0.6890    0.6959    0.6890       400
weighted avg     0.8499    0.8450    0.8457       400

Validation Loss: 0.34943971037864685
              precision    recall  f1-score   support

           0     0.9474    0.7826    0.8571        23
           2     0.6744    0.9667    0.7945        30
           4     0.2857    0.2500    0.2667         8
           5     0.7059    0.6667    0.6857        18
           6     0.8235    0.7778    0.8000        54
           7     0.7451    0.6909    0.7170        55
           9     0.9481    0.9481    0.9481       212

    accuracy                         0.8550       400
   macro avg     0.7329    0.7261    0.7242       400
weighted avg     0.8587    0.8550    0.8542       400

Validation Loss: 0.36336809396743774
              precision    recall  f1-score   support

           0     0.8696    0.8696    0.8696        23
           2     0.7879    0.8667    0.8254        30
           4     0.1818    0.2500    0.2105         8
           5     0.6471    0.6111    0.6286        18
           6     0.8431    0.7963    0.8190        54
           7     0.7561    0.5636    0.6458        55
           9     0.9152    0.9670    0.9404       212

    accuracy                         0.8450       400
   macro avg     0.7144    0.7035    0.7056       400
weighted avg     0.8447    0.8450    0.8422       400

Validation Loss: 0.36674603819847107
              precision    recall  f1-score   support

           0     0.8400    0.9130    0.8750        23
           2     0.7027    0.8667    0.7761        30
           4     0.2857    0.2500    0.2667         8
           5     0.8235    0.7778    0.8000        18
           6     0.8000    0.8148    0.8073        54
           7     0.7442    0.5818    0.6531        55
           9     0.9352    0.9528    0.9439       212

    accuracy                         0.8525       400
   macro avg     0.7330    0.7367    0.7317       400
weighted avg     0.8497    0.8525    0.8489       400

Validation Loss: 0.4086396098136902
              precision    recall  f1-score   support

           0     0.8333    0.8696    0.8511        23
           2     0.7059    0.8000    0.7500        30
           4     0.1000    0.1250    0.1111         8
           5     0.5238    0.6111    0.5641        18
           6     0.7455    0.7593    0.7523        54
           7     0.7551    0.6727    0.7115        55
           9     0.9662    0.9434    0.9547       212

    accuracy                         0.8350       400
   macro avg     0.6614    0.6830    0.6707       400
weighted avg     0.8430    0.8350    0.8382       400

Validation Loss: 0.3622482120990753
              precision    recall  f1-score   support

           0     1.0000    0.7391    0.8500        23
           2     0.7436    0.9667    0.8406        30
           4     0.2857    0.2500    0.2667         8
           5     0.7000    0.7778    0.7368        18
           6     0.7895    0.8333    0.8108        54
           7     0.7451    0.6909    0.7170        55
           9     0.9569    0.9434    0.9501       212

    accuracy                         0.8625       400
   macro avg     0.7458    0.7430    0.7389       400
weighted avg     0.8667    0.8625    0.8620       400

Validation Loss: 0.33614668250083923
              precision    recall  f1-score   support

           0     1.0000    0.8261    0.9048        23
           2     0.7568    0.9333    0.8358        30
           4     0.4286    0.3750    0.4000         8
           5     0.7647    0.7222    0.7429        18
           6     0.8333    0.8333    0.8333        54
           7     0.7500    0.6545    0.6990        55
           9     0.9358    0.9623    0.9488       212

    accuracy                         0.8700       400
   macro avg     0.7813    0.7581    0.7664       400
weighted avg     0.8688    0.8700    0.8676       400

Validation Loss: 0.3504200428724289
              precision    recall  f1-score   support

           0     0.9474    0.7826    0.8571        23
           2     0.7714    0.9000    0.8308        30
           4     0.2500    0.2500    0.2500         8
           5     0.7857    0.6111    0.6875        18
           6     0.7895    0.8333    0.8108        54
           7     0.7234    0.6182    0.6667        55
           9     0.9273    0.9623    0.9444       212

    accuracy                         0.8525       400
   macro avg     0.7421    0.7082    0.7210       400
weighted avg     0.8502    0.8525    0.8492       400

Validation Loss: 0.35219670832157135
              precision    recall  f1-score   support

           0     0.9091    0.8696    0.8889        23
           2     0.7500    0.9000    0.8182        30
           4     0.2500    0.2500    0.2500         8
           5     0.7059    0.6667    0.6857        18
           6     0.8000    0.7407    0.7692        54
           7     0.7209    0.5636    0.6327        55
           9     0.9196    0.9717    0.9450       212

    accuracy                         0.8450       400
   macro avg     0.7222    0.7089    0.7128       400
weighted avg     0.8398    0.8450    0.8400       400

Validation Loss: 0.3685944974422455
              precision    recall  f1-score   support

           0     0.9000    0.7826    0.8372        23
           2     0.6364    0.9333    0.7568        30
           4     0.2857    0.2500    0.2667         8
           5     0.6923    0.5000    0.5806        18
           6     0.8235    0.7778    0.8000        54
           7     0.7750    0.5636    0.6526        55
           9     0.9156    0.9717    0.9428       212

    accuracy                         0.8400       400
   macro avg     0.7184    0.6827    0.6910       400
weighted avg     0.8393    0.8400    0.8338       400

Validation Loss: 0.3646062910556793
              precision    recall  f1-score   support

           0     1.0000    0.8261    0.9048        23
           2     0.7250    0.9667    0.8286        30
           4     0.1818    0.2500    0.2105         8
           5     0.6923    0.5000    0.5806        18
           6     0.8200    0.7593    0.7885        54
           7     0.7174    0.6000    0.6535        55
           9     0.9231    0.9623    0.9423       212

    accuracy                         0.8425       400
   macro avg     0.7228    0.6949    0.7012       400
weighted avg     0.8452    0.8425    0.8402       400

Validation Loss: 0.3261108100414276
              precision    recall  f1-score   support

           0     0.9500    0.8261    0.8837        23
           2     0.7105    0.9000    0.7941        30
           4     0.3333    0.1250    0.1818         8
           5     0.7222    0.7222    0.7222        18
           6     0.8182    0.8333    0.8257        54
           7     0.7727    0.6182    0.6869        55
           9     0.9234    0.9670    0.9447       212

    accuracy                         0.8600       400
   macro avg     0.7472    0.7131    0.7199       400
weighted avg     0.8532    0.8600    0.8531       400

Validation Loss: 0.37105175852775574
              precision    recall  f1-score   support

           0     1.0000    0.8261    0.9048        23
           2     0.6364    0.9333    0.7568        30
           4     0.1111    0.1250    0.1176         8
           5     0.6875    0.6111    0.6471        18
           6     0.8542    0.7593    0.8039        54
           7     0.7500    0.6000    0.6667        55
           9     0.9227    0.9575    0.9398       212

    accuracy                         0.8400       400
   macro avg     0.7088    0.6875    0.6909       400
weighted avg     0.8459    0.8400    0.8385       400

Validation Loss: 0.3664752095937729
              precision    recall  f1-score   support

           0     1.0000    0.6957    0.8205        23
           2     0.6591    0.9667    0.7838        30
           4     0.2500    0.2500    0.2500         8
           5     0.6667    0.6667    0.6667        18
           6     0.7755    0.7037    0.7379        54
           7     0.6981    0.6727    0.6852        55
           9     0.9481    0.9481    0.9481       212

    accuracy                         0.8375       400
   macro avg     0.7139    0.7005    0.6989       400
weighted avg     0.8451    0.8375    0.8373       400

Validation Loss: 0.3627709746360779
              precision    recall  f1-score   support

           0     0.8636    0.8261    0.8444        23
           2     0.7143    0.8333    0.7692        30
           4     0.2000    0.2500    0.2222         8
           5     0.6500    0.7222    0.6842        18
           6     0.7843    0.7407    0.7619        54
           7     0.7500    0.6545    0.6990        55
           9     0.9439    0.9528    0.9484       212

    accuracy                         0.8425       400
   macro avg     0.7009    0.7114    0.7042       400
weighted avg     0.8458    0.8425    0.8431       400

Validation Loss: 0.36071325838565826
              precision    recall  f1-score   support

           0     0.9130    0.9130    0.9130        23
           2     0.7714    0.9000    0.8308        30
           4     0.2500    0.2500    0.2500         8
           5     0.5909    0.7222    0.6500        18
           6     0.7917    0.7037    0.7451        54
           7     0.7083    0.6182    0.6602        55
           9     0.9352    0.9528    0.9439       212

    accuracy                         0.8425       400
   macro avg     0.7087    0.7229    0.7133       400
weighted avg     0.8419    0.8425    0.8407       400

Validation Loss: 0.36194761097431183
              precision    recall  f1-score   support

           0     0.9474    0.7826    0.8571        23
           2     0.7500    0.9000    0.8182        30
           4     0.2857    0.2500    0.2667         8
           5     0.6500    0.7222    0.6842        18
           6     0.7719    0.8148    0.7928        54
           7     0.7447    0.6364    0.6863        55
           9     0.9439    0.9528    0.9484       212

    accuracy                         0.8525       400
   macro avg     0.7277    0.7227    0.7219       400
weighted avg     0.8526    0.8525    0.8508       400

Validation Loss: 0.35731522738933563
              precision    recall  f1-score   support

           0     1.0000    0.6957    0.8205        23
           2     0.7073    0.9667    0.8169        30
           4     0.2857    0.2500    0.2667         8
           5     0.7333    0.6111    0.6667        18
           6     0.8182    0.8333    0.8257        54
           7     0.7174    0.6000    0.6535        55
           9     0.9227    0.9575    0.9398       212

    accuracy                         0.8475       400
   macro avg     0.7407    0.7020    0.7128       400
weighted avg     0.8474    0.8475    0.8432       400

Validation Loss: 0.36622798442840576
              precision    recall  f1-score   support

           0     1.0000    0.8261    0.9048        23
           2     0.7250    0.9667    0.8286        30
           4     0.3333    0.2500    0.2857         8
           5     0.7222    0.7222    0.7222        18
           6     0.8235    0.7778    0.8000        54
           7     0.7778    0.5091    0.6154        55
           9     0.9087    0.9858    0.9457       212

    accuracy                         0.8550       400
   macro avg     0.7558    0.7197    0.7289       400
weighted avg     0.8508    0.8550    0.8462       400

Validation Loss: 0.3639317452907562
              precision    recall  f1-score   support

           0     0.8636    0.8261    0.8444        23
           2     0.7027    0.8667    0.7761        30
           4     0.3000    0.3750    0.3333         8
           5     0.8667    0.7222    0.7879        18
           6     0.7963    0.7963    0.7963        54
           7     0.7500    0.6000    0.6667        55
           9     0.9358    0.9623    0.9488       212

    accuracy                         0.8525       400
   macro avg     0.7450    0.7355    0.7362       400
weighted avg     0.8540    0.8525    0.8509       400

Validation Loss: 0.34490758180618286
              precision    recall  f1-score   support

           0     0.7917    0.8261    0.8085        23
           2     0.7353    0.8333    0.7812        30
           4     0.3000    0.3750    0.3333         8
           5     0.6000    0.5000    0.5455        18
           6     0.8113    0.7963    0.8037        54
           7     0.7660    0.6545    0.7059        55
           9     0.9401    0.9623    0.9510       212

    accuracy                         0.8475       400
   macro avg     0.7063    0.7068    0.7042       400
weighted avg     0.8468    0.8475    0.8459       400

Validation Loss: 0.32570403814315796
              precision    recall  f1-score   support

           0     0.9500    0.8261    0.8837        23
           2     0.6923    0.9000    0.7826        30
           4     0.2857    0.2500    0.2667         8
           5     0.9091    0.5556    0.6897        18
           6     0.8103    0.8704    0.8393        54
           7     0.8000    0.6545    0.7200        55
           9     0.9364    0.9717    0.9537       212

    accuracy                         0.8675       400
   macro avg     0.7691    0.7183    0.7337       400
weighted avg     0.8688    0.8675    0.8636       400

Validation Loss: 0.35347864031791687
              precision    recall  f1-score   support

           0     0.8261    0.8261    0.8261        23
           2     0.7143    0.8333    0.7692        30
           4     0.1111    0.1250    0.1176         8
           5     0.6111    0.6111    0.6111        18
           6     0.8113    0.7963    0.8037        54
           7     0.7609    0.6364    0.6931        55
           9     0.9398    0.9575    0.9486       212

    accuracy                         0.8425       400
   macro avg     0.6821    0.6837    0.6814       400
weighted avg     0.8430    0.8425    0.8416       400

Validation Loss: 0.3200778663158417
              precision    recall  f1-score   support

           0     1.0000    0.8261    0.9048        23
           2     0.7250    0.9667    0.8286        30
           4     0.1667    0.1250    0.1429         8
           5     0.8462    0.6111    0.7097        18
           6     0.8036    0.8333    0.8182        54
           7     0.7778    0.6364    0.7000        55
           9     0.9321    0.9717    0.9515       212

    accuracy                         0.8650       400
   macro avg     0.7502    0.7100    0.7222       400
weighted avg     0.8627    0.8650    0.8600       400

Validation Loss: 0.36646270751953125
              precision    recall  f1-score   support

           0     1.0000    0.8696    0.9302        23
           2     0.7632    0.9667    0.8529        30
           4     0.3333    0.2500    0.2857         8
           5     0.7895    0.8333    0.8108        18
           6     0.8889    0.7407    0.8081        54
           7     0.7609    0.6364    0.6931        55
           9     0.9204    0.9811    0.9498       212

    accuracy                         0.8725       400
   macro avg     0.7794    0.7540    0.7615       400
weighted avg     0.8693    0.8725    0.8674       400

Validation Loss: 0.33432747423648834
              precision    recall  f1-score   support

           0     0.9048    0.8261    0.8636        23
           2     0.7105    0.9000    0.7941        30
           4     0.2727    0.3750    0.3158         8
           5     0.6429    0.5000    0.5625        18
           6     0.7843    0.7407    0.7619        54
           7     0.7255    0.6727    0.6981        55
           9     0.9439    0.9528    0.9484       212

    accuracy                         0.8425       400
   macro avg     0.7121    0.7096    0.7063       400
weighted avg     0.8456    0.8425    0.8423       400

Validation Loss: 0.3551207631826401
              precision    recall  f1-score   support

           0     0.9474    0.7826    0.8571        23
           2     0.6667    0.9333    0.7778        30
           4     0.2857    0.2500    0.2667         8
           5     0.7059    0.6667    0.6857        18
           6     0.8367    0.7593    0.7961        54
           7     0.7872    0.6727    0.7255        55
           9     0.9406    0.9717    0.9559       212

    accuracy                         0.8600       400
   macro avg     0.7386    0.7195    0.7235       400
weighted avg     0.8617    0.8600    0.8577       400

Validation Loss: 0.33763763308525085
              precision    recall  f1-score   support

           0     1.0000    0.7826    0.8780        23
           2     0.7632    0.9667    0.8529        30
           4     0.3333    0.2500    0.2857         8
           5     0.7143    0.8333    0.7692        18
           6     0.8600    0.7963    0.8269        54
           7     0.7451    0.6909    0.7170        55
           9     0.9398    0.9575    0.9486       212

    accuracy                         0.8700       400
   macro avg     0.7651    0.7539    0.7541       400
weighted avg     0.8702    0.8700    0.8678       400

Validation Loss: 0.3346010595560074
              precision    recall  f1-score   support

           0     0.8750    0.9130    0.8936        23
           2     0.7812    0.8333    0.8065        30
           4     0.2500    0.2500    0.2500         8
           5     0.7000    0.7778    0.7368        18
           6     0.8400    0.7778    0.8077        54
           7     0.7273    0.7273    0.7273        55
           9     0.9526    0.9481    0.9504       212

    accuracy                         0.8625       400
   macro avg     0.7323    0.7468    0.7389       400
weighted avg     0.8637    0.8625    0.8628       400

Validation Loss: 0.35132864117622375
              precision    recall  f1-score   support

           0     1.0000    0.7391    0.8500        23
           2     0.7000    0.9333    0.8000        30
           4     0.2000    0.2500    0.2222         8
           5     0.6842    0.7222    0.7027        18
           6     0.8302    0.8148    0.8224        54
           7     0.7755    0.6909    0.7308        55
           9     0.9528    0.9528    0.9528       212

    accuracy                         0.8600       400
   macro avg     0.7347    0.7290    0.7259       400
weighted avg     0.8685    0.8600    0.8614       400

Validation Loss: 0.3461691737174988
              precision    recall  f1-score   support

           0     0.9500    0.8261    0.8837        23
           2     0.7297    0.9000    0.8060        30
           4     0.1818    0.2500    0.2105         8
           5     0.5882    0.5556    0.5714        18
           6     0.8333    0.7407    0.7843        54
           7     0.7500    0.6545    0.6990        55
           9     0.9361    0.9670    0.9513       212

    accuracy                         0.8475       400
   macro avg     0.7099    0.6991    0.7009       400
weighted avg     0.8512    0.8475    0.8474       400

Validation Loss: 0.3580222576856613
              precision    recall  f1-score   support

           0     0.9545    0.9130    0.9333        23
           2     0.7568    0.9333    0.8358        30
           4     0.2000    0.2500    0.2222         8
           5     0.6667    0.5556    0.6061        18
           6     0.7925    0.7778    0.7850        54
           7     0.7292    0.6364    0.6796        55
           9     0.9395    0.9528    0.9461       212

    accuracy                         0.8500       400
   macro avg     0.7199    0.7170    0.7155       400
weighted avg     0.8508    0.8500    0.8490       400

Validation Loss: 0.3669746667146683
              precision    recall  f1-score   support

           0     0.9524    0.8696    0.9091        23
           2     0.6923    0.9000    0.7826        30
           4     0.1429    0.1250    0.1333         8
           5     0.5000    0.5556    0.5263        18
           6     0.7593    0.7593    0.7593        54
           7     0.7547    0.7273    0.7407        55
           9     0.9709    0.9434    0.9569       212

    accuracy                         0.8475       400
   macro avg     0.6818    0.6971    0.6869       400
weighted avg     0.8529    0.8475    0.8488       400

Validation Loss: 0.3577365577220917
              precision    recall  f1-score   support

           0     0.8636    0.8261    0.8444        23
           2     0.7429    0.8667    0.8000        30
           4     0.2500    0.3750    0.3000         8
           5     0.6667    0.6667    0.6667        18
           6     0.7959    0.7222    0.7573        54
           7     0.7400    0.6727    0.7048        55
           9     0.9486    0.9575    0.9531       212

    accuracy                         0.8475       400
   macro avg     0.7154    0.7267    0.7180       400
weighted avg     0.8523    0.8475    0.8488       400

Validation Loss: 0.34013907611370087
              precision    recall  f1-score   support

           0     0.9500    0.8261    0.8837        23
           2     0.7368    0.9333    0.8235        30
           4     0.2222    0.2500    0.2353         8
           5     0.6471    0.6111    0.6286        18
           6     0.8462    0.8148    0.8302        54
           7     0.7907    0.6182    0.6939        55
           9     0.9276    0.9670    0.9469       212

    accuracy                         0.8575       400
   macro avg     0.7315    0.7172    0.7203       400
weighted avg     0.8580    0.8575    0.8549       400

Validation Loss: 0.3273567408323288
              precision    recall  f1-score   support

           0     0.9500    0.8261    0.8837        23
           2     0.7368    0.9333    0.8235        30
           4     0.2500    0.2500    0.2500         8
           5     0.7222    0.7222    0.7222        18
           6     0.8269    0.7963    0.8113        54
           7     0.7358    0.7091    0.7222        55
           9     0.9526    0.9481    0.9504       212

    accuracy                         0.8625       400
   macro avg     0.7392    0.7407    0.7376       400
weighted avg     0.8651    0.8625    0.8626       400

Validation Loss: 0.338770791888237
              precision    recall  f1-score   support

           0     1.0000    0.7826    0.8780        23
           2     0.7568    0.9333    0.8358        30
           4     0.2500    0.2500    0.2500         8
           5     0.7059    0.6667    0.6857        18
           6     0.8333    0.8333    0.8333        54
           7     0.7727    0.6182    0.6869        55
           9     0.9279    0.9717    0.9493       212

    accuracy                         0.8625       400
   macro avg     0.7495    0.7223    0.7313       400
weighted avg     0.8616    0.8625    0.8591       400

Validation Loss: 0.3359517455101013
              precision    recall  f1-score   support

           0     1.0000    0.8261    0.9048        23
           2     0.7632    0.9667    0.8529        30
           4     0.2857    0.2500    0.2667         8
           5     0.7500    0.6667    0.7059        18
           6     0.7963    0.7963    0.7963        54
           7     0.7200    0.6545    0.6857        55
           9     0.9398    0.9575    0.9486       212

    accuracy                         0.8600       400
   macro avg     0.7507    0.7311    0.7373       400
weighted avg     0.8588    0.8600    0.8576       400

Validation Loss: 0.3364116698503494
              precision    recall  f1-score   support

           0     0.9474    0.7826    0.8571        23
           2     0.7105    0.9000    0.7941        30
           4     0.1429    0.1250    0.1333         8
           5     0.7059    0.6667    0.6857        18
           6     0.7963    0.7963    0.7963        54
           7     0.7826    0.6545    0.7129        55
           9     0.9361    0.9670    0.9513       212

    accuracy                         0.8550       400
   macro avg     0.7174    0.6989    0.7044       400
weighted avg     0.8536    0.8550    0.8521       400

Validation Loss: 0.3625465929508209
              precision    recall  f1-score   support

           0     0.9444    0.7391    0.8293        23
           2     0.7714    0.9000    0.8308        30
           4     0.4167    0.6250    0.5000         8
           5     0.7692    0.5556    0.6452        18
           6     0.8113    0.7963    0.8037        54
           7     0.7500    0.5455    0.6316        55
           9     0.9039    0.9764    0.9388       212

    accuracy                         0.8475       400
   macro avg     0.7667    0.7340    0.7399       400
weighted avg     0.8468    0.8475    0.8419       400

Validation Loss: 0.3743335157632828
              precision    recall  f1-score   support

           0     0.9048    0.8261    0.8636        23
           2     0.7879    0.8667    0.8254        30
           4     0.5000    0.2500    0.3333         8
           5     0.7692    0.5556    0.6452        18
           6     0.7143    0.7407    0.7273        54
           7     0.6667    0.5091    0.5773        55
           9     0.9048    0.9858    0.9436       212

    accuracy                         0.8350       400
   macro avg     0.7497    0.6763    0.7022       400
weighted avg     0.8233    0.8350    0.8249       400

Validation Loss: 0.35955268144607544
              precision    recall  f1-score   support

           0     1.0000    0.6957    0.8205        23
           2     0.7222    0.8667    0.7879        30
           4     0.2857    0.2500    0.2667         8
           5     0.8333    0.5556    0.6667        18
           6     0.7544    0.7963    0.7748        54
           7     0.7273    0.5818    0.6465        55
           9     0.9123    0.9811    0.9455       212

    accuracy                         0.8425       400
   macro avg     0.7479    0.6753    0.7012       400
weighted avg     0.8402    0.8425    0.8362       400

Validation Loss: 0.3511744886636734
              precision    recall  f1-score   support

           0     0.9474    0.7826    0.8571        23
           2     0.7000    0.9333    0.8000        30
           4     0.2857    0.2500    0.2667         8
           5     0.6667    0.6667    0.6667        18
           6     0.7885    0.7593    0.7736        54
           7     0.7234    0.6182    0.6667        55
           9     0.9355    0.9575    0.9464       212

    accuracy                         0.8450       400
   macro avg     0.7210    0.7097    0.7110       400
weighted avg     0.8444    0.8450    0.8423       400

Validation Loss: 0.31735797226428986
              precision    recall  f1-score   support

           0     1.0000    0.7826    0.8780        23
           2     0.7073    0.9667    0.8169        30
           4     0.2000    0.1250    0.1538         8
           5     0.8000    0.6667    0.7273        18
           6     0.7797    0.8519    0.8142        54
           7     0.7321    0.7455    0.7387        55
           9     0.9660    0.9387    0.9522       212

    accuracy                         0.8650       400
   macro avg     0.7407    0.7253    0.7259       400
weighted avg     0.8685    0.8650    0.8637       400

Validation Loss: 0.34759168326854706
              precision    recall  f1-score   support

           0     1.0000    0.8261    0.9048        23
           2     0.8125    0.8667    0.8387        30
           4     0.3333    0.5000    0.4000         8
           5     0.8571    0.6667    0.7500        18
           6     0.8431    0.7963    0.8190        54
           7     0.7500    0.6545    0.6990        55
           9     0.9241    0.9764    0.9495       212

    accuracy                         0.8675       400
   macro avg     0.7886    0.7552    0.7659       400
weighted avg     0.8704    0.8675    0.8666       400

Validation Loss: 0.33671143651008606
              precision    recall  f1-score   support

           0     1.0000    0.8261    0.9048        23
           2     0.7778    0.9333    0.8485        30
           4     0.3333    0.3750    0.3529         8
           5     0.6471    0.6111    0.6286        18
           6     0.7857    0.8148    0.8000        54
           7     0.7551    0.6727    0.7115        55
           9     0.9486    0.9575    0.9531       212

    accuracy                         0.8625       400
   macro avg     0.7497    0.7415    0.7428       400
weighted avg     0.8643    0.8625    0.8620       400

Validation Loss: 0.3393370360136032
              precision    recall  f1-score   support

           0     1.0000    0.7391    0.8500        23
           2     0.6905    0.9667    0.8056        30
           4     0.2222    0.2500    0.2353         8
           5     0.8182    0.5000    0.6207        18
           6     0.7797    0.8519    0.8142        54
           7     0.8000    0.6545    0.7200        55
           9     0.9447    0.9670    0.9557       212

    accuracy                         0.8600       400
   macro avg     0.7507    0.7042    0.7145       400
weighted avg     0.8665    0.8600    0.8574       400

Validation Loss: 0.35164183378219604
              precision    recall  f1-score   support

           0     1.0000    0.8261    0.9048        23
           2     0.7778    0.9333    0.8485        30
           4     0.3333    0.5000    0.4000         8
           5     0.7857    0.6111    0.6875        18
           6     0.7963    0.7963    0.7963        54
           7     0.7692    0.5455    0.6383        55
           9     0.9115    0.9717    0.9406       212

    accuracy                         0.8525       400
   macro avg     0.7677    0.7406    0.7451       400
weighted avg     0.8542    0.8525    0.8484       400

Validation Loss: 0.36942966282367706
              precision    recall  f1-score   support

           0     0.9130    0.9130    0.9130        23
           2     0.8387    0.8667    0.8525        30
           4     0.4000    0.2500    0.3077         8
           5     0.7778    0.7778    0.7778        18
           6     0.8269    0.7963    0.8113        54
           7     0.7500    0.5455    0.6316        55
           9     0.9048    0.9858    0.9436       212

    accuracy                         0.8625       400
   macro avg     0.7730    0.7336    0.7482       400
weighted avg     0.8527    0.8625    0.8540       400

Validation Loss: 0.35494622588157654
              precision    recall  f1-score   support

           0     0.9500    0.8261    0.8837        23
           2     0.7073    0.9667    0.8169        30
           4     0.1000    0.1250    0.1111         8
           5     0.7500    0.6667    0.7059        18
           6     0.8571    0.7778    0.8155        54
           7     0.7872    0.6727    0.7255        55
           9     0.9401    0.9623    0.9510       212

    accuracy                         0.8600       400
   macro avg     0.7274    0.7139    0.7157       400
weighted avg     0.8656    0.8600    0.8600       400

Validation Loss: 0.3774296045303345
              precision    recall  f1-score   support

           0     0.9412    0.6957    0.8000        23
           2     0.5870    0.9000    0.7105        30
           4     0.1111    0.1250    0.1176         8
           5     0.6000    0.3333    0.4286        18
           6     0.7719    0.8148    0.7928        54
           7     0.7600    0.6909    0.7238        55
           9     0.9526    0.9481    0.9504       212

    accuracy                         0.8325       400
   macro avg     0.6748    0.6440    0.6462       400
weighted avg     0.8410    0.8325    0.8312       400

Validation Loss: 0.33072637021541595
              precision    recall  f1-score   support

           0     1.0000    0.8261    0.9048        23
           2     0.8000    0.9333    0.8615        30
           4     0.2857    0.5000    0.3636         8
           5     0.7857    0.6111    0.6875        18
           6     0.7857    0.8148    0.8000        54
           7     0.7455    0.7455    0.7455        55
           9     0.9662    0.9434    0.9547       212

    accuracy                         0.8675       400
   macro avg     0.7670    0.7677    0.7596       400
weighted avg     0.8792    0.8675    0.8713       400

Validation Loss: 0.32410386204719543
              precision    recall  f1-score   support

           0     0.9500    0.8261    0.8837        23
           2     0.7568    0.9333    0.8358        30
           4     0.1429    0.1250    0.1333         8
           5     0.8333    0.5556    0.6667        18
           6     0.7895    0.8333    0.8108        54
           7     0.7755    0.6909    0.7308        55
           9     0.9404    0.9670    0.9535       212

    accuracy                         0.8650       400
   macro avg     0.7412    0.7045    0.7164       400
weighted avg     0.8633    0.8650    0.8615       400

Validation Loss: 0.31648580729961395
              precision    recall  f1-score   support

           0     0.9474    0.7826    0.8571        23
           2     0.7297    0.9000    0.8060        30
           4     0.2500    0.1250    0.1667         8
           5     0.6957    0.8889    0.7805        18
           6     0.8182    0.8333    0.8257        54
           7     0.8571    0.6545    0.7423        55
           9     0.9409    0.9764    0.9583       212

    accuracy                         0.8750       400
   macro avg     0.7484    0.7373    0.7338       400
weighted avg     0.8725    0.8750    0.8696       400

Validation Loss: 0.3235265463590622
              precision    recall  f1-score   support

           0     0.8333    0.8696    0.8511        23
           2     0.8000    0.8000    0.8000        30
           4     0.3077    0.5000    0.3810         8
           5     0.8571    0.6667    0.7500        18
           6     0.8269    0.7963    0.8113        54
           7     0.7872    0.6727    0.7255        55
           9     0.9409    0.9764    0.9583       212

    accuracy                         0.8675       400
   macro avg     0.7647    0.7545    0.7539       400
weighted avg     0.8712    0.8675    0.8675       400

Validation Loss: 0.3344452232122421
              precision    recall  f1-score   support

           0     1.0000    0.8261    0.9048        23
           2     0.7778    0.9333    0.8485        30
           4     0.1818    0.2500    0.2105         8
           5     0.6111    0.6111    0.6111        18
           6     0.8077    0.7778    0.7925        54
           7     0.8085    0.6909    0.7451        55
           9     0.9493    0.9717    0.9604       212

    accuracy                         0.8650       400
   macro avg     0.7337    0.7230    0.7247       400
weighted avg     0.8703    0.8650    0.8658       400

Validation Loss: 0.36259178817272186
              precision    recall  f1-score   support

           0     0.9474    0.7826    0.8571        23
           2     0.6512    0.9333    0.7671        30
           4     0.3000    0.3750    0.3333         8
           5     0.8462    0.6111    0.7097        18
           6     0.8431    0.7963    0.8190        54
           7     0.7609    0.6364    0.6931        55
           9     0.9312    0.9575    0.9442       212

    accuracy                         0.8525       400
   macro avg     0.7543    0.7275    0.7319       400
weighted avg     0.8594    0.8525    0.8517       400

Validation Loss: 0.3636017441749573
              precision    recall  f1-score   support

           0     0.8182    0.7826    0.8000        23
           2     0.6190    0.8667    0.7222        30
           4     0.2500    0.2500    0.2500         8
           5     0.7500    0.5000    0.6000        18
           6     0.7368    0.7778    0.7568        54
           7     0.7593    0.7455    0.7523        55
           9     0.9756    0.9434    0.9592       212

    accuracy                         0.8450       400
   macro avg     0.7013    0.6951    0.6915       400
weighted avg     0.8532    0.8450    0.8462       400

Validation Loss: 0.3255396634340286
              precision    recall  f1-score   support

           0     0.9091    0.8696    0.8889        23
           2     0.7429    0.8667    0.8000        30
           4     0.2000    0.2500    0.2222         8
           5     0.5882    0.5556    0.5714        18
           6     0.8269    0.7963    0.8113        54
           7     0.7778    0.7636    0.7706        55
           9     0.9619    0.9528    0.9573       212

    accuracy                         0.8625       400
   macro avg     0.7153    0.7221    0.7174       400
weighted avg     0.8668    0.8625    0.8642       400

Validation Loss: 0.3198501765727997
              precision    recall  f1-score   support

           0     0.9500    0.8261    0.8837        23
           2     0.7568    0.9333    0.8358        30
           4     0.2857    0.2500    0.2667         8
           5     0.9231    0.6667    0.7742        18
           6     0.8136    0.8889    0.8496        54
           7     0.8043    0.6727    0.7327        55
           9     0.9404    0.9670    0.9535       212

    accuracy                         0.8775       400
   macro avg     0.7820    0.7435    0.7566       400
weighted avg     0.8775    0.8775    0.8745       400

Validation Loss: 0.3165822774171829
              precision    recall  f1-score   support

           0     0.8696    0.8696    0.8696        23
           2     0.7812    0.8333    0.8065        30
           4     0.3750    0.3750    0.3750         8
           5     0.7857    0.6111    0.6875        18
           6     0.7541    0.8519    0.8000        54
           7     0.7593    0.7455    0.7523        55
           9     0.9663    0.9481    0.9571       212

    accuracy                         0.8675       400
   macro avg     0.7559    0.7478    0.7497       400
weighted avg     0.8698    0.8675    0.8676       400

Validation Loss: 0.33857695758342743
              precision    recall  f1-score   support

           0     1.0000    0.8696    0.9302        23
           2     0.7568    0.9333    0.8358        30
           4     0.2000    0.2500    0.2222         8
           5     0.7333    0.6111    0.6667        18
           6     0.8148    0.8148    0.8148        54
           7     0.7917    0.6909    0.7379        55
           9     0.9444    0.9623    0.9533       212

    accuracy                         0.8675       400
   macro avg     0.7487    0.7331    0.7373       400
weighted avg     0.8707    0.8675    0.8673       400

Validation Loss: 0.3240801841020584
              precision    recall  f1-score   support

           0     0.9091    0.8696    0.8889        23
           2     0.7714    0.9000    0.8308        30
           4     0.2500    0.2500    0.2500         8
           5     0.6250    0.5556    0.5882        18
           6     0.7963    0.7963    0.7963        54
           7     0.8222    0.6727    0.7400        55
           9     0.9409    0.9764    0.9583       212

    accuracy                         0.8650       400
   macro avg     0.7307    0.7172    0.7218       400
weighted avg     0.8625    0.8650    0.8621       400

Validation Loss: 0.3747990131378174
              precision    recall  f1-score   support

           0     0.9474    0.7826    0.8571        23
           2     0.6429    0.9000    0.7500        30
           4     0.1250    0.1250    0.1250         8
           5     0.6000    0.6667    0.6316        18
           6     0.7600    0.7037    0.7308        54
           7     0.7193    0.7455    0.7321        55
           9     0.9706    0.9340    0.9519       212

    accuracy                         0.8375       400
   macro avg     0.6807    0.6939    0.6827       400
weighted avg     0.8481    0.8375    0.8403       400

Validation Loss: 0.3317141830921173
              precision    recall  f1-score   support

           0     0.9091    0.8696    0.8889        23
           2     0.7941    0.9000    0.8438        30
           4     0.5000    0.5000    0.5000         8
           5     0.6667    0.6667    0.6667        18
           6     0.7778    0.7778    0.7778        54
           7     0.7872    0.6727    0.7255        55
           9     0.9447    0.9670    0.9557       212

    accuracy                         0.8675       400
   macro avg     0.7685    0.7648    0.7655       400
weighted avg     0.8658    0.8675    0.8657       400

Validation Loss: 0.3106367588043213
              precision    recall  f1-score   support

           0     0.9545    0.9130    0.9333        23
           2     0.7941    0.9000    0.8438        30
           4     0.2500    0.2500    0.2500         8
           5     0.8667    0.7222    0.7879        18
           6     0.8393    0.8704    0.8545        54
           7     0.7963    0.7818    0.7890        55
           9     0.9621    0.9575    0.9598       212

    accuracy                         0.8900       400
   macro avg     0.7804    0.7707    0.7740       400
weighted avg     0.8911    0.8900    0.8900       400

Validation Loss: 0.35200513899326324
              precision    recall  f1-score   support

           0     0.9048    0.8261    0.8636        23
           2     0.7297    0.9000    0.8060        30
           4     0.1538    0.2500    0.1905         8
           5     0.6471    0.6111    0.6286        18
           6     0.8039    0.7593    0.7810        54
           7     0.8182    0.6545    0.7273        55
           9     0.9493    0.9717    0.9604       212

    accuracy                         0.8550       400
   macro avg     0.7153    0.7104    0.7082       400
weighted avg     0.8631    0.8550    0.8566       400

Validation Loss: 0.35662642121315
              precision    recall  f1-score   support

           0     0.8636    0.8261    0.8444        23
           2     0.6585    0.9000    0.7606        30
           4     0.1429    0.1250    0.1333         8
           5     0.7692    0.5556    0.6452        18
           6     0.8269    0.7963    0.8113        54
           7     0.7708    0.6727    0.7184        55
           9     0.9401    0.9623    0.9510       212

    accuracy                         0.8525       400
   macro avg     0.7103    0.6911    0.6949       400
weighted avg     0.8524    0.8525    0.8497       400

Validation Loss: 0.3714773654937744
              precision    recall  f1-score   support

           0     1.0000    0.8261    0.9048        23
           2     0.7250    0.9667    0.8286        30
           4     0.1667    0.2500    0.2000         8
           5     0.6154    0.4444    0.5161        18
           6     0.8077    0.7778    0.7925        54
           7     0.8222    0.6727    0.7400        55
           9     0.9406    0.9717    0.9559       212

    accuracy                         0.8575       400
   macro avg     0.7254    0.7013    0.7054       400
weighted avg     0.8635    0.8575    0.8568       400

Validation Loss: 0.31456272304058075
              precision    recall  f1-score   support

           0     1.0000    0.8261    0.9048        23
           2     0.8182    0.9000    0.8571        30
           4     0.3750    0.3750    0.3750         8
           5     0.8000    0.6667    0.7273        18
           6     0.7903    0.9074    0.8448        54
           7     0.7818    0.7818    0.7818        55
           9     0.9712    0.9528    0.9619       212

    accuracy                         0.8875       400
   macro avg     0.7909    0.7728    0.7790       400
weighted avg     0.8913    0.8875    0.8879       400

Validation Loss: 0.31859810650348663
              precision    recall  f1-score   support

           0     1.0000    0.8261    0.9048        23
           2     0.7778    0.9333    0.8485        30
           4     0.3750    0.3750    0.3750         8
           5     0.8462    0.6111    0.7097        18
           6     0.8393    0.8704    0.8545        54
           7     0.7627    0.8182    0.7895        55
           9     0.9665    0.9528    0.9596       212

    accuracy                         0.8875       400
   macro avg     0.7953    0.7696    0.7774       400
weighted avg     0.8918    0.8875    0.8876       400

Validation Loss: 0.33199529349803925
              precision    recall  f1-score   support

           0     1.0000    0.7391    0.8500        23
           2     0.7297    0.9000    0.8060        30
           4     0.2500    0.2500    0.2500         8
           5     0.8000    0.6667    0.7273        18
           6     0.7966    0.8704    0.8319        54
           7     0.7895    0.8182    0.8036        55
           9     0.9758    0.9528    0.9642       212

    accuracy                         0.8800       400
   macro avg     0.7631    0.7425    0.7476       400
weighted avg     0.8865    0.8800    0.8809       400

Validation Loss: 0.3201868236064911
              precision    recall  f1-score   support

           0     0.9500    0.8261    0.8837        23
           2     0.8182    0.9000    0.8571        30
           4     0.5714    0.5000    0.5333         8
           5     0.7647    0.7222    0.7429        18
           6     0.8400    0.7778    0.8077        54
           7     0.7170    0.6909    0.7037        55
           9     0.9364    0.9717    0.9537       212

    accuracy                         0.8725       400
   macro avg     0.7997    0.7698    0.7832       400
weighted avg     0.8701    0.8725    0.8705       400

Validation Loss: 0.35590963065624237
              precision    recall  f1-score   support

           0     1.0000    0.6957    0.8205        23
           2     0.7000    0.9333    0.8000        30
           4     0.2500    0.1250    0.1667         8
           5     0.8182    0.5000    0.6207        18
           6     0.7719    0.8148    0.7928        54
           7     0.7292    0.6364    0.6796        55
           9     0.9196    0.9717    0.9450       212

    accuracy                         0.8475       400
   macro avg     0.7413    0.6681    0.6893       400
weighted avg     0.8437    0.8475    0.8397       400

Validation Loss: 0.3423735648393631
              precision    recall  f1-score   support

           0     0.9500    0.8261    0.8837        23
           2     0.8000    0.9333    0.8615        30
           4     0.3750    0.3750    0.3750         8
           5     0.8000    0.6667    0.7273        18
           6     0.7895    0.8333    0.8108        54
           7     0.7907    0.6182    0.6939        55
           9     0.9279    0.9717    0.9493       212

    accuracy                         0.8675       400
   macro avg     0.7762    0.7463    0.7574       400
weighted avg     0.8652    0.8675    0.8637       400

Validation Loss: 0.3114960491657257
              precision    recall  f1-score   support

           0     0.9500    0.8261    0.8837        23
           2     0.7714    0.9000    0.8308        30
           4     0.3750    0.3750    0.3750         8
           5     0.7059    0.6667    0.6857        18
           6     0.8364    0.8519    0.8440        54
           7     0.8333    0.7273    0.7767        55
           9     0.9493    0.9717    0.9604       212

    accuracy                         0.8825       400
   macro avg     0.7745    0.7598    0.7652       400
weighted avg     0.8824    0.8825    0.8812       400

Validation Loss: 0.3236056715250015
              precision    recall  f1-score   support

           0     1.0000    0.8261    0.9048        23
           2     0.7368    0.9333    0.8235        30
           4     0.2222    0.2500    0.2353         8
           5     0.8182    0.5000    0.6207        18
           6     0.7931    0.8519    0.8214        54
           7     0.8163    0.7273    0.7692        55
           9     0.9537    0.9717    0.9626       212

    accuracy                         0.8750       400
   macro avg     0.7629    0.7229    0.7339       400
weighted avg     0.8788    0.8750    0.8733       400

Validation Loss: 0.32525767385959625
              precision    recall  f1-score   support

           0     1.0000    0.6522    0.7895        23
           2     0.7368    0.9333    0.8235        30
           4     0.5000    0.3750    0.4286         8
           5     0.8000    0.4444    0.5714        18
           6     0.7101    0.9074    0.7967        54
           7     0.7458    0.8000    0.7719        55
           9     0.9803    0.9387    0.9590       212

    accuracy                         0.8650       400
   macro avg     0.7819    0.7216    0.7344       400
weighted avg     0.8767    0.8650    0.8634       400

Validation Loss: 0.32740461826324463
              precision    recall  f1-score   support

           0     1.0000    0.7826    0.8780        23
           2     0.7879    0.8667    0.8254        30
           4     0.3000    0.3750    0.3333         8
           5     0.6667    0.5556    0.6061        18
           6     0.7302    0.8519    0.7863        54
           7     0.7600    0.6909    0.7238        55
           9     0.9573    0.9528    0.9551       212

    accuracy                         0.8575       400
   macro avg     0.7432    0.7251    0.7297       400
weighted avg     0.8631    0.8575    0.8582       400

Validation Loss: 0.3411082327365875
              precision    recall  f1-score   support

           0     0.9444    0.7391    0.8293        23
           2     0.7714    0.9000    0.8308        30
           4     0.5000    0.6250    0.5556         8
           5     0.8000    0.6667    0.7273        18
           6     0.8214    0.8519    0.8364        54
           7     0.7400    0.6727    0.7048        55
           9     0.9398    0.9575    0.9486       212

    accuracy                         0.8675       400
   macro avg     0.7882    0.7733    0.7761       400
weighted avg     0.8689    0.8675    0.8664       400

Validation Loss: 0.3386954218149185
              precision    recall  f1-score   support

           0     0.9500    0.8261    0.8837        23
           2     0.7179    0.9333    0.8116        30
           4     0.2000    0.1250    0.1538         8
           5     0.8333    0.5556    0.6667        18
           6     0.7895    0.8333    0.8108        54
           7     0.7556    0.6182    0.6800        55
           9     0.9234    0.9670    0.9447       212

    accuracy                         0.8550       400
   macro avg     0.7385    0.6941    0.7073       400
weighted avg     0.8499    0.8550    0.8484       400

Validation Loss: 0.3343854993581772
              precision    recall  f1-score   support

           0     0.8636    0.8261    0.8444        23
           2     0.6923    0.9000    0.7826        30
           4     0.2000    0.1250    0.1538         8
           5     0.7059    0.6667    0.6857        18
           6     0.8269    0.7963    0.8113        54
           7     0.8000    0.6545    0.7200        55
           9     0.9364    0.9717    0.9537       212

    accuracy                         0.8600       400
   macro avg     0.7179    0.7058    0.7074       400
weighted avg     0.8553    0.8600    0.8552       400

Validation Loss: 0.3533261567354202
              precision    recall  f1-score   support

           0     0.9091    0.8696    0.8889        23
           2     0.6923    0.9000    0.7826        30
           4     0.0000    0.0000    0.0000         8
           5     0.5882    0.5556    0.5714        18
           6     0.8077    0.7778    0.7925        54
           7     0.8043    0.6727    0.7327        55
           9     0.9447    0.9670    0.9557       212

    accuracy                         0.8525       400
   macro avg     0.6781    0.6775    0.6748       400
weighted avg     0.8510    0.8525    0.8498       400

Validation Loss: 0.3801605552434921
              precision    recall  f1-score   support

           0     0.8636    0.8261    0.8444        23
           2     0.6136    0.9000    0.7297        30
           4     0.1429    0.1250    0.1333         8
           5     0.6923    0.5000    0.5806        18
           6     0.8235    0.7778    0.8000        54
           7     0.7885    0.7455    0.7664        55
           9     0.9573    0.9528    0.9551       212

    accuracy                         0.8525       400
   macro avg     0.6974    0.6896    0.6871       400
weighted avg     0.8567    0.8525    0.8516       400

Validation Loss: 0.3926156014204025
              precision    recall  f1-score   support

           0     0.8400    0.9130    0.8750        23
           2     0.6410    0.8333    0.7246        30
           4     0.1429    0.1250    0.1333         8
           5     0.7273    0.4444    0.5517        18
           6     0.8235    0.7778    0.8000        54
           7     0.8095    0.6182    0.7010        55
           9     0.9244    0.9811    0.9519       212

    accuracy                         0.8475       400
   macro avg     0.7012    0.6704    0.6768       400
weighted avg     0.8444    0.8475    0.8411       400

Validation Loss: 0.3050359785556793
              precision    recall  f1-score   support

           0     0.9500    0.8261    0.8837        23
           2     0.7297    0.9000    0.8060        30
           4     0.1667    0.1250    0.1429         8
           5     0.8667    0.7222    0.7879        18
           6     0.8333    0.8333    0.8333        54
           7     0.7917    0.6909    0.7379        55
           9     0.9409    0.9764    0.9583       212

    accuracy                         0.8750       400
   macro avg     0.7541    0.7249    0.7357       400
weighted avg     0.8717    0.8750    0.8714       400

Validation Loss: 0.3383544981479645
              precision    recall  f1-score   support

           0     1.0000    0.7826    0.8780        23
           2     0.7179    0.9333    0.8116        30
           4     0.2500    0.2500    0.2500         8
           5     0.9091    0.5556    0.6897        18
           6     0.8302    0.8148    0.8224        54
           7     0.7708    0.6727    0.7184        55
           9     0.9283    0.9764    0.9517       212

    accuracy                         0.8650       400
   macro avg     0.7723    0.7122    0.7317       400
weighted avg     0.8673    0.8650    0.8616       400

Validation Loss: 0.34605833888053894
              precision    recall  f1-score   support

           0     1.0000    0.7826    0.8780        23
           2     0.7632    0.9667    0.8529        30
           4     0.4286    0.3750    0.4000         8
           5     0.7500    0.6667    0.7059        18
           6     0.8125    0.7222    0.7647        54
           7     0.7091    0.7091    0.7091        55
           9     0.9404    0.9670    0.9535       212

    accuracy                         0.8625       400
   macro avg     0.7720    0.7413    0.7520       400
weighted avg     0.8626    0.8625    0.8603       400

Validation Loss: 0.31613610684871674
              precision    recall  f1-score   support

           0     1.0000    0.7826    0.8780        23
           2     0.7568    0.9333    0.8358        30
           4     0.5000    0.3750    0.4286         8
           5     0.7647    0.7222    0.7429        18
           6     0.8036    0.8333    0.8182        54
           7     0.7679    0.7818    0.7748        55
           9     0.9667    0.9575    0.9621       212

    accuracy                         0.8825       400
   macro avg     0.7942    0.7694    0.7772       400
weighted avg     0.8851    0.8825    0.8821       400

Validation Loss: 0.3295838087797165
              precision    recall  f1-score   support

           0     0.9048    0.8261    0.8636        23
           2     0.7429    0.8667    0.8000        30
           4     0.1429    0.1250    0.1333         8
           5     0.7059    0.6667    0.6857        18
           6     0.8214    0.8519    0.8364        54
           7     0.7843    0.7273    0.7547        55
           9     0.9531    0.9575    0.9553       212

    accuracy                         0.8675       400
   macro avg     0.7222    0.7173    0.7184       400
weighted avg     0.8662    0.8675    0.8662       400

Validation Loss: 0.3258037269115448
              precision    recall  f1-score   support

           0     0.9524    0.8696    0.9091        23
           2     0.8182    0.9000    0.8571        30
           4     0.5714    0.5000    0.5333         8
           5     0.8125    0.7222    0.7647        18
           6     0.8182    0.8333    0.8257        54
           7     0.8182    0.6545    0.7273        55
           9     0.9286    0.9811    0.9541       212

    accuracy                         0.8825       400
   macro avg     0.8171    0.7801    0.7959       400
weighted avg     0.8792    0.8825    0.8788       400

Validation Loss: 0.32653962075710297
              precision    recall  f1-score   support

           0     0.8636    0.8261    0.8444        23
           2     0.7576    0.8333    0.7937        30
           4     0.3333    0.3750    0.3529         8
           5     0.9167    0.6111    0.7333        18
           6     0.8036    0.8333    0.8182        54
           7     0.7885    0.7455    0.7664        55
           9     0.9537    0.9717    0.9626       212

    accuracy                         0.8750       400
   macro avg     0.7738    0.7423    0.7531       400
weighted avg     0.8768    0.8750    0.8742       400

Validation Loss: 0.3272637873888016
              precision    recall  f1-score   support

           0     0.9500    0.8261    0.8837        23
           2     0.6585    0.9000    0.7606        30
           4     0.0000    0.0000    0.0000         8
           5     0.8462    0.6111    0.7097        18
           6     0.8214    0.8519    0.8364        54
           7     0.7800    0.7091    0.7429        55
           9     0.9488    0.9623    0.9555       212

    accuracy                         0.8650       400
   macro avg     0.7150    0.6943    0.6984       400
weighted avg     0.8631    0.8650    0.8613       400

Validation Loss: 0.3447469472885132
              precision    recall  f1-score   support

           0     1.0000    0.8261    0.9048        23
           2     0.7778    0.9333    0.8485        30
           4     0.3750    0.3750    0.3750         8
           5     0.7333    0.6111    0.6667        18
           6     0.8235    0.7778    0.8000        54
           7     0.7447    0.6364    0.6863        55
           9     0.9241    0.9764    0.9495       212

    accuracy                         0.8625       400
   macro avg     0.7683    0.7337    0.7472       400
weighted avg     0.8597    0.8625    0.8588       400

Validation Loss: 0.3652355968952179
              precision    recall  f1-score   support

           0     0.8750    0.9130    0.8936        23
           2     0.8333    0.8333    0.8333        30
           4     0.4000    0.5000    0.4444         8
           5     0.7647    0.7222    0.7429        18
           6     0.8478    0.7222    0.7800        54
           7     0.7209    0.5636    0.6327        55
           9     0.9087    0.9858    0.9457       212

    accuracy                         0.8550       400
   macro avg     0.7644    0.7486    0.7532       400
weighted avg     0.8504    0.8550    0.8497       400

Validation Loss: 0.3362763673067093
              precision    recall  f1-score   support

           0     0.8750    0.9130    0.8936        23
           2     0.7143    0.8333    0.7692        30
           4     0.1250    0.1250    0.1250         8
           5     0.7692    0.5556    0.6452        18
           6     0.8000    0.8148    0.8073        54
           7     0.8140    0.6364    0.7143        55
           9     0.9324    0.9764    0.9539       212

    accuracy                         0.8575       400
   macro avg     0.7186    0.6935    0.7012       400
weighted avg     0.8551    0.8575    0.8534       400

Validation Loss: 0.33228424191474915
              precision    recall  f1-score   support

           0     0.8636    0.8261    0.8444        23
           2     0.7812    0.8333    0.8065        30
           4     0.3333    0.3750    0.3529         8
           5     0.7692    0.5556    0.6452        18
           6     0.8148    0.8148    0.8148        54
           7     0.7674    0.6000    0.6735        55
           9     0.9163    0.9811    0.9476       212

    accuracy                         0.8550       400
   macro avg     0.7494    0.7123    0.7264       400
weighted avg     0.8507    0.8550    0.8500       400

Validation Loss: 0.30973826348781586
              precision    recall  f1-score   support

           0     0.8696    0.8696    0.8696        23
           2     0.7812    0.8333    0.8065        30
           4     0.4167    0.6250    0.5000         8
           5     0.8571    0.6667    0.7500        18
           6     0.8000    0.8148    0.8073        54
           7     0.7885    0.7455    0.7664        55
           9     0.9623    0.9623    0.9623       212

    accuracy                         0.8775       400
   macro avg     0.7822    0.7882    0.7803       400
weighted avg     0.8819    0.8775    0.8786       400

Validation Loss: 0.3531542420387268
              precision    recall  f1-score   support

           0     1.0000    0.8261    0.9048        23
           2     0.7568    0.9333    0.8358        30
           4     0.3077    0.5000    0.3810         8
           5     0.7500    0.5000    0.6000        18
           6     0.8113    0.7963    0.8037        54
           7     0.7708    0.6727    0.7184        55
           9     0.9358    0.9623    0.9488       212

    accuracy                         0.8600       400
   macro avg     0.7618    0.7415    0.7418       400
weighted avg     0.8656    0.8600    0.8595       400

Validation Loss: 0.35914283990859985
              precision    recall  f1-score   support

           0     0.9524    0.8696    0.9091        23
           2     0.7838    0.9667    0.8657        30
           4     0.2727    0.3750    0.3158         8
           5     0.6667    0.6667    0.6667        18
           6     0.8723    0.7593    0.8119        54
           7     0.8000    0.6545    0.7200        55
           9     0.9321    0.9717    0.9515       212

    accuracy                         0.8675       400
   macro avg     0.7543    0.7519    0.7487       400
weighted avg     0.8708    0.8675    0.8664       400

Validation Loss: 0.37758369743824005
              precision    recall  f1-score   support

           0     0.9091    0.8696    0.8889        23
           2     0.6512    0.9333    0.7671        30
           4     0.2000    0.1250    0.1538         8
           5     0.7500    0.6667    0.7059        18
           6     0.8235    0.7778    0.8000        54
           7     0.7949    0.5636    0.6596        55
           9     0.9196    0.9717    0.9450       212

    accuracy                         0.8500       400
   macro avg     0.7212    0.7011    0.7029       400
weighted avg     0.8467    0.8500    0.8430       400

Validation Loss: 0.32380765676498413
              precision    recall  f1-score   support

           0     1.0000    0.8261    0.9048        23
           2     0.7436    0.9667    0.8406        30
           4     0.3333    0.2500    0.2857         8
           5     0.8125    0.7222    0.7647        18
           6     0.8333    0.8333    0.8333        54
           7     0.7755    0.6909    0.7308        55
           9     0.9447    0.9670    0.9557       212

    accuracy                         0.8775       400
   macro avg     0.7776    0.7509    0.7594       400
weighted avg     0.8763    0.8775    0.8747       400

Validation Loss: 0.32929566502571106
              precision    recall  f1-score   support

           0     1.0000    0.7391    0.8500        23
           2     0.7000    0.9333    0.8000        30
           4     0.1667    0.1250    0.1429         8
           5     0.8667    0.7222    0.7879        18
           6     0.7833    0.8704    0.8246        54
           7     0.7358    0.7091    0.7222        55
           9     0.9617    0.9481    0.9549       212

    accuracy                         0.8650       400
   macro avg     0.7449    0.7210    0.7261       400
weighted avg     0.8690    0.8650    0.8639       400

Validation Loss: 0.3077365756034851
              precision    recall  f1-score   support

           0     1.0000    0.8261    0.9048        23
           2     0.7778    0.9333    0.8485        30
           4     0.5000    0.5000    0.5000         8
           5     0.7500    0.6667    0.7059        18
           6     0.8545    0.8704    0.8624        54
           7     0.7925    0.7636    0.7778        55
           9     0.9531    0.9575    0.9553       212

    accuracy                         0.8875       400
   macro avg     0.8040    0.7882    0.7935       400
weighted avg     0.8890    0.8875    0.8871       400

Validation Loss: 0.3157012462615967
              precision    recall  f1-score   support

           0     1.0000    0.7391    0.8500        23
           2     0.7568    0.9333    0.8358        30
           4     0.5000    0.3750    0.4286         8
           5     0.7500    0.5000    0.6000        18
           6     0.7541    0.8519    0.8000        54
           7     0.7414    0.7818    0.7611        55
           9     0.9617    0.9481    0.9549       212

    accuracy                         0.8675       400
   macro avg     0.7806    0.7327    0.7472       400
weighted avg     0.8715    0.8675    0.8659       400

Validation Loss: 0.3137713298201561
              precision    recall  f1-score   support

           0     0.9545    0.9130    0.9333        23
           2     0.7941    0.9000    0.8438        30
           4     0.3000    0.3750    0.3333         8
           5     0.8571    0.6667    0.7500        18
           6     0.8246    0.8704    0.8468        54
           7     0.7797    0.8364    0.8070        55
           9     0.9804    0.9434    0.9615       212

    accuracy                         0.8900       400
   macro avg     0.7843    0.7864    0.7823       400
weighted avg     0.8971    0.8900    0.8923       400

Validation Loss: 0.32921163737773895
              precision    recall  f1-score   support

           0     1.0000    0.8261    0.9048        23
           2     0.7568    0.9333    0.8358        30
           4     0.2500    0.1250    0.1667         8
           5     0.8571    0.6667    0.7500        18
           6     0.7742    0.8889    0.8276        54
           7     0.7500    0.7091    0.7290        55
           9     0.9528    0.9528    0.9528       212

    accuracy                         0.8725       400
   macro avg     0.7630    0.7288    0.7381       400
weighted avg     0.8705    0.8725    0.8688       400

Validation Loss: 0.34597858786582947
              precision    recall  f1-score   support

           0     1.0000    0.7391    0.8500        23
           2     0.7778    0.9333    0.8485        30
           4     0.5714    0.5000    0.5333         8
           5     0.7857    0.6111    0.6875        18
           6     0.8182    0.8333    0.8257        54
           7     0.8043    0.6727    0.7327        55
           9     0.9244    0.9811    0.9519       212

    accuracy                         0.8750       400
   macro avg     0.8117    0.7530    0.7757       400
weighted avg     0.8736    0.8750    0.8709       400

Validation Loss: 0.31753623485565186
              precision    recall  f1-score   support

           0     0.9091    0.8696    0.8889        23
           2     0.8387    0.8667    0.8525        30
           4     0.4286    0.3750    0.4000         8
           5     0.7500    0.8333    0.7895        18
           6     0.8913    0.7593    0.8200        54
           7     0.6909    0.6909    0.6909        55
           9     0.9315    0.9623    0.9466       212

    accuracy                         0.8675       400
   macro avg     0.7772    0.7653    0.7698       400
weighted avg     0.8665    0.8675    0.8660       400

Validation Loss: 0.32426367700099945
              precision    recall  f1-score   support

           0     0.9524    0.8696    0.9091        23
           2     0.8438    0.9000    0.8710        30
           4     0.4444    0.5000    0.4706         8
           5     0.8571    0.6667    0.7500        18
           6     0.8036    0.8333    0.8182        54
           7     0.7400    0.6727    0.7048        55
           9     0.9358    0.9623    0.9488       212

    accuracy                         0.8725       400
   macro avg     0.7967    0.7721    0.7818       400
weighted avg     0.8717    0.8725    0.8710       400

Validation Loss: 0.3412400186061859
              precision    recall  f1-score   support

           0     0.9091    0.8696    0.8889        23
           2     0.7879    0.8667    0.8254        30
           4     0.4286    0.3750    0.4000         8
           5     0.8125    0.7222    0.7647        18
           6     0.8600    0.7963    0.8269        54
           7     0.7292    0.6364    0.6796        55
           9     0.9196    0.9717    0.9450       212

    accuracy                         0.8650       400
   macro avg     0.7781    0.7483    0.7615       400
weighted avg     0.8603    0.8650    0.8613       400

Validation Loss: 0.343047097325325
              precision    recall  f1-score   support

           0     1.0000    0.8261    0.9048        23
           2     0.6905    0.9667    0.8056        30
           4     0.1111    0.1250    0.1176         8
           5     0.8000    0.6667    0.7273        18
           6     0.8542    0.7593    0.8039        54
           7     0.7288    0.7818    0.7544        55
           9     0.9663    0.9481    0.9571       212

    accuracy                         0.8650       400
   macro avg     0.7358    0.7248    0.7244       400
weighted avg     0.8752    0.8650    0.8671       400

Validation Loss: 0.34868066012859344
              precision    recall  f1-score   support

           0     0.9412    0.6957    0.8000        23
           2     0.6905    0.9667    0.8056        30
           4     0.2500    0.2500    0.2500         8
           5     0.8889    0.4444    0.5926        18
           6     0.8039    0.7593    0.7810        54
           7     0.7018    0.7273    0.7143        55
           9     0.9491    0.9670    0.9579       212

    accuracy                         0.8525       400
   macro avg     0.7465    0.6872    0.7002       400
weighted avg     0.8589    0.8525    0.8494       400

Validation Loss: 0.34662094712257385
              precision    recall  f1-score   support

           0     0.9091    0.8696    0.8889        23
           2     0.7647    0.8667    0.8125        30
           4     0.3333    0.3750    0.3529         8
           5     0.9000    0.5000    0.6429        18
           6     0.8113    0.7963    0.8037        54
           7     0.7083    0.6182    0.6602        55
           9     0.9196    0.9717    0.9450       212

    accuracy                         0.8525       400
   macro avg     0.7638    0.7139    0.7294       400
weighted avg     0.8511    0.8525    0.8481       400

Validation Loss: 0.35119378566741943
              precision    recall  f1-score   support

           0     0.9474    0.7826    0.8571        23
           2     0.7714    0.9000    0.8308        30
           4     0.2727    0.3750    0.3158         8
           5     0.6429    0.5000    0.5625        18
           6     0.7800    0.7222    0.7500        54
           7     0.7308    0.6909    0.7103        55
           9     0.9406    0.9717    0.9559       212

    accuracy                         0.8500       400
   macro avg     0.7265    0.7061    0.7118       400
weighted avg     0.8510    0.8500    0.8488       400

Validation Loss: 0.3439711034297943
              precision    recall  f1-score   support

           0     0.9048    0.8261    0.8636        23
           2     0.7027    0.8667    0.7761        30
           4     0.1250    0.1250    0.1250         8
           5     0.6842    0.7222    0.7027        18
           6     0.8696    0.7407    0.8000        54
           7     0.7442    0.5818    0.6531        55
           9     0.9159    0.9764    0.9452       212

    accuracy                         0.8450       400
   macro avg     0.7066    0.6913    0.6951       400
weighted avg     0.8432    0.8450    0.8407       400

Validation Loss: 0.3475247472524643
              precision    recall  f1-score   support

           0     1.0000    0.7826    0.8780        23
           2     0.7778    0.9333    0.8485        30
           4     0.4444    0.5000    0.4706         8
           5     0.7857    0.6111    0.6875        18
           6     0.7778    0.7778    0.7778        54
           7     0.7400    0.6727    0.7048        55
           9     0.9406    0.9717    0.9559       212

    accuracy                         0.8650       400
   macro avg     0.7809    0.7499    0.7604       400
weighted avg     0.8654    0.8650    0.8630       400

Validation Loss: 0.3247139900922775
              precision    recall  f1-score   support

           0     0.9048    0.8261    0.8636        23
           2     0.8125    0.8667    0.8387        30
           4     0.4286    0.3750    0.4000         8
           5     0.6667    0.4444    0.5333        18
           6     0.7719    0.8148    0.7928        54
           7     0.7660    0.6545    0.7059        55
           9     0.9286    0.9811    0.9541       212

    accuracy                         0.8600       400
   macro avg     0.7541    0.7090    0.7269       400
weighted avg     0.8532    0.8600    0.8543       400

Validation Loss: 0.3988260477781296
              precision    recall  f1-score   support

           0     1.0000    0.7391    0.8500        23
           2     0.7778    0.9333    0.8485        30
           4     0.3636    0.5000    0.4211         8
           5     0.6667    0.5556    0.6061        18
           6     0.8085    0.7037    0.7525        54
           7     0.7045    0.5636    0.6263        55
           9     0.9087    0.9858    0.9457       212

    accuracy                         0.8425       400
   macro avg     0.7471    0.7116    0.7214       400
weighted avg     0.8407    0.8425    0.8371       400

Validation Loss: 0.31154604256153107
              precision    recall  f1-score   support

           0     0.9048    0.8261    0.8636        23
           2     0.7500    0.9000    0.8182        30
           4     0.5000    0.2500    0.3333         8
           5     0.8462    0.6111    0.7097        18
           6     0.7581    0.8704    0.8103        54
           7     0.7500    0.6000    0.6667        55
           9     0.9318    0.9670    0.9491       212

    accuracy                         0.8600       400
   macro avg     0.7773    0.7178    0.7358       400
weighted avg     0.8557    0.8600    0.8537       400

Validation Loss: 0.32357409596443176
              precision    recall  f1-score   support

           0     1.0000    0.7826    0.8780        23
           2     0.7568    0.9333    0.8358        30
           4     0.2857    0.2500    0.2667         8
           5     0.8182    0.5000    0.6207        18
           6     0.7541    0.8519    0.8000        54
           7     0.7069    0.7455    0.7257        55
           9     0.9567    0.9387    0.9476       212

    accuracy                         0.8575       400
   macro avg     0.7541    0.7146    0.7249       400
weighted avg     0.8629    0.8575    0.8565       400

Validation Loss: 0.3169656991958618
              precision    recall  f1-score   support

           0     0.9048    0.8261    0.8636        23
           2     0.7105    0.9000    0.7941        30
           4     0.5000    0.2500    0.3333         8
           5     0.8235    0.7778    0.8000        18
           6     0.8302    0.8148    0.8224        54
           7     0.7674    0.6000    0.6735        55
           9     0.9196    0.9717    0.9450       212

    accuracy                         0.8625       400
   macro avg     0.7794    0.7343    0.7474       400
weighted avg     0.8574    0.8625    0.8563       400

Validation Loss: 0.3279149979352951
              precision    recall  f1-score   support

           0     0.9474    0.7826    0.8571        23
           2     0.7179    0.9333    0.8116        30
           4     0.3333    0.2500    0.2857         8
           5     0.7222    0.7222    0.7222        18
           6     0.8235    0.7778    0.8000        54
           7     0.7778    0.7636    0.7706        55
           9     0.9577    0.9623    0.9600       212

    accuracy                         0.8725       400
   macro avg     0.7543    0.7417    0.7439       400
weighted avg     0.8732    0.8725    0.8711       400

Validation Loss: 0.3316565901041031
              precision    recall  f1-score   support

           0     0.8400    0.9130    0.8750        23
           2     0.7500    0.8000    0.7742        30
           4     0.4286    0.3750    0.4000         8
           5     0.6842    0.7222    0.7027        18
           6     0.8491    0.8333    0.8411        54
           7     0.8085    0.6909    0.7451        55
           9     0.9447    0.9670    0.9557       212

    accuracy                         0.8725       400
   macro avg     0.7579    0.7574    0.7563       400
weighted avg     0.8704    0.8725    0.8705       400

Validation Loss: 0.32219767570495605
              precision    recall  f1-score   support

           0     0.9091    0.8696    0.8889        23
           2     0.8125    0.8667    0.8387        30
           4     0.3333    0.2500    0.2857         8
           5     0.8462    0.6111    0.7097        18
           6     0.7895    0.8333    0.8108        54
           7     0.7455    0.7455    0.7455        55
           9     0.9488    0.9623    0.9555       212

    accuracy                         0.8725       400
   macro avg     0.7693    0.7341    0.7478       400
weighted avg     0.8699    0.8725    0.8700       400

Validation Loss: 0.316862016916275
              precision    recall  f1-score   support

           0     1.0000    0.8261    0.9048        23
           2     0.7568    0.9333    0.8358        30
           4     0.5000    0.3750    0.4286         8
           5     0.8125    0.7222    0.7647        18
           6     0.8364    0.8519    0.8440        54
           7     0.7586    0.8000    0.7788        55
           9     0.9665    0.9528    0.9596       212

    accuracy                         0.8875       400
   macro avg     0.8044    0.7802    0.7880       400
weighted avg     0.8903    0.8875    0.8873       400

Validation Loss: 0.3430304378271103
              precision    recall  f1-score   support

           0     0.9524    0.8696    0.9091        23
           2     0.7941    0.9000    0.8438        30
           4     0.3571    0.6250    0.4545         8
           5     0.7273    0.4444    0.5517        18
           6     0.8113    0.7963    0.8037        54
           7     0.7647    0.7091    0.7358        55
           9     0.9444    0.9623    0.9533       212

    accuracy                         0.8650       400
   macro avg     0.7645    0.7581    0.7503       400
weighted avg     0.8694    0.8650    0.8644       400

Validation Loss: 0.32100510597229004
              precision    recall  f1-score   support

           0     1.0000    0.7826    0.8780        23
           2     0.7568    0.9333    0.8358        30
           4     0.2222    0.2500    0.2353         8
           5     0.6364    0.7778    0.7000        18
           6     0.8542    0.7593    0.8039        54
           7     0.7800    0.7091    0.7429        55
           9     0.9444    0.9623    0.9533       212

    accuracy                         0.8650       400
   macro avg     0.7420    0.7392    0.7356       400
weighted avg     0.8705    0.8650    0.8653       400

Validation Loss: 0.35175108909606934
              precision    recall  f1-score   support

           0     0.9091    0.8696    0.8889        23
           2     0.7297    0.9000    0.8060        30
           4     0.0000    0.0000    0.0000         8
           5     0.7143    0.5556    0.6250        18
           6     0.7857    0.8148    0.8000        54
           7     0.7600    0.6909    0.7238        55
           9     0.9531    0.9575    0.9553       212

    accuracy                         0.8550       400
   macro avg     0.6931    0.6841    0.6856       400
weighted avg     0.8548    0.8550    0.8535       400

Validation Loss: 0.31465376913547516
              precision    recall  f1-score   support

           0     0.9524    0.8696    0.9091        23
           2     0.7297    0.9000    0.8060        30
           4     0.3333    0.2500    0.2857         8
           5     0.8571    0.6667    0.7500        18
           6     0.8627    0.8148    0.8381        54
           7     0.7660    0.6545    0.7059        55
           9     0.9241    0.9764    0.9495       212

    accuracy                         0.8700       400
   macro avg     0.7751    0.7331    0.7492       400
weighted avg     0.8663    0.8700    0.8656       400

Validation Loss: 0.398897722363472
              precision    recall  f1-score   support

           0     1.0000    0.8261    0.9048        23
           2     0.8056    0.9667    0.8788        30
           4     0.4286    0.3750    0.4000         8
           5     0.7500    0.5000    0.6000        18
           6     0.8043    0.6852    0.7400        54
           7     0.6531    0.5818    0.6154        55
           9     0.9048    0.9858    0.9436       212

    accuracy                         0.8450       400
   macro avg     0.7638    0.7029    0.7261       400
weighted avg     0.8381    0.8450    0.8375       400

Validation Loss: 0.39096228778362274
              precision    recall  f1-score   support

           0     1.0000    0.8696    0.9302        23
           2     0.8485    0.9333    0.8889        30
           4     0.5000    0.6250    0.5556         8
           5     0.9091    0.5556    0.6897        18
           6     0.7727    0.6296    0.6939        54
           7     0.5962    0.5636    0.5794        55
           9     0.9043    0.9811    0.9412       212

    accuracy                         0.8400       400
   macro avg     0.7901    0.7368    0.7541       400
weighted avg     0.8376    0.8400    0.8345       400

Validation Loss: 0.3371403068304062
              precision    recall  f1-score   support

           0     1.0000    0.8261    0.9048        23
           2     0.7568    0.9333    0.8358        30
           4     0.2000    0.1250    0.1538         8
           5     0.7692    0.5556    0.6452        18
           6     0.7778    0.7778    0.7778        54
           7     0.7059    0.6545    0.6792        55
           9     0.9321    0.9717    0.9515       212

    accuracy                         0.8550       400
   macro avg     0.7345    0.6920    0.7069       400
weighted avg     0.8490    0.8550    0.8495       400

Validation Loss: 0.33293846249580383
              precision    recall  f1-score   support

           0     0.9130    0.9130    0.9130        23
           2     0.8667    0.8667    0.8667        30
           4     0.4286    0.3750    0.4000         8
           5     0.6250    0.5556    0.5882        18
           6     0.7959    0.7222    0.7573        54
           7     0.7170    0.6909    0.7037        55
           9     0.9324    0.9764    0.9539       212

    accuracy                         0.8600       400
   macro avg     0.7541    0.7285    0.7404       400
weighted avg     0.8544    0.8600    0.8565       400

Validation Loss: 0.3803655356168747
              precision    recall  f1-score   support

           0     0.9474    0.7826    0.8571        23
           2     0.7368    0.9333    0.8235        30
           4     0.5000    0.3750    0.4286         8
           5     0.8182    0.5000    0.6207        18
           6     0.8000    0.7407    0.7692        54
           7     0.6744    0.5273    0.5918        55
           9     0.8970    0.9858    0.9393       212

    accuracy                         0.8400       400
   macro avg     0.7677    0.6921    0.7186       400
weighted avg     0.8327    0.8400    0.8306       400

Validation Loss: 0.35144345462322235
              precision    recall  f1-score   support

           0     0.9524    0.8696    0.9091        23
           2     0.8182    0.9000    0.8571        30
           4     0.3636    0.5000    0.4211         8
           5     0.7500    0.6667    0.7059        18
           6     0.8235    0.7778    0.8000        54
           7     0.7021    0.6000    0.6471        55
           9     0.9231    0.9623    0.9423       212

    accuracy                         0.8550       400
   macro avg     0.7618    0.7538    0.7546       400
weighted avg     0.8541    0.8550    0.8531       400

Validation Loss: 0.41615016758441925
              precision    recall  f1-score   support

           0     0.9524    0.8696    0.9091        23
           2     0.8182    0.9000    0.8571        30
           4     0.5000    0.5000    0.5000         8
           5     0.8889    0.4444    0.5926        18
           6     0.7209    0.5741    0.6392        54
           7     0.5769    0.5455    0.5607        55
           9     0.8932    0.9858    0.9372       212

    accuracy                         0.8225       400
   macro avg     0.7644    0.6885    0.7137       400
weighted avg     0.8162    0.8225    0.8133       400

Validation Loss: 0.3893347829580307
              precision    recall  f1-score   support

           0     0.9048    0.8261    0.8636        23
           2     0.7429    0.8667    0.8000        30
           4     0.4286    0.3750    0.4000         8
           5     0.8462    0.6111    0.7097        18
           6     0.8085    0.7037    0.7525        54
           7     0.6500    0.4727    0.5474        55
           9     0.8861    0.9906    0.9354       212

    accuracy                         0.8325       400
   macro avg     0.7524    0.6923    0.7155       400
weighted avg     0.8225    0.8325    0.8222       400

Validation Loss: 0.3960827887058258
              precision    recall  f1-score   support

           0     1.0000    0.7826    0.8780        23
           2     0.7250    0.9667    0.8286        30
           4     0.5000    0.3750    0.4286         8
           5     1.0000    0.6111    0.7586        18
           6     0.8200    0.7593    0.7885        54
           7     0.6667    0.5455    0.6000        55
           9     0.9000    0.9764    0.9367       212

    accuracy                         0.8475       400
   macro avg     0.8017    0.7166    0.7456       400
weighted avg     0.8462    0.8475    0.8407       400

Validation Loss: 0.4037441313266754
              precision    recall  f1-score   support

           0     1.0000    0.8261    0.9048        23
           2     0.8000    0.9333    0.8615        30
           4     0.4000    0.2500    0.3077         8
           5     0.5789    0.6111    0.5946        18
           6     0.8043    0.6852    0.7400        54
           7     0.6889    0.5636    0.6200        55
           9     0.9004    0.9811    0.9391       212

    accuracy                         0.8400       400
   macro avg     0.7389    0.6929    0.7097       400
weighted avg     0.8321    0.8400    0.8324       400

Validation Loss: 0.35312217473983765
              precision    recall  f1-score   support

           0     0.9524    0.8696    0.9091        23
           2     0.8182    0.9000    0.8571        30
           4     0.4444    0.5000    0.4706         8
           5     0.9091    0.5556    0.6897        18
           6     0.8077    0.7778    0.7925        54
           7     0.6957    0.5818    0.6337        55
           9     0.9079    0.9764    0.9409       212

    accuracy                         0.8550       400
   macro avg     0.7908    0.7373    0.7562       400
weighted avg     0.8518    0.8550    0.8498       400

Validation Loss: 0.4120665490627289
              precision    recall  f1-score   support

           0     0.9048    0.8261    0.8636        23
           2     0.7647    0.8667    0.8125        30
           4     0.2000    0.1250    0.1538         8
           5     0.8333    0.5556    0.6667        18
           6     0.7391    0.6296    0.6800        54
           7     0.6200    0.5636    0.5905        55
           9     0.9009    0.9858    0.9414       212

    accuracy                         0.8250       400
   macro avg     0.7090    0.6503    0.6727       400
weighted avg     0.8134    0.8250    0.8156       400

Validation Loss: 0.3337938040494919
              precision    recall  f1-score   support

           0     1.0000    0.8261    0.9048        23
           2     0.7778    0.9333    0.8485        30
           4     0.5000    0.3750    0.4286         8
           5     0.9167    0.6111    0.7333        18
           6     0.7736    0.7593    0.7664        54
           7     0.6735    0.6000    0.6346        55
           9     0.9200    0.9764    0.9474       212

    accuracy                         0.8550       400
   macro avg     0.7945    0.7259    0.7519       400
weighted avg     0.8517    0.8550    0.8501       400

Validation Loss: 0.3218756169080734
              precision    recall  f1-score   support

           0     0.9500    0.8261    0.8837        23
           2     0.7941    0.9000    0.8438        30
           4     0.4000    0.2500    0.3077         8
           5     0.7692    0.5556    0.6452        18
           6     0.7759    0.8333    0.8036        54
           7     0.7344    0.8545    0.7899        55
           9     0.9757    0.9481    0.9617       212

    accuracy                         0.8775       400
   macro avg     0.7713    0.7382    0.7479       400
weighted avg     0.8797    0.8775    0.8761       400

Validation Loss: 0.34963689744472504
              precision    recall  f1-score   support

           0     1.0000    0.6957    0.8205        23
           2     0.7568    0.9333    0.8358        30
           4     0.5556    0.6250    0.5882         8
           5     0.8750    0.3889    0.5385        18
           6     0.7636    0.7778    0.7706        54
           7     0.7308    0.6909    0.7103        55
           9     0.9283    0.9764    0.9517       212

    accuracy                         0.8575       400
   macro avg     0.8014    0.7269    0.7451       400
weighted avg     0.8603    0.8575    0.8520       400

Validation Loss: 0.3391481190919876
              precision    recall  f1-score   support

           0     1.0000    0.8261    0.9048        23
           2     0.7778    0.9333    0.8485        30
           4     0.4444    0.5000    0.4706         8
           5     0.9286    0.7222    0.8125        18
           6     0.8667    0.7222    0.7879        54
           7     0.7000    0.7636    0.7304        55
           9     0.9447    0.9670    0.9557       212

    accuracy                         0.8750       400
   macro avg     0.8089    0.7764    0.7872       400
weighted avg     0.8804    0.8750    0.8750       400

Validation Loss: 0.3307691663503647
              precision    recall  f1-score   support

           0     0.9130    0.9130    0.9130        23
           2     0.8387    0.8667    0.8525        30
           4     0.4444    0.5000    0.4706         8
           5     0.7143    0.5556    0.6250        18
           6     0.8462    0.8148    0.8302        54
           7     0.7755    0.6909    0.7308        55
           9     0.9279    0.9717    0.9493       212

    accuracy                         0.8725       400
   macro avg     0.7800    0.7590    0.7673       400
weighted avg     0.8691    0.8725    0.8697       400

Validation Loss: 0.3505293130874634
              precision    recall  f1-score   support

           0     1.0000    0.8261    0.9048        23
           2     0.8235    0.9333    0.8750        30
           4     0.5000    0.6250    0.5556         8
           5     0.8333    0.2778    0.4167        18
           6     0.7500    0.7778    0.7636        54
           7     0.7551    0.6727    0.7115        55
           9     0.9204    0.9811    0.9498       212

    accuracy                         0.8600       400
   macro avg     0.7975    0.7277    0.7396       400
weighted avg     0.8596    0.8600    0.8518       400

Validation Loss: 0.39095205068588257
              precision    recall  f1-score   support

           0     1.0000    0.7826    0.8780        23
           2     0.8000    0.9333    0.8615        30
           4     0.3333    0.1250    0.1818         8
           5     0.7000    0.3889    0.5000        18
           6     0.6964    0.7222    0.7091        54
           7     0.6667    0.5818    0.6214        55
           9     0.9043    0.9811    0.9412       212

    accuracy                         0.8325       400
   macro avg     0.7287    0.6450    0.6704       400
weighted avg     0.8207    0.8325    0.8212       400

Validation Loss: 0.3112976551055908
              precision    recall  f1-score   support

           0     1.0000    0.8261    0.9048        23
           2     0.8235    0.9333    0.8750        30
           4     0.5000    0.5000    0.5000         8
           5     0.8889    0.4444    0.5926        18
           6     0.7419    0.8519    0.7931        54
           7     0.7368    0.7636    0.7500        55
           9     0.9573    0.9528    0.9551       212

    accuracy                         0.8725       400
   macro avg     0.8069    0.7532    0.7672       400
weighted avg     0.8781    0.8725    0.8707       400

Validation Loss: 0.31008243560791016
              precision    recall  f1-score   support

           0     1.0000    0.7826    0.8780        23
           2     0.7368    0.9333    0.8235        30
           4     0.4286    0.3750    0.4000         8
           5     0.8571    0.6667    0.7500        18
           6     0.8136    0.8889    0.8496        54
           7     0.7544    0.7818    0.7679        55
           9     0.9662    0.9434    0.9547       212

    accuracy                         0.8800       400
   macro avg     0.7938    0.7674    0.7748       400
weighted avg     0.8855    0.8800    0.8802       400

Validation Loss: 0.3387908935546875
              precision    recall  f1-score   support

           0     0.9524    0.8696    0.9091        23
           2     0.7941    0.9000    0.8438        30
           4     0.3571    0.6250    0.4545         8
           5     0.6250    0.5556    0.5882        18
           6     0.8367    0.7593    0.7961        54
           7     0.7544    0.7818    0.7679        55
           9     0.9665    0.9528    0.9596       212

    accuracy                         0.8700       400
   macro avg     0.7552    0.7777    0.7599       400
weighted avg     0.8785    0.8700    0.8728       400

Validation Loss: 0.3133602738380432
              precision    recall  f1-score   support

           0     0.8333    0.8696    0.8511        23
           2     0.7500    0.8000    0.7742        30
           4     0.2222    0.2500    0.2353         8
           5     0.7333    0.6111    0.6667        18
           6     0.8148    0.8148    0.8148        54
           7     0.7455    0.7455    0.7455        55
           9     0.9573    0.9528    0.9551       212

    accuracy                         0.8600       400
   macro avg     0.7224    0.7205    0.7204       400
weighted avg     0.8615    0.8600    0.8604       400

Validation Loss: 0.3302876949310303
              precision    recall  f1-score   support

           0     0.8696    0.8696    0.8696        23
           2     0.7143    0.8333    0.7692        30
           4     0.1818    0.2500    0.2105         8
           5     0.6667    0.5556    0.6061        18
           6     0.8400    0.7778    0.8077        54
           7     0.7736    0.7455    0.7593        55
           9     0.9531    0.9575    0.9553       212

    accuracy                         0.8575       400
   macro avg     0.7141    0.7127    0.7111       400
weighted avg     0.8621    0.8575    0.8589       400

Validation Loss: 0.36583539843559265
              precision    recall  f1-score   support

           0     1.0000    0.6957    0.8205        23
           2     0.7568    0.9333    0.8358        30
           4     0.3333    0.3750    0.3529         8
           5     0.7857    0.6111    0.6875        18
           6     0.8125    0.7222    0.7647        54
           7     0.7000    0.6364    0.6667        55
           9     0.9204    0.9811    0.9498       212

    accuracy                         0.8500       400
   macro avg     0.7584    0.7078    0.7254       400
weighted avg     0.8500    0.8500    0.8461       400

Validation Loss: 0.34176744520664215
              precision    recall  f1-score   support

           0     1.0000    0.8696    0.9302        23
           2     0.8485    0.9333    0.8889        30
           4     0.5000    0.5000    0.5000         8
           5     0.8182    0.5000    0.6207        18
           6     0.7679    0.7963    0.7818        54
           7     0.7400    0.6727    0.7048        55
           9     0.9324    0.9764    0.9539       212

    accuracy                         0.8700       400
   macro avg     0.8010    0.7498    0.7686       400
weighted avg     0.8676    0.8700    0.8661       400

Validation Loss: 0.3576094061136246
              precision    recall  f1-score   support

           0     1.0000    0.8261    0.9048        23
           2     0.8182    0.9000    0.8571        30
           4     0.2857    0.2500    0.2667         8
           5     0.7333    0.6111    0.6667        18
           6     0.7885    0.7593    0.7736        54
           7     0.7292    0.6364    0.6796        55
           9     0.9159    0.9764    0.9452       212

    accuracy                         0.8550       400
   macro avg     0.7530    0.7085    0.7277       400
weighted avg     0.8497    0.8550    0.8505       400

Validation Loss: 0.38648758828639984
              precision    recall  f1-score   support

           0     1.0000    0.8261    0.9048        23
           2     0.8182    0.9000    0.8571        30
           4     0.5000    0.5000    0.5000         8
           5     0.6667    0.5556    0.6061        18
           6     0.7955    0.6481    0.7143        54
           7     0.6327    0.5636    0.5962        55
           9     0.9009    0.9858    0.9414       212

    accuracy                         0.8375       400
   macro avg     0.7591    0.7113    0.7314       400
weighted avg     0.8307    0.8375    0.8309       400

Validation Loss: 0.33760350942611694
              precision    recall  f1-score   support

           0     0.9524    0.8696    0.9091        23
           2     0.7941    0.9000    0.8438        30
           4     0.3571    0.6250    0.4545         8
           5     0.9000    0.5000    0.6429        18
           6     0.8431    0.7963    0.8190        54
           7     0.7381    0.5636    0.6392        55
           9     0.9079    0.9764    0.9409       212

    accuracy                         0.8550       400
   macro avg     0.7847    0.7473    0.7499       400
weighted avg     0.8585    0.8550    0.8507       400

Validation Loss: 0.35478971898555756
              precision    recall  f1-score   support

           0     0.9048    0.8261    0.8636        23
           2     0.7429    0.8667    0.8000        30
           4     0.2857    0.2500    0.2667         8
           5     0.7647    0.7222    0.7429        18
           6     0.8367    0.7593    0.7961        54
           7     0.7000    0.6364    0.6667        55
           9     0.9276    0.9670    0.9469       212

    accuracy                         0.8525       400
   macro avg     0.7375    0.7182    0.7261       400
weighted avg     0.8487    0.8525    0.8494       400

Validation Loss: 0.33596791326999664
              precision    recall  f1-score   support

           0     0.9500    0.8261    0.8837        23
           2     0.8182    0.9000    0.8571        30
           4     0.4286    0.3750    0.4000         8
           5     0.7143    0.5556    0.6250        18
           6     0.7778    0.7778    0.7778        54
           7     0.7234    0.6182    0.6667        55
           9     0.9200    0.9764    0.9474       212

    accuracy                         0.8550       400
   macro avg     0.7617    0.7184    0.7368       400
weighted avg     0.8488    0.8550    0.8500       400

Validation Loss: 0.34962594509124756
              precision    recall  f1-score   support

           0     0.9524    0.8696    0.9091        23
           2     0.8182    0.9000    0.8571        30
           4     0.3750    0.3750    0.3750         8
           5     0.6667    0.4444    0.5333        18
           6     0.8000    0.8148    0.8073        54
           7     0.7500    0.6545    0.6990        55
           9     0.9238    0.9717    0.9471       212

    accuracy                         0.8600       400
   macro avg     0.7551    0.7186    0.7326       400
weighted avg     0.8543    0.8600    0.8551       400

Validation Loss: 0.3357837647199631
              precision    recall  f1-score   support

           0     0.9524    0.8696    0.9091        23
           2     0.7941    0.9000    0.8438        30
           4     0.5000    0.5000    0.5000         8
           5     0.8000    0.6667    0.7273        18
           6     0.8364    0.8519    0.8440        54
           7     0.7857    0.6000    0.6804        55
           9     0.9200    0.9764    0.9474       212

    accuracy                         0.8725       400
   macro avg     0.7984    0.7664    0.7788       400
weighted avg     0.8689    0.8725    0.8679       400

Validation Loss: 0.33211541175842285
              precision    recall  f1-score   support

           0     0.9524    0.8696    0.9091        23
           2     0.8438    0.9000    0.8710        30
           4     0.4444    0.5000    0.4706         8
           5     0.6667    0.5556    0.6061        18
           6     0.7857    0.8148    0.8000        54
           7     0.7755    0.6909    0.7308        55
           9     0.9404    0.9670    0.9535       212

    accuracy                         0.8700       400
   macro avg     0.7727    0.7568    0.7630       400
weighted avg     0.8680    0.8700    0.8681       400

Validation Loss: 0.33834192156791687
              precision    recall  f1-score   support

           0     1.0000    0.8696    0.9302        23
           2     0.8235    0.9333    0.8750        30
           4     0.4286    0.3750    0.4000         8
           5     0.7692    0.5556    0.6452        18
           6     0.7679    0.7963    0.7818        54
           7     0.7447    0.6364    0.6863        55
           9     0.9283    0.9764    0.9517       212

    accuracy                         0.8650       400
   macro avg     0.7803    0.7346    0.7529       400
weighted avg     0.8605    0.8650    0.8605       400

Validation Loss: 0.34221094846725464
              precision    recall  f1-score   support

           0     0.9524    0.8696    0.9091        23
           2     0.7941    0.9000    0.8438        30
           4     0.2857    0.2500    0.2667         8
           5     0.7143    0.5556    0.6250        18
           6     0.7679    0.7963    0.7818        54
           7     0.7347    0.6545    0.6923        55
           9     0.9315    0.9623    0.9466       212

    accuracy                         0.8550       400
   macro avg     0.7401    0.7126    0.7236       400
weighted avg     0.8506    0.8550    0.8515       400

Validation Loss: 0.3353038430213928
              precision    recall  f1-score   support

           0     0.9524    0.8696    0.9091        23
           2     0.7941    0.9000    0.8438        30
           4     0.4444    0.5000    0.4706         8
           5     0.8462    0.6111    0.7097        18
           6     0.8039    0.7593    0.7810        54
           7     0.7400    0.6727    0.7048        55
           9     0.9324    0.9764    0.9539       212

    accuracy                         0.8675       400
   macro avg     0.7876    0.7556    0.7675       400
weighted avg     0.8658    0.8675    0.8648       400

Validation Loss: 0.3340556025505066
              precision    recall  f1-score   support

           0     1.0000    0.8261    0.9048        23
           2     0.7568    0.9333    0.8358        30
           4     0.4000    0.5000    0.4444         8
           5     1.0000    0.5556    0.7143        18
           6     0.8000    0.8148    0.8073        54
           7     0.8125    0.7091    0.7573        55
           9     0.9412    0.9811    0.9607       212

    accuracy                         0.8800       400
   macro avg     0.8158    0.7600    0.7750       400
weighted avg     0.8858    0.8800    0.8781       400

Validation Loss: 0.35468029975891113
              precision    recall  f1-score   support

           0     1.0000    0.8261    0.9048        23
           2     0.8000    0.9333    0.8615        30
           4     0.3750    0.3750    0.3750         8
           5     0.6667    0.6667    0.6667        18
           6     0.8750    0.6481    0.7447        54
           7     0.6842    0.7091    0.6964        55
           9     0.9283    0.9764    0.9517       212

    accuracy                         0.8575       400
   macro avg     0.7613    0.7335    0.7430       400
weighted avg     0.8592    0.8575    0.8548       400

Validation Loss: 0.3864307403564453
              precision    recall  f1-score   support

           0     0.9545    0.9130    0.9333        23
           2     0.7941    0.9000    0.8438        30
           4     0.3000    0.3750    0.3333         8
           5     0.7692    0.5556    0.6452        18
           6     0.9024    0.6852    0.7789        54
           7     0.6600    0.6000    0.6286        55
           9     0.9043    0.9811    0.9412       212

    accuracy                         0.8475       400
   macro avg     0.7550    0.7157    0.7292       400
weighted avg     0.8469    0.8475    0.8431       400

Validation Loss: 0.3913469612598419
              precision    recall  f1-score   support

           0     0.9524    0.8696    0.9091        23
           2     0.7105    0.9000    0.7941        30
           4     0.2000    0.2500    0.2222         8
           5     0.6429    0.5000    0.5625        18
           6     0.8605    0.6852    0.7629        54
           7     0.7143    0.5455    0.6186        55
           9     0.9009    0.9858    0.9414       212

    accuracy                         0.8350       400
   macro avg     0.7116    0.6766    0.6873       400
weighted avg     0.8328    0.8350    0.8286       400

Validation Loss: 0.3495183736085892
              precision    recall  f1-score   support

           0     0.9500    0.8261    0.8837        23
           2     0.7436    0.9667    0.8406        30
           4     0.2857    0.2500    0.2667         8
           5     0.7692    0.5556    0.6452        18
           6     0.8431    0.7963    0.8190        54
           7     0.7708    0.6727    0.7184        55
           9     0.9324    0.9764    0.9539       212

    accuracy                         0.8675       400
   macro avg     0.7564    0.7205    0.7325       400
weighted avg     0.8647    0.8675    0.8632       400

Validation Loss: 0.32660113275051117
              precision    recall  f1-score   support

           0     0.9091    0.8696    0.8889        23
           2     0.8387    0.8667    0.8525        30
           4     0.5000    0.6250    0.5556         8
           5     0.8000    0.6667    0.7273        18
           6     0.8269    0.7963    0.8113        54
           7     0.7111    0.5818    0.6400        55
           9     0.9156    0.9717    0.9428       212

    accuracy                         0.8600       400
   macro avg     0.7859    0.7682    0.7740       400
weighted avg     0.8558    0.8600    0.8561       400

Validation Loss: 0.3328086882829666
              precision    recall  f1-score   support

           0     1.0000    0.8261    0.9048        23
           2     0.7000    0.9333    0.8000        30
           4     0.1667    0.1250    0.1429         8
           5     0.9091    0.5556    0.6897        18
           6     0.8036    0.8333    0.8182        54
           7     0.7885    0.7455    0.7664        55
           9     0.9537    0.9717    0.9626       212

    accuracy                         0.8750       400
   macro avg     0.7602    0.7129    0.7263       400
weighted avg     0.8766    0.8750    0.8719       400

Validation Loss: 0.32761265337467194
              precision    recall  f1-score   support

           0     0.9130    0.9130    0.9130        23
           2     0.8387    0.8667    0.8525        30
           4     0.3636    0.5000    0.4211         8
           5     0.7368    0.7778    0.7568        18
           6     0.8462    0.8148    0.8302        54
           7     0.7778    0.7636    0.7706        55
           9     0.9619    0.9528    0.9573       212

    accuracy                         0.8825       400
   macro avg     0.7769    0.7984    0.7859       400
weighted avg     0.8868    0.8825    0.8843       400

Validation Loss: 0.3207761347293854
              precision    recall  f1-score   support

           0     1.0000    0.8696    0.9302        23
           2     0.7368    0.9333    0.8235        30
           4     0.3333    0.2500    0.2857         8
           5     0.6667    0.5556    0.6061        18
           6     0.8036    0.8333    0.8182        54
           7     0.7736    0.7455    0.7593        55
           9     0.9575    0.9575    0.9575       212

    accuracy                         0.8725       400
   macro avg     0.7531    0.7350    0.7401       400
weighted avg     0.8718    0.8725    0.8706       400

Validation Loss: 0.32306911051273346
              precision    recall  f1-score   support

           0     0.8000    0.8696    0.8333        23
           2     0.7742    0.8000    0.7869        30
           4     0.3750    0.3750    0.3750         8
           5     0.7333    0.6111    0.6667        18
           6     0.8113    0.7963    0.8037        54
           7     0.7778    0.7636    0.7706        55
           9     0.9579    0.9670    0.9624       212

    accuracy                         0.8700       400
   macro avg     0.7471    0.7404    0.7427       400
weighted avg     0.8687    0.8700    0.8690       400

Validation Loss: 0.31510303914546967
              precision    recall  f1-score   support

           0     0.9545    0.9130    0.9333        23
           2     0.7500    0.9000    0.8182        30
           4     0.1429    0.1250    0.1333         8
           5     0.8125    0.7222    0.7647        18
           6     0.8148    0.8148    0.8148        54
           7     0.7885    0.7455    0.7664        55
           9     0.9577    0.9623    0.9600       212

    accuracy                         0.8775       400
   macro avg     0.7458    0.7404    0.7415       400
weighted avg     0.8766    0.8775    0.8763       400

Validation Loss: 0.3224758803844452
              precision    recall  f1-score   support

           0     0.9091    0.8696    0.8889        23
           2     0.8125    0.8667    0.8387        30
           4     0.4444    0.5000    0.4706         8
           5     0.6875    0.6111    0.6471        18
           6     0.8163    0.7407    0.7767        54
           7     0.7500    0.6000    0.6667        55
           9     0.9123    0.9811    0.9455       212

    accuracy                         0.8550       400
   macro avg     0.7617    0.7385    0.7477       400
weighted avg     0.8499    0.8550    0.8502       400

Validation Loss: 0.3178691864013672
              precision    recall  f1-score   support

           0     0.9130    0.9130    0.9130        23
           2     0.8125    0.8667    0.8387        30
           4     0.4286    0.7500    0.5455         8
           5     0.8889    0.4444    0.5926        18
           6     0.8070    0.8519    0.8288        54
           7     0.7843    0.7273    0.7547        55
           9     0.9486    0.9575    0.9531       212

    accuracy                         0.8750       400
   macro avg     0.7976    0.7873    0.7752       400
weighted avg     0.8816    0.8750    0.8738       400

Validation Loss: 0.32739435136318207
              precision    recall  f1-score   support

           0     0.9091    0.8696    0.8889        23
           2     0.7879    0.8667    0.8254        30
           4     0.3333    0.2500    0.2857         8
           5     0.7000    0.3889    0.5000        18
           6     0.7458    0.8148    0.7788        54
           7     0.7358    0.7091    0.7222        55
           9     0.9401    0.9623    0.9510       212

    accuracy                         0.8550       400
   macro avg     0.7360    0.6945    0.7074       400
weighted avg     0.8496    0.8550    0.8497       400

Validation Loss: 0.34849007427692413
              precision    recall  f1-score   support

           0     0.9524    0.8696    0.9091        23
           2     0.8438    0.9000    0.8710        30
           4     0.3636    0.5000    0.4211         8
           5     0.6923    0.5000    0.5806        18
           6     0.8269    0.7963    0.8113        54
           7     0.7391    0.6182    0.6733        55
           9     0.9200    0.9764    0.9474       212

    accuracy                         0.8600       400
   macro avg     0.7626    0.7372    0.7448       400
weighted avg     0.8573    0.8600    0.8564       400

Validation Loss: 0.32426901161670685
              precision    recall  f1-score   support

           0     1.0000    0.8261    0.9048        23
           2     0.7568    0.9333    0.8358        30
           4     0.2222    0.2500    0.2353         8
           5     0.7368    0.7778    0.7568        18
           6     0.8235    0.7778    0.8000        54
           7     0.7593    0.7455    0.7523        55
           9     0.9573    0.9528    0.9551       212

    accuracy                         0.8700       400
   macro avg     0.7509    0.7519    0.7486       400
weighted avg     0.8748    0.8700    0.8711       400

Validation Loss: 0.3297034800052643
              precision    recall  f1-score   support

           0     0.9130    0.9130    0.9130        23
           2     0.7941    0.9000    0.8438        30
           4     0.2500    0.3750    0.3000         8
           5     0.7857    0.6111    0.6875        18
           6     0.8269    0.7963    0.8113        54
           7     0.8261    0.6909    0.7525        55
           9     0.9452    0.9764    0.9606       212

    accuracy                         0.8750       400
   macro avg     0.7630    0.7518    0.7527       400
weighted avg     0.8786    0.8750    0.8748       400

Validation Loss: 0.3838091492652893
              precision    recall  f1-score   support

           0     0.9500    0.8261    0.8837        23
           2     0.6750    0.9000    0.7714        30
           4     0.0000    0.0000    0.0000         8
           5     0.5625    0.5000    0.5294        18
           6     0.8542    0.7593    0.8039        54
           7     0.8000    0.6545    0.7200        55
           9     0.9321    0.9717    0.9515       212

    accuracy                         0.8450       400
   macro avg     0.6820    0.6588    0.6657       400
weighted avg     0.8499    0.8450    0.8443       400

Validation Loss: 0.3983493447303772
              precision    recall  f1-score   support

           0     0.8750    0.9130    0.8936        23
           2     0.6500    0.8667    0.7429        30
           4     0.1000    0.1250    0.1111         8
           5     0.7500    0.5000    0.6000        18
           6     0.8222    0.6852    0.7475        54
           7     0.7451    0.6909    0.7170        55
           9     0.9358    0.9623    0.9488       212

    accuracy                         0.8400       400
   macro avg     0.6969    0.6776    0.6801       400
weighted avg     0.8442    0.8400    0.8387       400

Validation Loss: 0.3353101462125778
              precision    recall  f1-score   support

           0     0.9130    0.9130    0.9130        23
           2     0.7222    0.8667    0.7879        30
           4     0.0000    0.0000    0.0000         8
           5     0.5833    0.3889    0.4667        18
           6     0.8302    0.8148    0.8224        54
           7     0.7619    0.8727    0.8136        55
           9     0.9852    0.9434    0.9639       212

    accuracy                         0.8650       400
   macro avg     0.6851    0.6856    0.6811       400
weighted avg     0.8719    0.8650    0.8663       400

Validation Loss: 0.3275947868824005
              precision    recall  f1-score   support

           0     0.9500    0.8261    0.8837        23
           2     0.6923    0.9000    0.7826        30
           4     0.2857    0.2500    0.2667         8
           5     0.8333    0.5556    0.6667        18
           6     0.8364    0.8519    0.8440        54
           7     0.8113    0.7818    0.7963        55
           9     0.9579    0.9670    0.9624       212

    accuracy                         0.8800       400
   macro avg     0.7667    0.7332    0.7432       400
weighted avg     0.8819    0.8800    0.8784       400

Validation Loss: 0.3230087161064148
              precision    recall  f1-score   support

           0     0.9500    0.8261    0.8837        23
           2     0.7105    0.9000    0.7941        30
           4     0.2308    0.3750    0.2857         8
           5     0.8000    0.4444    0.5714        18
           6     0.7857    0.8148    0.8000        54
           7     0.7667    0.8364    0.8000        55
           9     0.9852    0.9434    0.9639       212

    accuracy                         0.8675       400
   macro avg     0.7470    0.7343    0.7284       400
weighted avg     0.8822    0.8675    0.8706       400

Validation Loss: 0.3273092359304428
              precision    recall  f1-score   support

           0     0.8696    0.8696    0.8696        23
           2     0.8276    0.8000    0.8136        30
           4     0.4444    0.5000    0.4706         8
           5     0.7143    0.8333    0.7692        18
           6     0.8462    0.8148    0.8302        54
           7     0.7581    0.8545    0.8034        55
           9     0.9804    0.9434    0.9615       212

    accuracy                         0.8850       400
   macro avg     0.7772    0.8022    0.7883       400
weighted avg     0.8912    0.8850    0.8872       400

Validation Loss: 0.30254729092121124
              precision    recall  f1-score   support

           0     0.9524    0.8696    0.9091        23
           2     0.7714    0.9000    0.8308        30
           4     0.3750    0.3750    0.3750         8
           5     0.8667    0.7222    0.7879        18
           6     0.8214    0.8519    0.8364        54
           7     0.7736    0.7455    0.7593        55
           9     0.9575    0.9575    0.9575       212

    accuracy                         0.8825       400
   macro avg     0.7883    0.7745    0.7794       400
weighted avg     0.8839    0.8825    0.8823       400

Validation Loss: 0.3349571079015732
              precision    recall  f1-score   support

           0     1.0000    0.8696    0.9302        23
           2     0.8000    0.9333    0.8615        30
           4     0.3333    0.6250    0.4348         8
           5     0.9000    0.5000    0.6429        18
           6     0.8269    0.7963    0.8113        54
           7     0.7719    0.8000    0.7857        55
           9     0.9621    0.9575    0.9598       212

    accuracy                         0.8800       400
   macro avg     0.7992    0.7831    0.7752       400
weighted avg     0.8923    0.8800    0.8820       400

Validation Loss: 0.32664601504802704
              precision    recall  f1-score   support

           0     0.9048    0.8261    0.8636        23
           2     0.7647    0.8667    0.8125        30
           4     0.3333    0.3750    0.3529         8
           5     0.7222    0.7222    0.7222        18
           6     0.8269    0.7963    0.8113        54
           7     0.7377    0.8182    0.7759        55
           9     0.9756    0.9434    0.9592       212

    accuracy                         0.8725       400
   macro avg     0.7522    0.7640    0.7568       400
weighted avg     0.8787    0.8725    0.8748       400

Validation Loss: 0.3180629014968872
              precision    recall  f1-score   support

           0     0.9091    0.8696    0.8889        23
           2     0.7222    0.8667    0.7879        30
           4     0.1667    0.1250    0.1429         8
           5     0.7778    0.7778    0.7778        18
           6     0.8462    0.8148    0.8302        54
           7     0.7692    0.7273    0.7477        55
           9     0.9533    0.9623    0.9577       212

    accuracy                         0.8725       400
   macro avg     0.7349    0.7348    0.7333       400
weighted avg     0.8700    0.8725    0.8705       400

Validation Loss: 0.3115543872117996
              precision    recall  f1-score   support

           0     0.8636    0.8261    0.8444        23
           2     0.7879    0.8667    0.8254        30
           4     0.3750    0.3750    0.3750         8
           5     0.7647    0.7222    0.7429        18
           6     0.8148    0.8148    0.8148        54
           7     0.7544    0.7818    0.7679        55
           9     0.9665    0.9528    0.9596       212

    accuracy                         0.8750       400
   macro avg     0.7610    0.7628    0.7614       400
weighted avg     0.8766    0.8750    0.8756       400

Validation Loss: 0.3114549368619919
              precision    recall  f1-score   support

           0     1.0000    0.8696    0.9302        23
           2     0.7368    0.9333    0.8235        30
           4     0.3077    0.5000    0.3810         8
           5     1.0000    0.5000    0.6667        18
           6     0.8070    0.8519    0.8288        54
           7     0.7581    0.8545    0.8034        55
           9     0.9851    0.9340    0.9588       212

    accuracy                         0.8800       400
   macro avg     0.7992    0.7776    0.7704       400
weighted avg     0.8992    0.8800    0.8834       400

Validation Loss: 0.2974039763212204
              precision    recall  f1-score   support

           0     0.9524    0.8696    0.9091        23
           2     0.8182    0.9000    0.8571        30
           4     0.3333    0.5000    0.4000         8
           5     0.8182    0.5000    0.6207        18
           6     0.8036    0.8333    0.8182        54
           7     0.7797    0.8364    0.8070        55
           9     0.9760    0.9575    0.9667       212

    accuracy                         0.8850       400
   macro avg     0.7830    0.7710    0.7684       400
weighted avg     0.8926    0.8850    0.8862       400

Validation Loss: 0.2976820766925812
              precision    recall  f1-score   support

           0     0.8696    0.8696    0.8696        23
           2     0.8125    0.8667    0.8387        30
           4     0.6667    0.5000    0.5714         8
           5     0.8000    0.6667    0.7273        18
           6     0.7966    0.8704    0.8319        54
           7     0.7759    0.8182    0.7965        55
           9     0.9758    0.9528    0.9642       212

    accuracy                         0.8900       400
   macro avg     0.8139    0.7920    0.7999       400
weighted avg     0.8917    0.8900    0.8899       400

Validation Loss: 0.3066733628511429
              precision    recall  f1-score   support

           0     0.9130    0.9130    0.9130        23
           2     0.8125    0.8667    0.8387        30
           4     0.4286    0.3750    0.4000         8
           5     0.7500    0.6667    0.7059        18
           6     0.7963    0.7963    0.7963        54
           7     0.7458    0.8000    0.7719        55
           9     0.9665    0.9528    0.9596       212

    accuracy                         0.8775       400
   macro avg     0.7732    0.7672    0.7694       400
weighted avg     0.8781    0.8775    0.8774       400

Validation Loss: 0.33304673433303833
              precision    recall  f1-score   support

           0     0.8333    0.8696    0.8511        23
           2     0.7647    0.8667    0.8125        30
           4     0.3333    0.2500    0.2857         8
           5     0.8000    0.6667    0.7273        18
           6     0.8302    0.8148    0.8224        54
           7     0.7241    0.7636    0.7434        55
           9     0.9571    0.9481    0.9526       212

    accuracy                         0.8675       400
   macro avg     0.7490    0.7399    0.7421       400
weighted avg     0.8669    0.8675    0.8664       400

Validation Loss: 0.31476299464702606
              precision    recall  f1-score   support

           0     0.9524    0.8696    0.9091        23
           2     0.8182    0.9000    0.8571        30
           4     0.3333    0.2500    0.2857         8
           5     0.6842    0.7222    0.7027        18
           6     0.8269    0.7963    0.8113        54
           7     0.7818    0.7818    0.7818        55
           9     0.9579    0.9670    0.9624       212

    accuracy                         0.8825       400
   macro avg     0.7650    0.7553    0.7586       400
weighted avg     0.8804    0.8825    0.8810       400

Validation Loss: 0.33168111741542816
              precision    recall  f1-score   support

           0     0.9091    0.8696    0.8889        23
           2     0.7647    0.8667    0.8125        30
           4     0.4000    0.5000    0.4444         8
           5     1.0000    0.4444    0.6154        18
           6     0.8070    0.8519    0.8288        54
           7     0.8000    0.6545    0.7200        55
           9     0.9286    0.9811    0.9541       212

    accuracy                         0.8700       400
   macro avg     0.8013    0.7383    0.7520       400
weighted avg     0.8737    0.8700    0.8652       400

Validation Loss: 0.3159960061311722
              precision    recall  f1-score   support

           0     1.0000    0.8261    0.9048        23
           2     0.8000    0.9333    0.8615        30
           4     0.4545    0.6250    0.5263         8
           5     0.7857    0.6111    0.6875        18
           6     0.7925    0.7778    0.7850        54
           7     0.7692    0.7273    0.7477        55
           9     0.9491    0.9670    0.9579       212

    accuracy                         0.8750       400
   macro avg     0.7930    0.7811    0.7815       400
weighted avg     0.8777    0.8750    0.8746       400

Validation Loss: 0.32257360219955444
              precision    recall  f1-score   support

           0     0.8696    0.8696    0.8696        23
           2     0.8333    0.8333    0.8333        30
           4     0.5000    0.5000    0.5000         8
           5     0.8750    0.3889    0.5385        18
           6     0.7541    0.8519    0.8000        54
           7     0.7627    0.8182    0.7895        55
           9     0.9621    0.9575    0.9598       212

    accuracy                         0.8750       400
   macro avg     0.7938    0.7456    0.7558       400
weighted avg     0.8785    0.8750    0.8720       400

Validation Loss: 0.31930920481681824
              precision    recall  f1-score   support

           0     0.9524    0.8696    0.9091        23
           2     0.8182    0.9000    0.8571        30
           4     0.5000    0.3750    0.4286         8
           5     0.7333    0.6111    0.6667        18
           6     0.7963    0.7963    0.7963        54
           7     0.7708    0.6727    0.7184        55
           9     0.9283    0.9764    0.9517       212

    accuracy                         0.8700       400
   macro avg     0.7856    0.7430    0.7611       400
weighted avg     0.8646    0.8700    0.8658       400

Validation Loss: 0.37178537249565125
              precision    recall  f1-score   support

           0     0.8696    0.8696    0.8696        23
           2     0.6944    0.8333    0.7576        30
           4     0.2727    0.3750    0.3158         8
           5     0.7273    0.4444    0.5517        18
           6     0.8400    0.7778    0.8077        54
           7     0.7674    0.6000    0.6735        55
           9     0.9159    0.9764    0.9452       212

    accuracy                         0.8450       400
   macro avg     0.7268    0.6966    0.7030       400
weighted avg     0.8446    0.8450    0.8406       400

Validation Loss: 0.3182462751865387
              precision    recall  f1-score   support

           0     0.9000    0.7826    0.8372        23
           2     0.7368    0.9333    0.8235        30
           4     0.2500    0.2500    0.2500         8
           5     0.8571    0.6667    0.7500        18
           6     0.8913    0.7593    0.8200        54
           7     0.7018    0.7273    0.7143        55
           9     0.9401    0.9623    0.9510       212

    accuracy                         0.8625       400
   macro avg     0.7539    0.7259    0.7352       400
weighted avg     0.8657    0.8625    0.8616       400

Validation Loss: 0.3351210057735443
              precision    recall  f1-score   support

           0     0.8696    0.8696    0.8696        23
           2     0.7576    0.8333    0.7937        30
           4     0.3333    0.3750    0.3529         8
           5     0.8000    0.6667    0.7273        18
           6     0.8269    0.7963    0.8113        54
           7     0.7556    0.6182    0.6800        55
           9     0.9238    0.9717    0.9471       212

    accuracy                         0.8575       400
   macro avg     0.7524    0.7330    0.7403       400
weighted avg     0.8546    0.8575    0.8543       400

Validation Loss: 0.32954050600528717
              precision    recall  f1-score   support

           0     0.9048    0.8261    0.8636        23
           2     0.8125    0.8667    0.8387        30
           4     0.5000    0.3750    0.4286         8
           5     0.7143    0.8333    0.7692        18
           6     0.8627    0.8148    0.8381        54
           7     0.7708    0.6727    0.7184        55
           9     0.9321    0.9717    0.9515       212

    accuracy                         0.8750       400
   macro avg     0.7853    0.7658    0.7726       400
weighted avg     0.8716    0.8750    0.8720       400

Validation Loss: 0.3095676153898239
              precision    recall  f1-score   support

           0     0.8333    0.8696    0.8511        23
           2     0.7576    0.8333    0.7937        30
           4     0.4000    0.5000    0.4444         8
           5     0.9375    0.8333    0.8824        18
           6     0.8627    0.8148    0.8381        54
           7     0.7885    0.7455    0.7664        55
           9     0.9579    0.9670    0.9624       212

    accuracy                         0.8850       400
   macro avg     0.7911    0.7948    0.7912       400
weighted avg     0.8875    0.8850    0.8857       400

Validation Loss: 0.3418623208999634
              precision    recall  f1-score   support

           0     0.8696    0.8696    0.8696        23
           2     0.7576    0.8333    0.7937        30
           4     0.2308    0.3750    0.2857         8
           5     0.6875    0.6111    0.6471        18
           6     0.8723    0.7593    0.8119        54
           7     0.7231    0.8545    0.7833        55
           9     0.9754    0.9340    0.9542       212

    accuracy                         0.8625       400
   macro avg     0.7309    0.7481    0.7351       400
weighted avg     0.8765    0.8625    0.8674       400

Validation Loss: 0.3111093193292618
              precision    recall  f1-score   support

           0     1.0000    0.8261    0.9048        23
           2     0.7941    0.9000    0.8438        30
           4     0.3333    0.3750    0.3529         8
           5     0.6875    0.6111    0.6471        18
           6     0.8269    0.7963    0.8113        54
           7     0.7500    0.8182    0.7826        55
           9     0.9667    0.9575    0.9621       212

    accuracy                         0.8775       400
   macro avg     0.7655    0.7549    0.7578       400
weighted avg     0.8818    0.8775    0.8785       400

Validation Loss: 0.3254673331975937
              precision    recall  f1-score   support

           0     1.0000    0.7826    0.8780        23
           2     0.7368    0.9333    0.8235        30
           4     0.2857    0.2500    0.2667         8
           5     0.7333    0.6111    0.6667        18
           6     0.8182    0.8333    0.8257        54
           7     0.7321    0.7455    0.7387        55
           9     0.9573    0.9528    0.9551       212

    accuracy                         0.8675       400
   macro avg     0.7519    0.7298    0.7363       400
weighted avg     0.8700    0.8675    0.8668       400

Validation Loss: 0.31068290770053864
              precision    recall  f1-score   support

           0     0.8696    0.8696    0.8696        23
           2     0.7143    0.8333    0.7692        30
           4     0.2222    0.2500    0.2353         8
           5     0.8000    0.4444    0.5714        18
           6     0.8103    0.8704    0.8393        54
           7     0.7895    0.8182    0.8036        55
           9     0.9712    0.9528    0.9619       212

    accuracy                         0.8725       400
   macro avg     0.7396    0.7198    0.7215       400
weighted avg     0.8767    0.8725    0.8717       400

Validation Loss: 0.3696143478155136
              precision    recall  f1-score   support

           0     0.9524    0.8696    0.9091        23
           2     0.8438    0.9000    0.8710        30
           4     0.5556    0.6250    0.5882         8
           5     0.7857    0.6111    0.6875        18
           6     0.8333    0.7407    0.7843        54
           7     0.7200    0.6545    0.6857        55
           9     0.9159    0.9764    0.9452       212

    accuracy                         0.8650       400
   macro avg     0.8010    0.7682    0.7816       400
weighted avg     0.8615    0.8650    0.8614       400

Validation Loss: 0.3222752809524536
              precision    recall  f1-score   support

           0     0.9130    0.9130    0.9130        23
           2     0.8667    0.8667    0.8667        30
           4     0.4167    0.6250    0.5000         8
           5     0.7143    0.5556    0.6250        18
           6     0.8113    0.7963    0.8037        54
           7     0.7818    0.7818    0.7818        55
           9     0.9577    0.9623    0.9600       212

    accuracy                         0.8800       400
   macro avg     0.7802    0.7858    0.7786       400
weighted avg     0.8826    0.8800    0.8804       400

Validation Loss: 0.3220045566558838
              precision    recall  f1-score   support

           0     0.9091    0.8696    0.8889        23
           2     0.8387    0.8667    0.8525        30
           4     0.4545    0.6250    0.5263         8
           5     0.7500    0.5000    0.6000        18
           6     0.7857    0.8148    0.8000        54
           7     0.7736    0.7455    0.7593        55
           9     0.9535    0.9670    0.9602       212

    accuracy                         0.8750       400
   macro avg     0.7807    0.7698    0.7696       400
weighted avg     0.8758    0.8750    0.8739       400

Validation Loss: 0.31659576296806335
              precision    recall  f1-score   support

           0     0.9524    0.8696    0.9091        23
           2     0.7500    0.9000    0.8182        30
           4     0.3333    0.3750    0.3529         8
           5     0.8462    0.6111    0.7097        18
           6     0.8103    0.8704    0.8393        54
           7     0.7719    0.8000    0.7857        55
           9     0.9757    0.9481    0.9617       212

    accuracy                         0.8825       400
   macro avg     0.7771    0.7677    0.7681       400
weighted avg     0.8884    0.8825    0.8837       400

Validation Loss: 0.3174450546503067
              precision    recall  f1-score   support

           0     0.9091    0.8696    0.8889        23
           2     0.7429    0.8667    0.8000        30
           4     0.1429    0.1250    0.1333         8
           5     0.7222    0.7222    0.7222        18
           6     0.8364    0.8519    0.8440        54
           7     0.8125    0.7091    0.7573        55
           9     0.9535    0.9670    0.9602       212

    accuracy                         0.8750       400
   macro avg     0.7313    0.7302    0.7294       400
weighted avg     0.8733    0.8750    0.8732       400

Validation Loss: 0.3364139348268509
              precision    recall  f1-score   support

           0     0.9130    0.9130    0.9130        23
           2     0.7500    0.9000    0.8182        30
           4     0.2222    0.2500    0.2353         8
           5     0.7500    0.6667    0.7059        18
           6     0.8571    0.7778    0.8155        54
           7     0.7667    0.8364    0.8000        55
           9     0.9758    0.9528    0.9642       212

    accuracy                         0.8800       400
   macro avg     0.7478    0.7567    0.7503       400
weighted avg     0.8853    0.8800    0.8815       400

Validation Loss: 0.322956383228302
              precision    recall  f1-score   support

           0     0.9091    0.8696    0.8889        23
           2     0.7879    0.8667    0.8254        30
           4     0.4286    0.3750    0.4000         8
           5     0.8000    0.6667    0.7273        18
           6     0.8269    0.7963    0.8113        54
           7     0.7500    0.7636    0.7568        55
           9     0.9488    0.9623    0.9555       212

    accuracy                         0.8750       400
   macro avg     0.7788    0.7572    0.7664       400
weighted avg     0.8736    0.8750    0.8737       400

Validation Loss: 0.36891210079193115
              precision    recall  f1-score   support

           0     0.9500    0.8261    0.8837        23
           2     0.8182    0.9000    0.8571        30
           4     0.6000    0.7500    0.6667         8
           5     0.7692    0.5556    0.6452        18
           6     0.7857    0.6111    0.6875        54
           7     0.6111    0.6000    0.6055        55
           9     0.9035    0.9717    0.9364       212

    accuracy                         0.8350       400
   macro avg     0.7768    0.7449    0.7546       400
weighted avg     0.8316    0.8350    0.8298       400

Validation Loss: 0.33822718262672424
              precision    recall  f1-score   support

           0     0.8750    0.9130    0.8936        23
           2     0.8333    0.8333    0.8333        30
           4     0.4000    0.5000    0.4444         8
           5     0.8182    0.5000    0.6207        18
           6     0.8333    0.8333    0.8333        54
           7     0.8000    0.6545    0.7200        55
           9     0.9248    0.9858    0.9543       212

    accuracy                         0.8725       400
   macro avg     0.7835    0.7457    0.7571       400
weighted avg     0.8703    0.8725    0.8680       400

Validation Loss: 0.316544309258461
              precision    recall  f1-score   support

           0     0.9091    0.8696    0.8889        23
           2     0.7647    0.8667    0.8125        30
           4     0.2222    0.2500    0.2353         8
           5     0.7500    0.6667    0.7059        18
           6     0.8776    0.7963    0.8350        54
           7     0.8036    0.8182    0.8108        55
           9     0.9626    0.9717    0.9671       212

    accuracy                         0.8850       400
   macro avg     0.7557    0.7484    0.7508       400
weighted avg     0.8870    0.8850    0.8853       400

Validation Loss: 0.31048351526260376
              precision    recall  f1-score   support

           0     0.9524    0.8696    0.9091        23
           2     0.7568    0.9333    0.8358        30
           4     0.3333    0.2500    0.2857         8
           5     0.7778    0.7778    0.7778        18
           6     0.8776    0.7963    0.8350        54
           7     0.7500    0.8182    0.7826        55
           9     0.9665    0.9528    0.9596       212

    accuracy                         0.8850       400
   macro avg     0.7735    0.7711    0.7694       400
weighted avg     0.8870    0.8850    0.8846       400

Validation Loss: 0.3197384625673294
              precision    recall  f1-score   support

           0     0.9091    0.8696    0.8889        23
           2     0.7714    0.9000    0.8308        30
           4     0.4444    0.5000    0.4706         8
           5     0.9231    0.6667    0.7742        18
           6     0.8511    0.7407    0.7921        54
           7     0.7333    0.8000    0.7652        55
           9     0.9533    0.9623    0.9577       212

    accuracy                         0.8775       400
   macro avg     0.7980    0.7770    0.7828       400
weighted avg     0.8815    0.8775    0.8774       400

Validation Loss: 0.32204945385456085
              precision    recall  f1-score   support

           0     0.9524    0.8696    0.9091        23
           2     0.7500    0.9000    0.8182        30
           4     0.3636    0.5000    0.4211         8
           5     0.9167    0.6111    0.7333        18
           6     0.8182    0.8333    0.8257        54
           7     0.7895    0.8182    0.8036        55
           9     0.9712    0.9528    0.9619       212

    accuracy                         0.8850       400
   macro avg     0.7945    0.7836    0.7818       400
weighted avg     0.8933    0.8850    0.8868       400

Validation Loss: 0.3118698000907898
              precision    recall  f1-score   support

           0     0.8750    0.9130    0.8936        23
           2     0.8438    0.9000    0.8710        30
           4     0.4545    0.6250    0.5263         8
           5     0.8125    0.7222    0.7647        18
           6     0.8491    0.8333    0.8411        54
           7     0.7797    0.8364    0.8070        55
           9     0.9805    0.9481    0.9640       212

    accuracy                         0.8950       400
   macro avg     0.7993    0.8254    0.8097       400
weighted avg     0.9007    0.8950    0.8971       400

Validation Loss: 0.34759916365146637
              precision    recall  f1-score   support

           0     0.8696    0.8696    0.8696        23
           2     0.7647    0.8667    0.8125        30
           4     0.2857    0.5000    0.3636         8
           5     0.8000    0.4444    0.5714        18
           6     0.8800    0.8148    0.8462        54
           7     0.7213    0.8000    0.7586        55
           9     0.9615    0.9434    0.9524       212

    accuracy                         0.8650       400
   macro avg     0.7547    0.7484    0.7392       400
weighted avg     0.8767    0.8650    0.8672       400

Validation Loss: 0.3414667248725891
              precision    recall  f1-score   support

           0     0.8400    0.9130    0.8750        23
           2     0.7273    0.8000    0.7619        30
           4     0.4286    0.3750    0.4000         8
           5     0.7692    0.5556    0.6452        18
           6     0.8333    0.8333    0.8333        54
           7     0.7963    0.7818    0.7890        55
           9     0.9579    0.9670    0.9624       212

    accuracy                         0.8775       400
   macro avg     0.7647    0.7465    0.7524       400
weighted avg     0.8757    0.8775    0.8756       400

Validation Loss: 0.3216458112001419
              precision    recall  f1-score   support

           0     0.8636    0.8261    0.8444        23
           2     0.7297    0.9000    0.8060        30
           4     0.5000    0.3750    0.4286         8
           5     0.8000    0.6667    0.7273        18
           6     0.8600    0.7963    0.8269        54
           7     0.7679    0.7818    0.7748        55
           9     0.9579    0.9670    0.9624       212

    accuracy                         0.8800       400
   macro avg     0.7827    0.7590    0.7672       400
weighted avg     0.8798    0.8800    0.8786       400

Validation Loss: 0.3625979423522949
              precision    recall  f1-score   support

           0     0.8261    0.8261    0.8261        23
           2     0.7742    0.8000    0.7869        30
           4     0.4444    0.5000    0.4706         8
           5     0.8000    0.4444    0.5714        18
           6     0.7547    0.7407    0.7477        54
           7     0.7059    0.6545    0.6792        55
           9     0.9238    0.9717    0.9471       212

    accuracy                         0.8425       400
   macro avg     0.7470    0.7054    0.7184       400
weighted avg     0.8390    0.8425    0.8380       400

Validation Loss: 0.35875481367111206
              precision    recall  f1-score   support

           0     0.9130    0.9130    0.9130        23
           2     0.7714    0.9000    0.8308        30
           4     0.4444    0.5000    0.4706         8
           5     1.0000    0.3889    0.5600        18
           6     0.7857    0.8148    0.8000        54
           7     0.7556    0.6182    0.6800        55
           9     0.9200    0.9764    0.9474       212

    accuracy                         0.8600       400
   macro avg     0.7986    0.7302    0.7431       400
weighted avg     0.8618    0.8600    0.8530       400

Validation Loss: 0.3589411824941635
              precision    recall  f1-score   support

           0     1.0000    0.6957    0.8205        23
           2     0.7250    0.9667    0.8286        30
           4     0.4000    0.5000    0.4444         8
           5     0.8750    0.3889    0.5385        18
           6     0.7719    0.8148    0.7928        54
           7     0.7231    0.8545    0.7833        55
           9     0.9755    0.9387    0.9567       212

    accuracy                         0.8650       400
   macro avg     0.7815    0.7370    0.7378       400
weighted avg     0.8799    0.8650    0.8642       400

Validation Loss: 0.3375045657157898
              precision    recall  f1-score   support

           0     1.0000    0.7826    0.8780        23
           2     0.7941    0.9000    0.8438        30
           4     0.4000    0.2500    0.3077         8
           5     0.6667    0.3333    0.4444        18
           6     0.7077    0.8519    0.7731        54
           7     0.7344    0.8545    0.7899        55
           9     0.9854    0.9528    0.9688       212

    accuracy                         0.8700       400
   macro avg     0.7555    0.7036    0.7151       400
weighted avg     0.8738    0.8700    0.8664       400

Validation Loss: 0.3585791140794754
              precision    recall  f1-score   support

           0     0.9500    0.8261    0.8837        23
           2     0.8182    0.9000    0.8571        30
           4     0.5000    0.6250    0.5556         8
           5     0.7000    0.3889    0.5000        18
           6     0.7800    0.7222    0.7500        54
           7     0.7255    0.6727    0.6981        55
           9     0.9204    0.9811    0.9498       212

    accuracy                         0.8550       400
   macro avg     0.7706    0.7309    0.7420       400
weighted avg     0.8503    0.8550    0.8493       400

Validation Loss: 0.3877909481525421
              precision    recall  f1-score   support

           0     1.0000    0.8696    0.9302        23
           2     0.8485    0.9333    0.8889        30
           4     0.5000    0.5000    0.5000         8
           5     0.6923    0.5000    0.5806        18
           6     0.8000    0.6667    0.7273        54
           7     0.6667    0.6182    0.6415        55
           9     0.9087    0.9858    0.9457       212

    accuracy                         0.8500       400
   macro avg     0.7737    0.7248    0.7449       400
weighted avg     0.8436    0.8500    0.8439       400

Validation Loss: 0.36321529746055603
              precision    recall  f1-score   support

           0     0.9524    0.8696    0.9091        23
           2     0.8438    0.9000    0.8710        30
           4     0.5000    0.3750    0.4286         8
           5     0.8333    0.5556    0.6667        18
           6     0.7600    0.7037    0.7308        54
           7     0.6852    0.6727    0.6789        55
           9     0.9200    0.9764    0.9474       212

    accuracy                         0.8550       400
   macro avg     0.7849    0.7219    0.7475       400
weighted avg     0.8500    0.8550    0.8503       400

Validation Loss: 0.30785292387008667
              precision    recall  f1-score   support

           0     0.9091    0.8696    0.8889        23
           2     0.8125    0.8667    0.8387        30
           4     0.4444    0.5000    0.4706         8
           5     0.7143    0.5556    0.6250        18
           6     0.8113    0.7963    0.8037        54
           7     0.7778    0.7636    0.7706        55
           9     0.9537    0.9717    0.9626       212

    accuracy                         0.8775       400
   macro avg     0.7747    0.7605    0.7657       400
weighted avg     0.8762    0.8775    0.8762       400

Validation Loss: 0.3385091871023178
              precision    recall  f1-score   support

           0     0.8696    0.8696    0.8696        23
           2     0.6757    0.8333    0.7463        30
           4     0.1111    0.1250    0.1176         8
           5     0.8182    0.5000    0.6207        18
           6     0.8333    0.8333    0.8333        54
           7     0.7586    0.8000    0.7788        55
           9     0.9663    0.9481    0.9571       212

    accuracy                         0.8625       400
   macro avg     0.7190    0.7013    0.7033       400
weighted avg     0.8687    0.8625    0.8631       400

Validation Loss: 0.30846254527568817
              precision    recall  f1-score   support

           0     0.9500    0.8261    0.8837        23
           2     0.7941    0.9000    0.8438        30
           4     0.4167    0.6250    0.5000         8
           5     0.9091    0.5556    0.6897        18
           6     0.7797    0.8519    0.8142        54
           7     0.7857    0.8000    0.7928        55
           9     0.9760    0.9575    0.9667       212

    accuracy                         0.8850       400
   macro avg     0.8016    0.7880    0.7844       400
weighted avg     0.8940    0.8850    0.8864       400

Validation Loss: 0.30784009397029877
              precision    recall  f1-score   support

           0     1.0000    0.7826    0.8780        23
           2     0.8000    0.9333    0.8615        30
           4     0.4444    0.5000    0.4706         8
           5     0.6875    0.6111    0.6471        18
           6     0.7931    0.8519    0.8214        54
           7     0.7759    0.8182    0.7965        55
           9     0.9806    0.9528    0.9665       212

    accuracy                         0.8850       400
   macro avg     0.7831    0.7786    0.7774       400
weighted avg     0.8908    0.8850    0.8863       400

Validation Loss: 0.3319111168384552
              precision    recall  f1-score   support

           0     0.9524    0.8696    0.9091        23
           2     0.7714    0.9000    0.8308        30
           4     0.1429    0.1250    0.1333         8
           5     0.6154    0.4444    0.5161        18
           6     0.7547    0.7407    0.7477        54
           7     0.7458    0.8000    0.7719        55
           9     0.9623    0.9623    0.9623       212

    accuracy                         0.8600       400
   macro avg     0.7064    0.6917    0.6959       400
weighted avg     0.8576    0.8600    0.8575       400

Validation Loss: 0.3314712345600128
              precision    recall  f1-score   support

           0     0.9091    0.8696    0.8889        23
           2     0.8387    0.8667    0.8525        30
           4     0.3333    0.3750    0.3529         8
           5     0.7500    0.6667    0.7059        18
           6     0.8235    0.7778    0.8000        54
           7     0.7800    0.7091    0.7429        55
           9     0.9367    0.9764    0.9561       212

    accuracy                         0.8725       400
   macro avg     0.7673    0.7487    0.7570       400
weighted avg     0.8704    0.8725    0.8708       400

Validation Loss: 0.33500051498413086
              precision    recall  f1-score   support

           0     1.0000    0.8261    0.9048        23
           2     0.8000    0.9333    0.8615        30
           4     0.5000    0.3750    0.4286         8
           5     0.8000    0.4444    0.5714        18
           6     0.7541    0.8519    0.8000        54
           7     0.7500    0.7091    0.7290        55
           9     0.9447    0.9670    0.9557       212

    accuracy                         0.8700       400
   macro avg     0.7927    0.7295    0.7501       400
weighted avg     0.8691    0.8700    0.8657       400

Validation Loss: 0.3412146717309952
              precision    recall  f1-score   support

           0     1.0000    0.8261    0.9048        23
           2     0.8056    0.9667    0.8788        30
           4     0.5000    0.2500    0.3333         8
           5     0.6364    0.3889    0.4828        18
           6     0.7541    0.8519    0.8000        54
           7     0.7419    0.8364    0.7863        55
           9     0.9710    0.9481    0.9594       212

    accuracy                         0.8750       400
   macro avg     0.7727    0.7240    0.7351       400
weighted avg     0.8750    0.8750    0.8709       400

Validation Loss: 0.31217053532600403
              precision    recall  f1-score   support

           0     0.9500    0.8261    0.8837        23
           2     0.7941    0.9000    0.8438        30
           4     0.4286    0.3750    0.4000         8
           5     0.6923    0.5000    0.5806        18
           6     0.7759    0.8333    0.8036        54
           7     0.7833    0.8545    0.8174        55
           9     0.9760    0.9575    0.9667       212

    accuracy                         0.8825       400
   macro avg     0.7715    0.7495    0.7565       400
weighted avg     0.8836    0.8825    0.8814       400

Validation Loss: 0.3647637218236923
              precision    recall  f1-score   support

           0     0.9048    0.8261    0.8636        23
           2     0.7105    0.9000    0.7941        30
           4     0.4444    0.5000    0.4706         8
           5     0.7500    0.5000    0.6000        18
           6     0.8148    0.8148    0.8148        54
           7     0.7458    0.8000    0.7719        55
           9     0.9710    0.9481    0.9594       212

    accuracy                         0.8700       400
   macro avg     0.7630    0.7556    0.7535       400
weighted avg     0.8751    0.8700    0.8703       400

Validation Loss: 0.31968894600868225
              precision    recall  f1-score   support

           0     0.9524    0.8696    0.9091        23
           2     0.8182    0.9000    0.8571        30
           4     0.3333    0.3750    0.3529         8
           5     0.6875    0.6111    0.6471        18
           6     0.8148    0.8148    0.8148        54
           7     0.7719    0.8000    0.7857        55
           9     0.9619    0.9528    0.9573       212

    accuracy                         0.8775       400
   macro avg     0.7629    0.7605    0.7606       400
weighted avg     0.8797    0.8775    0.8782       400

Validation Loss: 0.3487594425678253
              precision    recall  f1-score   support

           0     0.9524    0.8696    0.9091        23
           2     0.8438    0.9000    0.8710        30
           4     0.3333    0.2500    0.2857         8
           5     0.6154    0.4444    0.5161        18
           6     0.7692    0.7407    0.7547        54
           7     0.7321    0.7455    0.7387        55
           9     0.9364    0.9717    0.9537       212

    accuracy                         0.8600       400
   macro avg     0.7404    0.7031    0.7184       400
weighted avg     0.8532    0.8600    0.8555       400

Validation Loss: 0.35008805990219116
              precision    recall  f1-score   support

           0     1.0000    0.8696    0.9302        23
           2     0.7568    0.9333    0.8358        30
           4     0.3000    0.3750    0.3333         8
           5     1.0000    0.6667    0.8000        18
           6     0.8627    0.8148    0.8381        54
           7     0.7895    0.8182    0.8036        55
           9     0.9577    0.9623    0.9600       212

    accuracy                         0.8900       400
   macro avg     0.8095    0.7771    0.7859       400
weighted avg     0.8979    0.8900    0.8913       400

Validation Loss: 0.32227058708667755
              precision    recall  f1-score   support

           0     0.8696    0.8696    0.8696        23
           2     0.8333    0.8333    0.8333        30
           4     0.5556    0.6250    0.5882         8
           5     0.8333    0.5556    0.6667        18
           6     0.7719    0.8148    0.7928        54
           7     0.7288    0.7818    0.7544        55
           9     0.9619    0.9528    0.9573       212

    accuracy                         0.8725       400
   macro avg     0.7935    0.7761    0.7803       400
weighted avg     0.8753    0.8725    0.8724       400

Validation Loss: 0.3405010849237442
              precision    recall  f1-score   support

           0     1.0000    0.8696    0.9302        23
           2     0.8485    0.9333    0.8889        30
           4     0.3333    0.1250    0.1818         8
           5     0.7778    0.3889    0.5185        18
           6     0.7143    0.9259    0.8065        54
           7     0.7719    0.8000    0.7857        55
           9     0.9663    0.9481    0.9571       212

    accuracy                         0.8775       400
   macro avg     0.7732    0.7130    0.7241       400
weighted avg     0.8775    0.8775    0.8713       400

Validation Loss: 0.3325842320919037
              precision    recall  f1-score   support

           0     1.0000    0.8261    0.9048        23
           2     0.8000    0.9333    0.8615        30
           4     0.2000    0.1250    0.1538         8
           5     0.7692    0.5556    0.6452        18
           6     0.7705    0.8704    0.8174        54
           7     0.7460    0.8545    0.7966        55
           9     0.9804    0.9434    0.9615       212

    accuracy                         0.8800       400
   macro avg     0.7523    0.7298    0.7344       400
weighted avg     0.8823    0.8800    0.8782       400

Validation Loss: 0.3429962992668152
              precision    recall  f1-score   support

           0     1.0000    0.8261    0.9048        23
           2     0.8182    0.9000    0.8571        30
           4     0.4545    0.6250    0.5263         8
           5     0.8182    0.5000    0.6207        18
           6     0.8000    0.8148    0.8073        54
           7     0.7727    0.6182    0.6869        55
           9     0.9163    0.9811    0.9476       212

    accuracy                         0.8650       400
   macro avg     0.7971    0.7522    0.7644       400
weighted avg     0.8647    0.8650    0.8604       400

Validation Loss: 0.33193375170230865
              precision    recall  f1-score   support

           0     0.9500    0.8261    0.8837        23
           2     0.8000    0.9333    0.8615        30
           4     0.4286    0.3750    0.4000         8
           5     0.7333    0.6111    0.6667        18
           6     0.8148    0.8148    0.8148        54
           7     0.7333    0.8000    0.7652        55
           9     0.9617    0.9481    0.9549       212

    accuracy                         0.8750       400
   macro avg     0.7745    0.7584    0.7638       400
weighted avg     0.8767    0.8750    0.8747       400

Validation Loss: 0.31191690266132355
              precision    recall  f1-score   support

           0     0.9091    0.8696    0.8889        23
           2     0.8125    0.8667    0.8387        30
           4     0.5000    0.5000    0.5000         8
           5     0.8571    0.6667    0.7500        18
           6     0.8070    0.8519    0.8288        54
           7     0.7586    0.8000    0.7788        55
           9     0.9665    0.9528    0.9596       212

    accuracy                         0.8850       400
   macro avg     0.8016    0.7868    0.7921       400
weighted avg     0.8873    0.8850    0.8853       400

Validation Loss: 0.3788418173789978
              precision    recall  f1-score   support

           0     0.8333    0.8696    0.8511        23
           2     0.7742    0.8000    0.7869        30
           4     0.3333    0.6250    0.4348         8
           5     0.8889    0.4444    0.5926        18
           6     0.8200    0.7593    0.7885        54
           7     0.7358    0.7091    0.7222        55
           9     0.9404    0.9670    0.9535       212

    accuracy                         0.8550       400
   macro avg     0.7609    0.7392    0.7328       400
weighted avg     0.8629    0.8550    0.8544       400

Validation Loss: 0.3423112779855728
              precision    recall  f1-score   support

           0     0.9091    0.8696    0.8889        23
           2     0.8125    0.8667    0.8387        30
           4     0.5000    0.7500    0.6000         8
           5     0.9286    0.7222    0.8125        18
           6     0.8600    0.7963    0.8269        54
           7     0.8113    0.7818    0.7963        55
           9     0.9539    0.9764    0.9650       212

    accuracy                         0.8950       400
   macro avg     0.8251    0.8233    0.8183       400
weighted avg     0.8982    0.8950    0.8952       400

Validation Loss: 0.34844668209552765
              precision    recall  f1-score   support

           0     0.8696    0.8696    0.8696        23
           2     0.7576    0.8333    0.7937        30
           4     0.3333    0.2500    0.2857         8
           5     0.7857    0.6111    0.6875        18
           6     0.8077    0.7778    0.7925        54
           7     0.7288    0.7818    0.7544        55
           9     0.9531    0.9575    0.9553       212

    accuracy                         0.8650       400
   macro avg     0.7480    0.7259    0.7341       400
weighted avg     0.8632    0.8650    0.8632       400

Validation Loss: 0.30721043050289154
              precision    recall  f1-score   support

           0     1.0000    0.8696    0.9302        23
           2     0.7778    0.9333    0.8485        30
           4     0.3333    0.5000    0.4000         8
           5     0.8333    0.5556    0.6667        18
           6     0.8600    0.7963    0.8269        54
           7     0.7541    0.8364    0.7931        55
           9     0.9713    0.9575    0.9644       212

    accuracy                         0.8850       400
   macro avg     0.7900    0.7784    0.7757       400
weighted avg     0.8946    0.8850    0.8869       400

Validation Loss: 0.3250182121992111
              precision    recall  f1-score   support

           0     0.9524    0.8696    0.9091        23
           2     0.8438    0.9000    0.8710        30
           4     0.4286    0.3750    0.4000         8
           5     0.8571    0.6667    0.7500        18
           6     0.7931    0.8519    0.8214        54
           7     0.7636    0.7636    0.7636        55
           9     0.9531    0.9575    0.9553       212

    accuracy                         0.8825       400
   macro avg     0.7988    0.7692    0.7815       400
weighted avg     0.8824    0.8825    0.8815       400

Validation Loss: 0.32608722150325775
              precision    recall  f1-score   support

           0     0.8696    0.8696    0.8696        23
           2     0.8333    0.8333    0.8333        30
           4     0.4286    0.3750    0.4000         8
           5     0.6842    0.7222    0.7027        18
           6     0.8148    0.8148    0.8148        54
           7     0.7321    0.7455    0.7387        55
           9     0.9526    0.9481    0.9504       212

    accuracy                         0.8675       400
   macro avg     0.7593    0.7584    0.7585       400
weighted avg     0.8674    0.8675    0.8674       400

Validation Loss: 0.3596489727497101
              precision    recall  f1-score   support

           0     0.9091    0.8696    0.8889        23
           2     0.8387    0.8667    0.8525        30
           4     0.5714    0.5000    0.5333         8
           5     0.7273    0.4444    0.5517        18
           6     0.7593    0.7593    0.7593        54
           7     0.7458    0.8000    0.7719        55
           9     0.9537    0.9717    0.9626       212

    accuracy                         0.8725       400
   macro avg     0.7865    0.7445    0.7600       400
weighted avg     0.8698    0.8725    0.8694       400

Validation Loss: 0.31631769239902496
              precision    recall  f1-score   support

           0     0.8696    0.8696    0.8696        23
           2     0.7812    0.8333    0.8065        30
           4     0.4444    0.5000    0.4706         8
           5     0.8889    0.8889    0.8889        18
           6     0.8776    0.7963    0.8350        54
           7     0.7627    0.8182    0.7895        55
           9     0.9667    0.9575    0.9621       212

    accuracy                         0.8900       400
   macro avg     0.7987    0.8091    0.8031       400
weighted avg     0.8932    0.8900    0.8911       400

Validation Loss: 0.34421679377555847
              precision    recall  f1-score   support

           0     0.9524    0.8696    0.9091        23
           2     0.8000    0.9333    0.8615        30
           4     0.3750    0.3750    0.3750         8
           5     0.8000    0.6667    0.7273        18
           6     0.8367    0.7593    0.7961        54
           7     0.7097    0.8000    0.7521        55
           9     0.9619    0.9528    0.9573       212

    accuracy                         0.8750       400
   macro avg     0.7765    0.7652    0.7684       400
weighted avg     0.8786    0.8750    0.8754       400

Validation Loss: 0.336565837264061
              precision    recall  f1-score   support

           0     0.9500    0.8261    0.8837        23
           2     0.7941    0.9000    0.8438        30
           4     0.5714    0.5000    0.5333         8
           5     0.8667    0.7222    0.7879        18
           6     0.8113    0.7963    0.8037        54
           7     0.7143    0.7273    0.7207        55
           9     0.9488    0.9623    0.9555       212

    accuracy                         0.8750       400
   macro avg     0.8081    0.7763    0.7898       400
weighted avg     0.8752    0.8750    0.8742       400

Validation Loss: 0.3570245951414108
              precision    recall  f1-score   support

           0     0.9500    0.8261    0.8837        23
           2     0.7714    0.9000    0.8308        30
           4     0.4286    0.3750    0.4000         8
           5     0.8182    0.5000    0.6207        18
           6     0.7843    0.7407    0.7619        54
           7     0.6897    0.7273    0.7080        55
           9     0.9404    0.9670    0.9535       212

    accuracy                         0.8575       400
   macro avg     0.7689    0.7194    0.7369       400
weighted avg     0.8570    0.8575    0.8546       400

Validation Loss: 0.3440161347389221
              precision    recall  f1-score   support

           0     1.0000    0.8696    0.9302        23
           2     0.8235    0.9333    0.8750        30
           4     0.3750    0.3750    0.3750         8
           5     0.8182    0.5000    0.6207        18
           6     0.8000    0.8148    0.8073        54
           7     0.7800    0.7091    0.7429        55
           9     0.9369    0.9811    0.9585       212

    accuracy                         0.8775       400
   macro avg     0.7905    0.7404    0.7585       400
weighted avg     0.8754    0.8775    0.8737       400

Validation Loss: 0.3384477198123932
              precision    recall  f1-score   support

           0     0.9412    0.6957    0.8000        23
           2     0.7500    0.9000    0.8182        30
           4     0.3333    0.2500    0.2857         8
           5     0.7500    0.5000    0.6000        18
           6     0.7797    0.8519    0.8142        54
           7     0.7500    0.8182    0.7826        55
           9     0.9619    0.9528    0.9573       212

    accuracy                         0.8675       400
   macro avg     0.7523    0.7098    0.7226       400
weighted avg     0.8690    0.8675    0.8650       400

Validation Loss: 0.34492363035678864
              precision    recall  f1-score   support

           0     0.9500    0.8261    0.8837        23
           2     0.8182    0.9000    0.8571        30
           4     0.4286    0.3750    0.4000         8
           5     0.7692    0.5556    0.6452        18
           6     0.8113    0.7963    0.8037        54
           7     0.7258    0.8182    0.7692        55
           9     0.9623    0.9623    0.9623       212

    accuracy                         0.8775       400
   macro avg     0.7808    0.7476    0.7602       400
weighted avg     0.8785    0.8775    0.8764       400

Validation Loss: 0.36380167305469513
              precision    recall  f1-score   support

           0     0.9545    0.9130    0.9333        23
           2     0.9000    0.9000    0.9000        30
           4     0.4444    0.5000    0.4706         8
           5     0.6250    0.5556    0.5882        18
           6     0.7917    0.7037    0.7451        54
           7     0.7143    0.6364    0.6731        55
           9     0.9248    0.9858    0.9543       212

    accuracy                         0.8600       400
   macro avg     0.7650    0.7421    0.7521       400
weighted avg     0.8546    0.8600    0.8560       400

Validation Loss: 0.34360142052173615
              precision    recall  f1-score   support

           0     0.8750    0.9130    0.8936        23
           2     0.8889    0.8000    0.8421        30
           4     0.4444    0.5000    0.4706         8
           5     0.6923    0.5000    0.5806        18
           6     0.7778    0.7778    0.7778        54
           7     0.7600    0.6909    0.7238        55
           9     0.9327    0.9811    0.9563       212

    accuracy                         0.8650       400
   macro avg     0.7673    0.7376    0.7493       400
weighted avg     0.8609    0.8650    0.8615       400

Validation Loss: 0.3194506764411926
              precision    recall  f1-score   support

           0     1.0000    0.8696    0.9302        23
           2     0.7778    0.9333    0.8485        30
           4     0.3750    0.3750    0.3750         8
           5     0.8333    0.5556    0.6667        18
           6     0.8393    0.8704    0.8545        54
           7     0.8036    0.8182    0.8108        55
           9     0.9623    0.9623    0.9623       212

    accuracy                         0.8925       400
   macro avg     0.7987    0.7692    0.7783       400
weighted avg     0.8946    0.8925    0.8915       400

Validation Loss: 0.4353630244731903
              precision    recall  f1-score   support

           0     0.8750    0.9130    0.8936        23
           2     0.8667    0.8667    0.8667        30
           4     0.4000    0.5000    0.4444         8
           5     0.7059    0.6667    0.6857        18
           6     0.8750    0.6481    0.7447        54
           7     0.6596    0.5636    0.6078        55
           9     0.9009    0.9858    0.9414       212

    accuracy                         0.8450       400
   macro avg     0.7547    0.7349    0.7406       400
weighted avg     0.8414    0.8450    0.8392       400

Validation Loss: 0.3244229555130005
              precision    recall  f1-score   support

           0     0.9091    0.8696    0.8889        23
           2     0.7812    0.8333    0.8065        30
           4     0.3000    0.3750    0.3333         8
           5     0.7692    0.5556    0.6452        18
           6     0.8000    0.8148    0.8073        54
           7     0.8125    0.7091    0.7573        55
           9     0.9409    0.9764    0.9583       212

    accuracy                         0.8700       400
   macro avg     0.7590    0.7334    0.7424       400
weighted avg     0.8699    0.8700    0.8683       400

Validation Loss: 0.3530309349298477
              precision    recall  f1-score   support

           0     0.9048    0.8261    0.8636        23
           2     0.7879    0.8667    0.8254        30
           4     0.4444    0.5000    0.4706         8
           5     0.8182    0.5000    0.6207        18
           6     0.7885    0.7593    0.7736        54
           7     0.7193    0.7455    0.7321        55
           9     0.9447    0.9670    0.9557       212

    accuracy                         0.8625       400
   macro avg     0.7725    0.7378    0.7488       400
weighted avg     0.8629    0.8625    0.8605       400

Validation Loss: 0.35799048840999603
              precision    recall  f1-score   support

           0     0.9545    0.9130    0.9333        23
           2     0.8710    0.9000    0.8852        30
           4     0.4444    0.5000    0.4706         8
           5     0.5000    0.1667    0.2500        18
           6     0.6780    0.7407    0.7080        54
           7     0.7091    0.7091    0.7091        55
           9     0.9450    0.9717    0.9581       212

    accuracy                         0.8500       400
   macro avg     0.7289    0.7002    0.7021       400
weighted avg     0.8414    0.8500    0.8416       400

Validation Loss: 0.365277424454689
              precision    recall  f1-score   support

           0     1.0000    0.6957    0.8205        23
           2     0.7568    0.9333    0.8358        30
           4     0.4286    0.3750    0.4000         8
           5     0.7778    0.3889    0.5185        18
           6     0.7368    0.7778    0.7568        54
           7     0.7288    0.7818    0.7544        55
           9     0.9488    0.9623    0.9555       212

    accuracy                         0.8575       400
   macro avg     0.7682    0.7021    0.7202       400
weighted avg     0.8604    0.8575    0.8535       400

Validation Loss: 0.34160126745700836
              precision    recall  f1-score   support

           0     0.9524    0.8696    0.9091        23
           2     0.8438    0.9000    0.8710        30
           4     0.5455    0.7500    0.6316         8
           5     0.9000    0.5000    0.6429        18
           6     0.7619    0.8889    0.8205        54
           7     0.7736    0.7455    0.7593        55
           9     0.9619    0.9528    0.9573       212

    accuracy                         0.8825       400
   macro avg     0.8199    0.8010    0.7988       400
weighted avg     0.8885    0.8825    0.8817       400

Validation Loss: 0.31859472393989563
              precision    recall  f1-score   support

           0     0.9524    0.8696    0.9091        23
           2     0.7778    0.9333    0.8485        30
           4     0.5000    0.3750    0.4286         8
           5     0.8182    0.5000    0.6207        18
           6     0.7857    0.8148    0.8000        54
           7     0.7460    0.8545    0.7966        55
           9     0.9710    0.9481    0.9594       212

    accuracy                         0.8800       400
   macro avg     0.7930    0.7565    0.7661       400
weighted avg     0.8832    0.8800    0.8784       400

Validation Loss: 0.3241180032491684
              precision    recall  f1-score   support

           0     0.9091    0.8696    0.8889        23
           2     0.7222    0.8667    0.7879        30
           4     0.5000    0.5000    0.5000         8
           5     0.8000    0.6667    0.7273        18
           6     0.8654    0.8333    0.8491        54
           7     0.7797    0.8364    0.8070        55
           9     0.9712    0.9528    0.9619       212

    accuracy                         0.8875       400
   macro avg     0.7925    0.7893    0.7889       400
weighted avg     0.8912    0.8875    0.8883       400

Validation Loss: 0.3420703858137131
              precision    recall  f1-score   support

           0     0.8400    0.9130    0.8750        23
           2     0.7143    0.8333    0.7692        30
           4     0.2308    0.3750    0.2857         8
           5     0.8333    0.5556    0.6667        18
           6     0.8776    0.7963    0.8350        54
           7     0.8036    0.8182    0.8108        55
           9     0.9667    0.9575    0.9621       212

    accuracy                         0.8750       400
   macro avg     0.7523    0.7499    0.7435       400
weighted avg     0.8853    0.8750    0.8778       400

Validation Loss: 0.3548378348350525
              precision    recall  f1-score   support

           0     0.9524    0.8696    0.9091        23
           2     0.8438    0.9000    0.8710        30
           4     0.5000    0.3750    0.4286         8
           5     0.7000    0.7778    0.7368        18
           6     0.8333    0.7407    0.7843        54
           7     0.7391    0.6182    0.6733        55
           9     0.9207    0.9858    0.9522       212

    accuracy                         0.8675       400
   macro avg     0.7842    0.7524    0.7650       400
weighted avg     0.8616    0.8675    0.8624       400

Validation Loss: 0.395161971449852
              precision    recall  f1-score   support

           0     0.8750    0.9130    0.8936        23
           2     0.8387    0.8667    0.8525        30
           4     0.4545    0.6250    0.5263         8
           5     0.8667    0.7222    0.7879        18
           6     0.8667    0.7222    0.7879        54
           7     0.7143    0.5455    0.6186        55
           9     0.9009    0.9858    0.9414       212

    accuracy                         0.8575       400
   macro avg     0.7881    0.7686    0.7726       400
weighted avg     0.8540    0.8575    0.8517       400

Validation Loss: 0.36472998559474945
              precision    recall  f1-score   support

           0     0.9545    0.9130    0.9333        23
           2     0.8182    0.9000    0.8571        30
           4     0.2727    0.3750    0.3158         8
           5     0.7059    0.6667    0.6857        18
           6     0.8511    0.7407    0.7921        54
           7     0.7347    0.6545    0.6923        55
           9     0.9321    0.9717    0.9515       212

    accuracy                         0.8625       400
   macro avg     0.7527    0.7460    0.7468       400
weighted avg     0.8634    0.8625    0.8615       400

Validation Loss: 0.38884806632995605
              precision    recall  f1-score   support

           0     0.9545    0.9130    0.9333        23
           2     0.8438    0.9000    0.8710        30
           4     0.4000    0.5000    0.4444         8
           5     0.7222    0.7222    0.7222        18
           6     0.8542    0.7593    0.8039        54
           7     0.7500    0.6000    0.6667        55
           9     0.9159    0.9764    0.9452       212

    accuracy                         0.8650       400
   macro avg     0.7772    0.7673    0.7695       400
weighted avg     0.8625    0.8650    0.8615       400

Validation Loss: 0.38020657002925873
              precision    recall  f1-score   support

           0     0.9444    0.7391    0.8293        23
           2     0.7105    0.9000    0.7941        30
           4     0.2222    0.2500    0.2353         8
           5     0.7857    0.6111    0.6875        18
           6     0.8333    0.7407    0.7843        54
           7     0.7347    0.6545    0.6923        55
           9     0.9241    0.9764    0.9495       212

    accuracy                         0.8500       400
   macro avg     0.7364    0.6960    0.7103       400
weighted avg     0.8507    0.8500    0.8472       400

Validation Loss: 0.3312520831823349
              precision    recall  f1-score   support

           0     0.9091    0.8696    0.8889        23
           2     0.8125    0.8667    0.8387        30
           4     0.4444    0.5000    0.4706         8
           5     0.7273    0.4444    0.5517        18
           6     0.7963    0.7963    0.7963        54
           7     0.7455    0.7455    0.7455        55
           9     0.9493    0.9717    0.9604       212

    accuracy                         0.8700       400
   macro avg     0.7692    0.7420    0.7503       400
weighted avg     0.8680    0.8700    0.8673       400

Validation Loss: 0.33407992124557495
              precision    recall  f1-score   support

           0     0.9524    0.8696    0.9091        23
           2     0.8710    0.9000    0.8852        30
           4     0.5556    0.6250    0.5882         8
           5     0.8000    0.4444    0.5714        18
           6     0.7719    0.8148    0.7928        54
           7     0.7167    0.7818    0.7478        55
           9     0.9528    0.9528    0.9528       212

    accuracy                         0.8725       400
   macro avg     0.8029    0.7698    0.7782       400
weighted avg     0.8749    0.8725    0.8710       400

Validation Loss: 0.3368806838989258
              precision    recall  f1-score   support

           0     0.9524    0.8696    0.9091        23
           2     0.8438    0.9000    0.8710        30
           4     0.5000    0.5000    0.5000         8
           5     0.7143    0.5556    0.6250        18
           6     0.8125    0.7222    0.7647        54
           7     0.6833    0.7455    0.7130        55
           9     0.9447    0.9670    0.9557       212

    accuracy                         0.8650       400
   macro avg     0.7787    0.7514    0.7626       400
weighted avg     0.8645    0.8650    0.8635       400

Validation Loss: 0.3333815336227417
              precision    recall  f1-score   support

           0     0.9524    0.8696    0.9091        23
           2     0.7714    0.9000    0.8308        30
           4     0.3750    0.3750    0.3750         8
           5     0.8235    0.7778    0.8000        18
           6     0.9167    0.8148    0.8627        54
           7     0.7581    0.8545    0.8034        55
           9     0.9665    0.9528    0.9596       212

    accuracy                         0.8925       400
   macro avg     0.7948    0.7921    0.7915       400
weighted avg     0.8974    0.8925    0.8936       400

Validation Loss: 0.3392350822687149
              precision    recall  f1-score   support

           0     0.9048    0.8261    0.8636        23
           2     0.7429    0.8667    0.8000        30
           4     0.3333    0.3750    0.3529         8
           5     0.7500    0.5000    0.6000        18
           6     0.8113    0.7963    0.8037        54
           7     0.7736    0.7455    0.7593        55
           9     0.9493    0.9717    0.9604       212

    accuracy                         0.8675       400
   macro avg     0.7522    0.7259    0.7343       400
weighted avg     0.8672    0.8675    0.8656       400

Validation Loss: 0.3111727684736252
              precision    recall  f1-score   support

           0     0.9524    0.8696    0.9091        23
           2     0.8182    0.9000    0.8571        30
           4     0.5000    0.5000    0.5000         8
           5     0.8333    0.8333    0.8333        18
           6     0.8627    0.8148    0.8381        54
           7     0.7627    0.8182    0.7895        55
           9     0.9667    0.9575    0.9621       212

    accuracy                         0.8950       400
   macro avg     0.8137    0.8133    0.8127       400
weighted avg     0.8973    0.8950    0.8957       400

Validation Loss: 0.3404187262058258
              precision    recall  f1-score   support

           0     0.8696    0.8696    0.8696        23
           2     0.7812    0.8333    0.8065        30
           4     0.5000    0.3750    0.4286         8
           5     0.6667    0.5556    0.6061        18
           6     0.7759    0.8333    0.8036        54
           7     0.7414    0.7818    0.7611        55
           9     0.9663    0.9481    0.9571       212

    accuracy                         0.8675       400
   macro avg     0.7573    0.7424    0.7475       400
weighted avg     0.8674    0.8675    0.8667       400

Validation Loss: 0.3421861380338669
              precision    recall  f1-score   support

           0     0.8333    0.8696    0.8511        23
           2     0.8000    0.8000    0.8000        30
           4     0.5000    0.5000    0.5000         8
           5     0.8000    0.4444    0.5714        18
           6     0.7636    0.7778    0.7706        54
           7     0.7586    0.8000    0.7788        55
           9     0.9581    0.9717    0.9649       212

    accuracy                         0.8700       400
   macro avg     0.7734    0.7376    0.7481       400
weighted avg     0.8691    0.8700    0.8671       400

Validation Loss: 0.327651709318161
              precision    recall  f1-score   support

           0     0.9091    0.8696    0.8889        23
           2     0.8387    0.8667    0.8525        30
           4     0.5000    0.3750    0.4286         8
           5     0.6667    0.6667    0.6667        18
           6     0.8182    0.8333    0.8257        54
           7     0.7885    0.7455    0.7664        55
           9     0.9491    0.9670    0.9579       212

    accuracy                         0.8800       400
   macro avg     0.7815    0.7605    0.7695       400
weighted avg     0.8771    0.8800    0.8782       400

Validation Loss: 0.36008262634277344
              precision    recall  f1-score   support

           0     1.0000    0.7826    0.8780        23
           2     0.7879    0.8667    0.8254        30
           4     0.4000    0.2500    0.3077         8
           5     0.8333    0.5556    0.6667        18
           6     0.7541    0.8519    0.8000        54
           7     0.7368    0.7636    0.7500        55
           9     0.9486    0.9575    0.9531       212

    accuracy                         0.8675       400
   macro avg     0.7801    0.7183    0.7401       400
weighted avg     0.8680    0.8675    0.8648       400

Validation Loss: 0.3362084627151489
              precision    recall  f1-score   support

           0     1.0000    0.8696    0.9302        23
           2     0.8235    0.9333    0.8750        30
           4     0.4286    0.3750    0.4000         8
           5     0.7273    0.4444    0.5517        18
           6     0.7460    0.8704    0.8034        54
           7     0.7455    0.7455    0.7455        55
           9     0.9571    0.9481    0.9526       212

    accuracy                         0.8700       400
   macro avg     0.7754    0.7409    0.7512       400
weighted avg     0.8711    0.8700    0.8678       400

Validation Loss: 0.31370769441127777
              precision    recall  f1-score   support

           0     0.9091    0.8696    0.8889        23
           2     0.7879    0.8667    0.8254        30
           4     0.4286    0.3750    0.4000         8
           5     0.7895    0.8333    0.8108        18
           6     0.8519    0.8519    0.8519        54
           7     0.7705    0.8545    0.8103        55
           9     0.9853    0.9481    0.9663       212

    accuracy                         0.8950       400
   macro avg     0.7890    0.7999    0.7934       400
weighted avg     0.8986    0.8950    0.8961       400

Validation Loss: 0.36629892885684967
              precision    recall  f1-score   support

           0     0.9130    0.9130    0.9130        23
           2     0.8621    0.8333    0.8475        30
           4     0.4000    0.5000    0.4444         8
           5     0.7500    0.5000    0.6000        18
           6     0.7586    0.8148    0.7857        54
           7     0.7600    0.6909    0.7238        55
           9     0.9404    0.9670    0.9535       212

    accuracy                         0.8650       400
   macro avg     0.7692    0.7456    0.7526       400
weighted avg     0.8642    0.8650    0.8629       400

Validation Loss: 0.3308527022600174
              precision    recall  f1-score   support

           0     0.9091    0.8696    0.8889        23
           2     0.7879    0.8667    0.8254        30
           4     0.5000    0.5000    0.5000         8
           5     0.8333    0.5556    0.6667        18
           6     0.8036    0.8333    0.8182        54
           7     0.7843    0.7273    0.7547        55
           9     0.9450    0.9717    0.9581       212

    accuracy                         0.8775       400
   macro avg     0.7947    0.7606    0.7731       400
weighted avg     0.8760    0.8775    0.8751       400

Validation Loss: 0.3524855077266693
              precision    recall  f1-score   support

           0     0.8750    0.9130    0.8936        23
           2     0.8621    0.8333    0.8475        30
           4     0.5000    0.5000    0.5000         8
           5     0.6364    0.3889    0.4828        18
           6     0.7455    0.7593    0.7523        54
           7     0.7636    0.7636    0.7636        55
           9     0.9450    0.9717    0.9581       212

    accuracy                         0.8650       400
   macro avg     0.7611    0.7328    0.7426       400
weighted avg     0.8601    0.8650    0.8610       400

Validation Loss: 0.3142031282186508
              precision    recall  f1-score   support

           0     0.8750    0.9130    0.8936        23
           2     0.8125    0.8667    0.8387        30
           4     0.5000    0.5000    0.5000         8
           5     0.8750    0.7778    0.8235        18
           6     0.8824    0.8333    0.8571        54
           7     0.7593    0.7455    0.7523        55
           9     0.9488    0.9623    0.9555       212

    accuracy                         0.8875       400
   macro avg     0.8076    0.7998    0.8030       400
weighted avg     0.8870    0.8875    0.8869       400

Validation Loss: 0.3338969349861145
              precision    recall  f1-score   support

           0     0.9091    0.8696    0.8889        23
           2     0.7105    0.9000    0.7941        30
           4     0.0000    0.0000    0.0000         8
           5     0.8000    0.6667    0.7273        18
           6     0.7931    0.8519    0.8214        54
           7     0.7857    0.8000    0.7928        55
           9     0.9853    0.9481    0.9663       212

    accuracy                         0.8750       400
   macro avg     0.7120    0.7195    0.7130       400
weighted avg     0.8789    0.8750    0.8755       400

Validation Loss: 0.34058840572834015
              precision    recall  f1-score   support

           0     0.9091    0.8696    0.8889        23
           2     0.7647    0.8667    0.8125        30
           4     0.4000    0.5000    0.4444         8
           5     0.8000    0.6667    0.7273        18
           6     0.8214    0.8519    0.8364        54
           7     0.8148    0.8000    0.8073        55
           9     0.9713    0.9575    0.9644       212

    accuracy                         0.8875       400
   macro avg     0.7830    0.7875    0.7830       400
weighted avg     0.8913    0.8875    0.8887       400

Validation Loss: 0.3278065472841263
              precision    recall  f1-score   support

           0     0.8750    0.9130    0.8936        23
           2     0.7812    0.8333    0.8065        30
           4     0.2857    0.2500    0.2667         8
           5     0.8000    0.6667    0.7273        18
           6     0.8491    0.8333    0.8411        54
           7     0.7586    0.8000    0.7788        55
           9     0.9573    0.9528    0.9551       212

    accuracy                         0.8775       400
   macro avg     0.7581    0.7499    0.7527       400
weighted avg     0.8769    0.8775    0.8768       400

Validation Loss: 0.36694586277008057
              precision    recall  f1-score   support

           0     0.8000    0.8696    0.8333        23
           2     0.7353    0.8333    0.7812        30
           4     0.3077    0.5000    0.3810         8
           5     0.7143    0.5556    0.6250        18
           6     0.8125    0.7222    0.7647        54
           7     0.7414    0.7818    0.7611        55
           9     0.9712    0.9528    0.9619       212

    accuracy                         0.8575       400
   macro avg     0.7260    0.7450    0.7297       400
weighted avg     0.8658    0.8575    0.8599       400

Validation Loss: 0.35896360874176025
              precision    recall  f1-score   support

           0     0.9091    0.8696    0.8889        23
           2     0.7647    0.8667    0.8125        30
           4     0.3333    0.3750    0.3529         8
           5     0.8333    0.5556    0.6667        18
           6     0.8182    0.8333    0.8257        54
           7     0.7593    0.7455    0.7523        55
           9     0.9533    0.9623    0.9577       212

    accuracy                         0.8725       400
   macro avg     0.7673    0.7440    0.7510       400
weighted avg     0.8739    0.8725    0.8716       400

Validation Loss: 0.3485197275876999
              precision    recall  f1-score   support

           0     0.9091    0.8696    0.8889        23
           2     0.8387    0.8667    0.8525        30
           4     0.4444    0.5000    0.4706         8
           5     0.7273    0.4444    0.5517        18
           6     0.7963    0.7963    0.7963        54
           7     0.7500    0.7636    0.7568        55
           9     0.9447    0.9670    0.9557       212

    accuracy                         0.8700       400
   macro avg     0.7729    0.7439    0.7532       400
weighted avg     0.8681    0.8700    0.8674       400

Validation Loss: 0.32729634642601013
              precision    recall  f1-score   support

           0     0.9091    0.8696    0.8889        23
           2     0.7879    0.8667    0.8254        30
           4     0.4444    0.5000    0.4706         8
           5     0.8571    0.6667    0.7500        18
           6     0.8654    0.8333    0.8491        54
           7     0.7544    0.7818    0.7679        55
           9     0.9531    0.9575    0.9553       212

    accuracy                         0.8825       400
   macro avg     0.7959    0.7822    0.7867       400
weighted avg     0.8845    0.8825    0.8827       400

Validation Loss: 0.3485416769981384
              precision    recall  f1-score   support

           0     0.9091    0.8696    0.8889        23
           2     0.8387    0.8667    0.8525        30
           4     0.3750    0.3750    0.3750         8
           5     0.5455    0.3333    0.4138        18
           6     0.7333    0.8148    0.7719        54
           7     0.7424    0.8909    0.8099        55
           9     0.9901    0.9434    0.9662       212

    accuracy                         0.8700       400
   macro avg     0.7334    0.7277    0.7255       400
weighted avg     0.8731    0.8700    0.8688       400

Validation Loss: 0.34023521840572357
              precision    recall  f1-score   support

           0     0.9091    0.8696    0.8889        23
           2     0.7879    0.8667    0.8254        30
           4     0.2000    0.1250    0.1538         8
           5     0.7500    0.6667    0.7059        18
           6     0.7667    0.8519    0.8070        54
           7     0.7460    0.8545    0.7966        55
           9     0.9900    0.9387    0.9637       212

    accuracy                         0.8775       400
   macro avg     0.7357    0.7390    0.7345       400
weighted avg     0.8799    0.8775    0.8771       400

Validation Loss: 0.3411117345094681
              precision    recall  f1-score   support

           0     0.8696    0.8696    0.8696        23
           2     0.8065    0.8333    0.8197        30
           4     0.4545    0.6250    0.5263         8
           5     0.8125    0.7222    0.7647        18
           6     0.8235    0.7778    0.8000        54
           7     0.7042    0.9091    0.7937        55
           9     0.9949    0.9245    0.9584       212

    accuracy                         0.8775       400
   macro avg     0.7808    0.8088    0.7903       400
weighted avg     0.8915    0.8775    0.8815       400

Validation Loss: 0.36279746890068054
              precision    recall  f1-score   support

           0     1.0000    0.9130    0.9545        23
           2     0.8438    0.9000    0.8710        30
           4     0.3636    0.5000    0.4211         8
           5     0.7222    0.7222    0.7222        18
           6     0.8043    0.6852    0.7400        54
           7     0.7049    0.7818    0.7414        55
           9     0.9621    0.9575    0.9598       212

    accuracy                         0.8700       400
   macro avg     0.7716    0.7800    0.7729       400
weighted avg     0.8760    0.8700    0.8717       400

Validation Loss: 0.3272838592529297
              precision    recall  f1-score   support

           0     1.0000    0.7826    0.8780        23
           2     0.7368    0.9333    0.8235        30
           4     0.3000    0.3750    0.3333         8
           5     0.9000    0.5000    0.6429        18
           6     0.8036    0.8333    0.8182        54
           7     0.7414    0.7818    0.7611        55
           9     0.9619    0.9528    0.9573       212

    accuracy                         0.8700       400
   macro avg     0.7777    0.7370    0.7449       400
weighted avg     0.8795    0.8700    0.8703       400

Validation Loss: 0.3351520597934723
              precision    recall  f1-score   support

           0     0.8696    0.8696    0.8696        23
           2     0.8065    0.8333    0.8197        30
           4     0.4444    0.5000    0.4706         8
           5     0.8182    0.5000    0.6207        18
           6     0.7857    0.8148    0.8000        54
           7     0.7544    0.7818    0.7679        55
           9     0.9577    0.9623    0.9600       212

    accuracy                         0.8725       400
   macro avg     0.7766    0.7517    0.7583       400
weighted avg     0.8736    0.8725    0.8712       400

Validation Loss: 0.3390995115041733
              precision    recall  f1-score   support

           0     0.9091    0.8696    0.8889        23
           2     0.7879    0.8667    0.8254        30
           4     0.4444    0.5000    0.4706         8
           5     0.8333    0.5556    0.6667        18
           6     0.7818    0.7963    0.7890        54
           7     0.7647    0.7091    0.7358        55
           9     0.9450    0.9717    0.9581       212

    accuracy                         0.8700       400
   macro avg     0.7809    0.7527    0.7621       400
weighted avg     0.8693    0.8700    0.8679       400

Validation Loss: 0.334449902176857
              precision    recall  f1-score   support

           0     0.9091    0.8696    0.8889        23
           2     0.7879    0.8667    0.8254        30
           4     0.4545    0.6250    0.5263         8
           5     0.8462    0.6111    0.7097        18
           6     0.8269    0.7963    0.8113        54
           7     0.7885    0.7455    0.7664        55
           9     0.9493    0.9717    0.9604       212

    accuracy                         0.8800       400
   macro avg     0.7946    0.7837    0.7840       400
weighted avg     0.8817    0.8800    0.8794       400

Validation Loss: 0.3624170273542404
              precision    recall  f1-score   support

           0     0.9524    0.8696    0.9091        23
           2     0.8438    0.9000    0.8710        30
           4     0.4286    0.3750    0.4000         8
           5     0.6667    0.4444    0.5333        18
           6     0.7544    0.7963    0.7748        54
           7     0.7455    0.7455    0.7455        55
           9     0.9491    0.9670    0.9579       212

    accuracy                         0.8675       400
   macro avg     0.7629    0.7282    0.7417       400
weighted avg     0.8640    0.8675    0.8644       400

Validation Loss: 0.37157922983169556
              precision    recall  f1-score   support

           0     0.8333    0.8696    0.8511        23
           2     0.8276    0.8000    0.8136        30
           4     0.4444    0.5000    0.4706         8
           5     0.8000    0.4444    0.5714        18
           6     0.7636    0.7778    0.7706        54
           7     0.7115    0.6727    0.6916        55
           9     0.9321    0.9717    0.9515       212

    accuracy                         0.8525       400
   macro avg     0.7590    0.7195    0.7315       400
weighted avg     0.8498    0.8525    0.8485       400

Validation Loss: 0.35740192234516144
              precision    recall  f1-score   support

           0     0.8000    0.8696    0.8333        23
           2     0.7742    0.8000    0.7869        30
           4     0.3750    0.3750    0.3750         8
           5     0.9091    0.5556    0.6897        18
           6     0.8235    0.7778    0.8000        54
           7     0.7321    0.7455    0.7387        55
           9     0.9450    0.9717    0.9581       212

    accuracy                         0.8650       400
   macro avg     0.7656    0.7279    0.7403       400
weighted avg     0.8651    0.8650    0.8629       400

Validation Loss: 0.35309821367263794
              precision    recall  f1-score   support

           0     0.9091    0.8696    0.8889        23
           2     0.7879    0.8667    0.8254        30
           4     0.3750    0.3750    0.3750         8
           5     0.6923    0.5000    0.5806        18
           6     0.8077    0.7778    0.7925        54
           7     0.7451    0.6909    0.7170        55
           9     0.9321    0.9717    0.9515       212

    accuracy                         0.8600       400
   macro avg     0.7499    0.7217    0.7330       400
weighted avg     0.8555    0.8600    0.8565       400

Validation Loss: 0.3400673419237137
              precision    recall  f1-score   support

           0     0.9048    0.8261    0.8636        23
           2     0.8065    0.8333    0.8197        30
           4     0.4444    0.5000    0.4706         8
           5     0.8182    0.5000    0.6207        18
           6     0.7719    0.8148    0.7928        54
           7     0.7241    0.7636    0.7434        55
           9     0.9531    0.9575    0.9553       212

    accuracy                         0.8650       400
   macro avg     0.7747    0.7422    0.7523       400
weighted avg     0.8671    0.8650    0.8640       400

Validation Loss: 0.3544487804174423
              precision    recall  f1-score   support

           0     0.9474    0.7826    0.8571        23
           2     0.7879    0.8667    0.8254        30
           4     0.4444    0.5000    0.4706         8
           5     0.8000    0.6667    0.7273        18
           6     0.7931    0.8519    0.8214        54
           7     0.7377    0.8182    0.7759        55
           9     0.9707    0.9387    0.9544       212

    accuracy                         0.8750       400
   macro avg     0.7830    0.7750    0.7760       400
weighted avg     0.8814    0.8750    0.8768       400

Validation Loss: 0.34095172584056854
              precision    recall  f1-score   support

           0     0.9091    0.8696    0.8889        23
           2     0.8333    0.8333    0.8333        30
           4     0.4444    0.5000    0.4706         8
           5     0.7273    0.4444    0.5517        18
           6     0.7500    0.8889    0.8136        54
           7     0.7547    0.7273    0.7407        55
           9     0.9526    0.9481    0.9504       212

    accuracy                         0.8650       400
   macro avg     0.7674    0.7445    0.7499       400
weighted avg     0.8663    0.8650    0.8632       400

Validation Loss: 0.3418606370687485
              precision    recall  f1-score   support

           0     0.8696    0.8696    0.8696        23
           2     0.8065    0.8333    0.8197        30
           4     0.4167    0.6250    0.5000         8
           5     0.8462    0.6111    0.7097        18
           6     0.8148    0.8148    0.8148        54
           7     0.7419    0.8364    0.7863        55
           9     0.9805    0.9481    0.9640       212

    accuracy                         0.8800       400
   macro avg     0.7823    0.7912    0.7806       400
weighted avg     0.8886    0.8800    0.8825       400

Validation Loss: 0.3590237498283386
              precision    recall  f1-score   support

           0     0.9444    0.7391    0.8293        23
           2     0.7500    0.9000    0.8182        30
           4     0.2000    0.1250    0.1538         8
           5     0.7500    0.5000    0.6000        18
           6     0.7500    0.8333    0.7895        54
           7     0.7193    0.7455    0.7321        55
           9     0.9528    0.9528    0.9528       212

    accuracy                         0.8550       400
   macro avg     0.7238    0.6851    0.6965       400
weighted avg     0.8535    0.8550    0.8514       400

Validation Loss: 0.3379397988319397
              precision    recall  f1-score   support

           0     1.0000    0.8261    0.9048        23
           2     0.7778    0.9333    0.8485        30
           4     0.5714    0.5000    0.5333         8
           5     0.7778    0.3889    0.5185        18
           6     0.7313    0.9074    0.8099        54
           7     0.7963    0.7818    0.7890        55
           9     0.9712    0.9528    0.9619       212

    accuracy                         0.8800       400
   macro avg     0.8037    0.7558    0.7666       400
weighted avg     0.8852    0.8800    0.8773       400

Validation Loss: 0.3174576759338379
              precision    recall  f1-score   support

           0     0.9524    0.8696    0.9091        23
           2     0.8182    0.9000    0.8571        30
           4     0.2857    0.2500    0.2667         8
           5     0.7333    0.6111    0.6667        18
           6     0.8036    0.8333    0.8182        54
           7     0.8364    0.8364    0.8364        55
           9     0.9718    0.9764    0.9741       212

    accuracy                         0.8950       400
   macro avg     0.7716    0.7538    0.7612       400
weighted avg     0.8934    0.8950    0.8936       400

Validation Loss: 0.3369249850511551
              precision    recall  f1-score   support

           0     0.9524    0.8696    0.9091        23
           2     0.8438    0.9000    0.8710        30
           4     0.5714    0.5000    0.5333         8
           5     0.6923    0.5000    0.5806        18
           6     0.7627    0.8333    0.7965        54
           7     0.7400    0.6727    0.7048        55
           9     0.9404    0.9670    0.9535       212

    accuracy                         0.8675       400
   macro avg     0.7861    0.7489    0.7641       400
weighted avg     0.8637    0.8675    0.8642       400

Validation Loss: 0.34326767921447754
              precision    recall  f1-score   support

           0     0.8462    0.9565    0.8980        23
           2     0.8571    0.8000    0.8276        30
           4     0.4444    0.5000    0.4706         8
           5     0.8000    0.6667    0.7273        18
           6     0.8333    0.7407    0.7843        54
           7     0.7451    0.6909    0.7170        55
           9     0.9327    0.9811    0.9563       212

    accuracy                         0.8700       400
   macro avg     0.7798    0.7623    0.7687       400
weighted avg     0.8671    0.8700    0.8672       400

Validation Loss: 0.37892231345176697
              precision    recall  f1-score   support

           0     0.9130    0.9130    0.9130        23
           2     0.8387    0.8667    0.8525        30
           4     0.3750    0.3750    0.3750         8
           5     0.7059    0.6667    0.6857        18
           6     0.8400    0.7778    0.8077        54
           7     0.7600    0.6909    0.7238        55
           9     0.9367    0.9764    0.9561       212

    accuracy                         0.8725       400
   macro avg     0.7670    0.7524    0.7591       400
weighted avg     0.8690    0.8725    0.8701       400

Validation Loss: 0.3854663819074631
              precision    recall  f1-score   support

           0     0.9130    0.9130    0.9130        23
           2     0.8621    0.8333    0.8475        30
           4     0.4444    0.5000    0.4706         8
           5     0.7500    0.5000    0.6000        18
           6     0.7736    0.7593    0.7664        54
           7     0.7091    0.7091    0.7091        55
           9     0.9406    0.9717    0.9559       212

    accuracy                         0.8625       400
   macro avg     0.7704    0.7409    0.7518       400
weighted avg     0.8603    0.8625    0.8601       400

Validation Loss: 0.3674628287553787
              precision    recall  f1-score   support

           0     0.8400    0.9130    0.8750        23
           2     0.7931    0.7667    0.7797        30
           4     0.3333    0.3750    0.3529         8
           5     0.8182    0.5000    0.6207        18
           6     0.7818    0.7963    0.7890        54
           7     0.7455    0.7455    0.7455        55
           9     0.9491    0.9670    0.9579       212

    accuracy                         0.8625       400
   macro avg     0.7516    0.7233    0.7315       400
weighted avg     0.8623    0.8625    0.8605       400

Validation Loss: 0.3472062051296234
              precision    recall  f1-score   support

           0     0.9524    0.8696    0.9091        23
           2     0.7297    0.9000    0.8060        30
           4     0.2857    0.2500    0.2667         8
           5     0.9167    0.6111    0.7333        18
           6     0.7778    0.9074    0.8376        54
           7     0.7679    0.7818    0.7748        55
           9     0.9804    0.9434    0.9615       212

    accuracy                         0.8800       400
   macro avg     0.7729    0.7519    0.7556       400
weighted avg     0.8866    0.8800    0.8803       400

Validation Loss: 0.364323690533638
              precision    recall  f1-score   support

           0     0.8148    0.9565    0.8800        23
           2     0.7812    0.8333    0.8065        30
           4     0.6667    0.2500    0.3636         8
           5     0.7333    0.6111    0.6667        18
           6     0.7541    0.8519    0.8000        54
           7     0.7586    0.8000    0.7788        55
           9     0.9804    0.9434    0.9615       212

    accuracy                         0.8750       400
   macro avg     0.7842    0.7495    0.7510       400
weighted avg     0.8775    0.8750    0.8731       400

Validation Loss: 0.34413132071495056
              precision    recall  f1-score   support

           0     0.8333    0.8696    0.8511        23
           2     0.7742    0.8000    0.7869        30
           4     0.4444    0.5000    0.4706         8
           5     0.9167    0.6111    0.7333        18
           6     0.7963    0.7963    0.7963        54
           7     0.7288    0.7818    0.7544        55
           9     0.9573    0.9528    0.9551       212

    accuracy                         0.8675       400
   macro avg     0.7787    0.7588    0.7639       400
weighted avg     0.8712    0.8675    0.8678       400

Validation Loss: 0.375932976603508
              precision    recall  f1-score   support

           0     0.9048    0.8261    0.8636        23
           2     0.8182    0.9000    0.8571        30
           4     0.4444    0.5000    0.4706         8
           5     0.7333    0.6111    0.6667        18
           6     0.8125    0.7222    0.7647        54
           7     0.7200    0.6545    0.6857        55
           9     0.9286    0.9811    0.9541       212

    accuracy                         0.8600       400
   macro avg     0.7660    0.7422    0.7518       400
weighted avg     0.8561    0.8600    0.8566       400

Validation Loss: 0.336286723613739
              precision    recall  f1-score   support

           0     0.9091    0.8696    0.8889        23
           2     0.7879    0.8667    0.8254        30
           4     0.4000    0.5000    0.4444         8
           5     0.7692    0.5556    0.6452        18
           6     0.8148    0.8148    0.8148        54
           7     0.7885    0.7455    0.7664        55
           9     0.9491    0.9670    0.9579       212

    accuracy                         0.8750       400
   macro avg     0.7741    0.7599    0.7633       400
weighted avg     0.8754    0.8750    0.8740       400

Validation Loss: 0.3284561485052109
              precision    recall  f1-score   support

           0     0.9091    0.8696    0.8889        23
           2     0.8387    0.8667    0.8525        30
           4     0.4286    0.3750    0.4000         8
           5     0.6875    0.6111    0.6471        18
           6     0.7869    0.8889    0.8348        54
           7     0.8000    0.8000    0.8000        55
           9     0.9712    0.9528    0.9619       212

    accuracy                         0.8850       400
   macro avg     0.7746    0.7663    0.7693       400
weighted avg     0.8856    0.8850    0.8847       400

Validation Loss: 0.3616963028907776
              precision    recall  f1-score   support

           0     0.8400    0.9130    0.8750        23
           2     0.8000    0.8000    0.8000        30
           4     0.3077    0.5000    0.3810         8
           5     0.6429    0.5000    0.5625        18
           6     0.8776    0.7963    0.8350        54
           7     0.8000    0.7273    0.7619        55
           9     0.9406    0.9717    0.9559       212

    accuracy                         0.8675       400
   macro avg     0.7441    0.7440    0.7387       400
weighted avg     0.8704    0.8675    0.8674       400

Validation Loss: 0.38359586894512177
              precision    recall  f1-score   support

           0     0.7778    0.9130    0.8400        23
           2     0.8148    0.7333    0.7719        30
           4     0.4000    0.5000    0.4444         8
           5     0.8000    0.6667    0.7273        18
           6     0.8200    0.7593    0.7885        54
           7     0.7170    0.6909    0.7037        55
           9     0.9358    0.9623    0.9488       212

    accuracy                         0.8550       400
   macro avg     0.7522    0.7465    0.7464       400
weighted avg     0.8551    0.8550    0.8539       400

Validation Loss: 0.3624451607465744
              precision    recall  f1-score   support

           0     0.8696    0.8696    0.8696        23
           2     0.7576    0.8333    0.7937        30
           4     0.4444    0.5000    0.4706         8
           5     0.9091    0.5556    0.6897        18
           6     0.8036    0.8333    0.8182        54
           7     0.7907    0.6182    0.6939        55
           9     0.9244    0.9811    0.9519       212

    accuracy                         0.8650       400
   macro avg     0.7856    0.7416    0.7554       400
weighted avg     0.8638    0.8650    0.8604       400

Validation Loss: 0.3941763639450073
              precision    recall  f1-score   support

           0     0.9524    0.8696    0.9091        23
           2     0.8182    0.9000    0.8571        30
           4     0.5000    0.5000    0.5000         8
           5     0.6154    0.4444    0.5161        18
           6     0.7736    0.7593    0.7664        54
           7     0.7045    0.5636    0.6263        55
           9     0.9079    0.9764    0.9409       212

    accuracy                         0.8450       400
   macro avg     0.7531    0.7162    0.7308       400
weighted avg     0.8363    0.8450    0.8380       400

Validation Loss: 0.3894660770893097
              precision    recall  f1-score   support

           0     0.9130    0.9130    0.9130        23
           2     0.8667    0.8667    0.8667        30
           4     0.5714    0.5000    0.5333         8
           5     0.7000    0.3889    0.5000        18
           6     0.7273    0.7407    0.7339        54
           7     0.7059    0.6545    0.6792        55
           9     0.9241    0.9764    0.9495       212

    accuracy                         0.8525       400
   macro avg     0.7726    0.7200    0.7394       400
weighted avg     0.8454    0.8525    0.8464       400

Validation Loss: 0.38905973732471466
              precision    recall  f1-score   support

           0     0.9091    0.8696    0.8889        23
           2     0.8387    0.8667    0.8525        30
           4     0.5000    0.6250    0.5556         8
           5     0.7333    0.6111    0.6667        18
           6     0.8113    0.7963    0.8037        54
           7     0.7959    0.7091    0.7500        55
           9     0.9409    0.9764    0.9583       212

    accuracy                         0.8775       400
   macro avg     0.7899    0.7792    0.7822       400
weighted avg     0.8758    0.8775    0.8757       400

Validation Loss: 0.40398116409778595
              precision    recall  f1-score   support

           0     0.9524    0.8696    0.9091        23
           2     0.8667    0.8667    0.8667        30
           4     0.6000    0.3750    0.4615         8
           5     0.6667    0.4444    0.5333        18
           6     0.7018    0.7407    0.7207        54
           7     0.6607    0.6727    0.6667        55
           9     0.9315    0.9623    0.9466       212

    accuracy                         0.8450       400
   macro avg     0.7685    0.7045    0.7292       400
weighted avg     0.8410    0.8450    0.8412       400

Validation Loss: 0.40696436166763306
              precision    recall  f1-score   support

           0     0.8400    0.9130    0.8750        23
           2     0.8571    0.8000    0.8276        30
           4     0.4286    0.3750    0.4000         8
           5     0.6250    0.5556    0.5882        18
           6     0.8043    0.6852    0.7400        54
           7     0.6531    0.5818    0.6154        55
           9     0.9083    0.9811    0.9433       212

    accuracy                         0.8375       400
   macro avg     0.7309    0.6988    0.7128       400
weighted avg     0.8291    0.8375    0.8313       400

Validation Loss: 0.4227788746356964
              precision    recall  f1-score   support

           0     0.8077    0.9130    0.8571        23
           2     0.7273    0.8000    0.7619        30
           4     0.2727    0.3750    0.3158         8
           5     0.8333    0.5556    0.6667        18
           6     0.8085    0.7037    0.7525        54
           7     0.6923    0.4909    0.5745        55
           9     0.8966    0.9811    0.9369       212

    accuracy                         0.8275       400
   macro avg     0.7198    0.6885    0.6951       400
weighted avg     0.8235    0.8275    0.8199       400

Validation Loss: 0.35686327517032623
              precision    recall  f1-score   support

           0     0.8400    0.9130    0.8750        23
           2     0.8000    0.8000    0.8000        30
           4     0.4286    0.3750    0.4000         8
           5     0.6875    0.6111    0.6471        18
           6     0.8333    0.8333    0.8333        54
           7     0.8537    0.6364    0.7292        55
           9     0.9251    0.9906    0.9567       212

    accuracy                         0.8725       400
   macro avg     0.7669    0.7371    0.7488       400
weighted avg     0.8680    0.8725    0.8673       400

Validation Loss: 0.348761186003685
              precision    recall  f1-score   support

           0     0.8750    0.9130    0.8936        23
           2     0.8621    0.8333    0.8475        30
           4     0.5000    0.5000    0.5000         8
           5     0.7143    0.5556    0.6250        18
           6     0.7627    0.8333    0.7965        54
           7     0.7885    0.7455    0.7664        55
           9     0.9579    0.9670    0.9624       212

    accuracy                         0.8775       400
   macro avg     0.7801    0.7640    0.7702       400
weighted avg     0.8762    0.8775    0.8761       400

Validation Loss: 0.3722672462463379
              precision    recall  f1-score   support

           0     0.8750    0.9130    0.8936        23
           2     0.8621    0.8333    0.8475        30
           4     0.5000    0.5000    0.5000         8
           5     0.7059    0.6667    0.6857        18
           6     0.8302    0.8148    0.8224        54
           7     0.7949    0.5636    0.6596        55
           9     0.9087    0.9858    0.9457       212

    accuracy                         0.8650       400
   macro avg     0.7824    0.7539    0.7649       400
weighted avg     0.8597    0.8650    0.8587       400

Validation Loss: 0.42102885246276855
              precision    recall  f1-score   support

           0     0.9130    0.9130    0.9130        23
           2     0.8667    0.8667    0.8667        30
           4     0.2000    0.1250    0.1538         8
           5     0.5833    0.3889    0.4667        18
           6     0.7241    0.7778    0.7500        54
           7     0.7500    0.6545    0.6990        55
           9     0.9286    0.9811    0.9541       212

    accuracy                         0.8525       400
   macro avg     0.7094    0.6724    0.6862       400
weighted avg     0.8408    0.8525    0.8446       400

Validation Loss: 0.3976079970598221
              precision    recall  f1-score   support

           0     0.8750    0.9130    0.8936        23
           2     0.7812    0.8333    0.8065        30
           4     0.3750    0.3750    0.3750         8
           5     0.6875    0.6111    0.6471        18
           6     0.8431    0.7963    0.8190        54
           7     0.7917    0.6909    0.7379        55
           9     0.9367    0.9764    0.9561       212

    accuracy                         0.8700       400
   macro avg     0.7557    0.7423    0.7479       400
weighted avg     0.8664    0.8700    0.8673       400

Validation Loss: 0.312353253364563
              precision    recall  f1-score   support

           0     0.9048    0.8261    0.8636        23
           2     0.7222    0.8667    0.7879        30
           4     0.3750    0.3750    0.3750         8
           5     0.8667    0.7222    0.7879        18
           6     0.8704    0.8704    0.8704        54
           7     0.7931    0.8364    0.8142        55
           9     0.9712    0.9528    0.9619       212

    accuracy                         0.8900       400
   macro avg     0.7862    0.7785    0.7801       400
weighted avg     0.8940    0.8900    0.8910       400

Validation Loss: 0.311024010181427
              precision    recall  f1-score   support

           0     0.8333    0.8696    0.8511        23
           2     0.8276    0.8000    0.8136        30
           4     0.6000    0.7500    0.6667         8
           5     0.9167    0.6111    0.7333        18
           6     0.8214    0.8519    0.8364        54
           7     0.7500    0.8182    0.7826        55
           9     0.9617    0.9481    0.9549       212

    accuracy                         0.8825       400
   macro avg     0.8158    0.8070    0.8055       400
weighted avg     0.8870    0.8825    0.8829       400

Validation Loss: 0.33940289914608
              precision    recall  f1-score   support

           0     0.8000    0.8696    0.8333        23
           2     0.7333    0.7333    0.7333        30
           4     0.4286    0.3750    0.4000         8
           5     0.8462    0.6111    0.7097        18
           6     0.7679    0.7963    0.7818        54
           7     0.7258    0.8182    0.7692        55
           9     0.9758    0.9528    0.9642       212

    accuracy                         0.8650       400
   macro avg     0.7539    0.7366    0.7417       400
weighted avg     0.8683    0.8650    0.8652       400

Validation Loss: 0.33822354674339294
              precision    recall  f1-score   support

           0     0.8400    0.9130    0.8750        23
           2     0.8571    0.8000    0.8276        30
           4     0.5556    0.6250    0.5882         8
           5     0.7857    0.6111    0.6875        18
           6     0.8148    0.8148    0.8148        54
           7     0.8182    0.8182    0.8182        55
           9     0.9628    0.9764    0.9696       212

    accuracy                         0.8925       400
   macro avg     0.8049    0.7941    0.7973       400
weighted avg     0.8918    0.8925    0.8914       400

Validation Loss: 0.355237677693367
              precision    recall  f1-score   support

           0     0.8333    0.8696    0.8511        23
           2     0.7742    0.8000    0.7869        30
           4     0.2857    0.2500    0.2667         8
           5     0.6875    0.6111    0.6471        18
           6     0.8269    0.7963    0.8113        54
           7     0.7679    0.7818    0.7748        55
           9     0.9533    0.9623    0.9577       212

    accuracy                         0.8675       400
   macro avg     0.7327    0.7244    0.7279       400
weighted avg     0.8651    0.8675    0.8661       400

Validation Loss: 0.3509730249643326
              precision    recall  f1-score   support

           0     0.8750    0.9130    0.8936        23
           2     0.8065    0.8333    0.8197        30
           4     0.4000    0.2500    0.3077         8
           5     0.7692    0.5556    0.6452        18
           6     0.7705    0.8704    0.8174        54
           7     0.7925    0.7636    0.7778        55
           9     0.9577    0.9623    0.9600       212

    accuracy                         0.8775       400
   macro avg     0.7673    0.7355    0.7459       400
weighted avg     0.8740    0.8775    0.8741       400

Validation Loss: 0.36673714220523834
              precision    recall  f1-score   support

           0     0.7778    0.9130    0.8400        23
           2     0.7586    0.7333    0.7458        30
           4     0.3333    0.3750    0.3529         8
           5     0.8333    0.5556    0.6667        18
           6     0.7963    0.7963    0.7963        54
           7     0.8043    0.6727    0.7327        55
           9     0.9327    0.9811    0.9563       212

    accuracy                         0.8600       400
   macro avg     0.7481    0.7182    0.7272       400
weighted avg     0.8582    0.8600    0.8564       400

Validation Loss: 0.3445717692375183
              precision    recall  f1-score   support

           0     0.8000    0.8696    0.8333        23
           2     0.7667    0.7667    0.7667        30
           4     0.4286    0.3750    0.4000         8
           5     0.9333    0.7778    0.8485        18
           6     0.8462    0.8148    0.8302        54
           7     0.7708    0.6727    0.7184        55
           9     0.9327    0.9811    0.9563       212

    accuracy                         0.8725       400
   macro avg     0.7826    0.7511    0.7648       400
weighted avg     0.8686    0.8725    0.8693       400

Validation Loss: 0.3660001754760742
              precision    recall  f1-score   support

           0     0.8750    0.9130    0.8936        23
           2     0.7143    0.8333    0.7692        30
           4     0.2000    0.2500    0.2222         8
           5     0.8462    0.6111    0.7097        18
           6     0.8036    0.8333    0.8182        54
           7     0.8036    0.8182    0.8108        55
           9     0.9806    0.9528    0.9665       212

    accuracy                         0.8775       400
   macro avg     0.7462    0.7445    0.7415       400
weighted avg     0.8846    0.8775    0.8796       400

Validation Loss: 0.34430207312107086
              precision    recall  f1-score   support

           0     0.9091    0.8696    0.8889        23
           2     0.7879    0.8667    0.8254        30
           4     0.4444    0.5000    0.4706         8
           5     0.8462    0.6111    0.7097        18
           6     0.8214    0.8519    0.8364        54
           7     0.7778    0.7636    0.7706        55
           9     0.9531    0.9575    0.9553       212

    accuracy                         0.8800       400
   macro avg     0.7914    0.7743    0.7796       400
weighted avg     0.8813    0.8800    0.8795       400

Validation Loss: 0.34237076342105865
              precision    recall  f1-score   support

           0     0.8696    0.8696    0.8696        23
           2     0.7353    0.8333    0.7812        30
           4     0.2857    0.2500    0.2667         8
           5     0.7857    0.6111    0.6875        18
           6     0.7966    0.8704    0.8319        54
           7     0.7797    0.8364    0.8070        55
           9     0.9853    0.9481    0.9663       212

    accuracy                         0.8800       400
   macro avg     0.7483    0.7456    0.7443       400
weighted avg     0.8832    0.8800    0.8803       400

Validation Loss: 0.3192664831876755
              precision    recall  f1-score   support

           0     0.9091    0.8696    0.8889        23
           2     0.8438    0.9000    0.8710        30
           4     0.4444    0.5000    0.4706         8
           5     0.7647    0.7222    0.7429        18
           6     0.8519    0.8519    0.8519        54
           7     0.7500    0.8182    0.7826        55
           9     0.9709    0.9434    0.9569       212

    accuracy                         0.8875       400
   macro avg     0.7907    0.8007    0.7950       400
weighted avg     0.8915    0.8875    0.8891       400

Validation Loss: 0.36271773278713226
              precision    recall  f1-score   support

           0     0.9091    0.8696    0.8889        23
           2     0.8125    0.8667    0.8387        30
           4     0.5000    0.6250    0.5556         8
           5     0.8182    0.5000    0.6207        18
           6     0.7857    0.8148    0.8000        54
           7     0.7885    0.7455    0.7664        55
           9     0.9493    0.9717    0.9604       212

    accuracy                         0.8775       400
   macro avg     0.7948    0.7705    0.7758       400
weighted avg     0.8776    0.8775    0.8754       400

Validation Loss: 0.38225550949573517
              precision    recall  f1-score   support

           0     0.9130    0.9130    0.9130        23
           2     0.8710    0.9000    0.8852        30
           4     0.3636    0.5000    0.4211         8
           5     0.7333    0.6111    0.6667        18
           6     0.8367    0.7593    0.7961        54
           7     0.7600    0.6909    0.7238        55
           9     0.9367    0.9764    0.9561       212

    accuracy                         0.8725       400
   macro avg     0.7735    0.7644    0.7660       400
weighted avg     0.8720    0.8725    0.8711       400

Validation Loss: 0.42061059176921844
              precision    recall  f1-score   support

           0     0.8400    0.9130    0.8750        23
           2     0.8276    0.8000    0.8136        30
           4     0.4000    0.5000    0.4444         8
           5     0.8000    0.6667    0.7273        18
           6     0.8200    0.7593    0.7885        54
           7     0.7436    0.5273    0.6170        55
           9     0.9009    0.9858    0.9414       212

    accuracy                         0.8500       400
   macro avg     0.7617    0.7360    0.7439       400
weighted avg     0.8448    0.8500    0.8432       400

Validation Loss: 0.3810974061489105
              precision    recall  f1-score   support

           0     0.9130    0.9130    0.9130        23
           2     0.7941    0.9000    0.8438        30
           4     0.2308    0.3750    0.2857         8
           5     0.8667    0.7222    0.7879        18
           6     0.9130    0.7778    0.8400        54
           7     0.7895    0.5455    0.6452        55
           9     0.9048    0.9858    0.9436       212

    accuracy                         0.8625       400
   macro avg     0.7731    0.7456    0.7513       400
weighted avg     0.8670    0.8625    0.8592       400

Validation Loss: 0.3543720245361328
              precision    recall  f1-score   support

           0     0.8400    0.9130    0.8750        23
           2     0.8333    0.8333    0.8333        30
           4     0.2857    0.2500    0.2667         8
           5     0.6842    0.7222    0.7027        18
           6     0.8302    0.8148    0.8224        54
           7     0.7917    0.6909    0.7379        55
           9     0.9404    0.9670    0.9535       212

    accuracy                         0.8700       400
   macro avg     0.7436    0.7416    0.7416       400
weighted avg     0.8666    0.8700    0.8676       400

Validation Loss: 0.3380458801984787
              precision    recall  f1-score   support

           0     0.9130    0.9130    0.9130        23
           2     0.7812    0.8333    0.8065        30
           4     0.3750    0.3750    0.3750         8
           5     0.8462    0.6111    0.7097        18
           6     0.7797    0.8519    0.8142        54
           7     0.7679    0.7818    0.7748        55
           9     0.9665    0.9528    0.9596       212

    accuracy                         0.8775       400
   macro avg     0.7756    0.7599    0.7647       400
weighted avg     0.8798    0.8775    0.8775       400

Validation Loss: 0.33117005228996277
              precision    recall  f1-score   support

           0     1.0000    0.8261    0.9048        23
           2     0.8286    0.9667    0.8923        30
           4     0.4286    0.3750    0.4000         8
           5     0.6875    0.6111    0.6471        18
           6     0.7619    0.8889    0.8205        54
           7     0.7857    0.8000    0.7928        55
           9     0.9853    0.9481    0.9663       212

    accuracy                         0.8875       400
   macro avg     0.7825    0.7737    0.7748       400
weighted avg     0.8923    0.8875    0.8880       400

Validation Loss: 0.35213544964790344
              precision    recall  f1-score   support

           0     0.9545    0.9130    0.9333        23
           2     0.8929    0.8333    0.8621        30
           4     0.4286    0.3750    0.4000         8
           5     0.7647    0.7222    0.7429        18
           6     0.7857    0.8148    0.8000        54
           7     0.7164    0.8727    0.7869        55
           9     0.9803    0.9387    0.9590       212

    accuracy                         0.8825       400
   macro avg     0.7890    0.7814    0.7835       400
weighted avg     0.8890    0.8825    0.8842       400

Validation Loss: 0.3416837155818939
              precision    recall  f1-score   support

           0     0.8696    0.8696    0.8696        23
           2     0.8000    0.8000    0.8000        30
           4     0.2857    0.2500    0.2667         8
           5     0.6364    0.3889    0.4828        18
           6     0.7419    0.8519    0.7931        54
           7     0.7656    0.8909    0.8235        55
           9     0.9852    0.9434    0.9639       212

    accuracy                         0.8700       400
   macro avg     0.7263    0.7135    0.7142       400
weighted avg     0.8720    0.8700    0.8682       400

Validation Loss: 0.32794657349586487
              precision    recall  f1-score   support

           0     0.9091    0.8696    0.8889        23
           2     0.8438    0.9000    0.8710        30
           4     0.5000    0.3750    0.4286         8
           5     0.7500    0.6667    0.7059        18
           6     0.8000    0.8889    0.8421        54
           7     0.7759    0.8182    0.7965        55
           9     0.9757    0.9481    0.9617       212

    accuracy                         0.8900       400
   macro avg     0.7935    0.7809    0.7849       400
weighted avg     0.8911    0.8900    0.8897       400

Validation Loss: 0.3503452390432358
              precision    recall  f1-score   support

           0     0.9545    0.9130    0.9333        23
           2     0.8929    0.8333    0.8621        30
           4     0.3333    0.2500    0.2857         8
           5     0.7143    0.5556    0.6250        18
           6     0.7414    0.7963    0.7679        54
           7     0.7600    0.6909    0.7238        55
           9     0.9369    0.9811    0.9585       212

    accuracy                         0.8675       400
   macro avg     0.7619    0.7172    0.7366       400
weighted avg     0.8618    0.8675    0.8634       400

Validation Loss: 0.36386385560035706
              precision    recall  f1-score   support

           0     0.9474    0.7826    0.8571        23
           2     0.7647    0.8667    0.8125        30
           4     0.3750    0.3750    0.3750         8
           5     0.7273    0.4444    0.5517        18
           6     0.7321    0.7593    0.7455        54
           7     0.7826    0.6545    0.7129        55
           9     0.9248    0.9858    0.9543       212

    accuracy                         0.8525       400
   macro avg     0.7506    0.6955    0.7156       400
weighted avg     0.8486    0.8525    0.8470       400

Validation Loss: 0.3809853494167328
              precision    recall  f1-score   support

           0     0.8077    0.9130    0.8571        23
           2     0.8519    0.7667    0.8070        30
           4     0.3333    0.2500    0.2857         8
           5     0.6250    0.5556    0.5882        18
           6     0.7885    0.7593    0.7736        54
           7     0.7021    0.6000    0.6471        55
           9     0.9159    0.9764    0.9452       212

    accuracy                         0.8425       400
   macro avg     0.7178    0.6887    0.7006       400
weighted avg     0.8336    0.8425    0.8364       400

Validation Loss: 0.3453129380941391
              precision    recall  f1-score   support

           0     0.8696    0.8696    0.8696        23
           2     0.8065    0.8333    0.8197        30
           4     0.5000    0.3750    0.4286         8
           5     0.6429    0.5000    0.5625        18
           6     0.7541    0.8519    0.8000        54
           7     0.7800    0.7091    0.7429        55
           9     0.9488    0.9623    0.9555       212

    accuracy                         0.8650       400
   macro avg     0.7574    0.7287    0.7398       400
weighted avg     0.8613    0.8650    0.8619       400

Validation Loss: 0.3344518840312958
              precision    recall  f1-score   support

           0     0.8696    0.8696    0.8696        23
           2     0.7353    0.8333    0.7812        30
           4     0.3750    0.3750    0.3750         8
           5     0.6923    0.5000    0.5806        18
           6     0.7895    0.8333    0.8108        54
           7     0.8077    0.7636    0.7850        55
           9     0.9624    0.9670    0.9647       212

    accuracy                         0.8725       400
   macro avg     0.7474    0.7345    0.7381       400
weighted avg     0.8715    0.8725    0.8709       400

Validation Loss: 0.3618644028902054
              precision    recall  f1-score   support

           0     0.9091    0.8696    0.8889        23
           2     0.8000    0.8000    0.8000        30
           4     0.3750    0.3750    0.3750         8
           5     0.8750    0.3889    0.5385        18
           6     0.7119    0.7778    0.7434        54
           7     0.7119    0.7636    0.7368        55
           9     0.9533    0.9623    0.9577       212

    accuracy                         0.8550       400
   macro avg     0.7623    0.7053    0.7200       400
weighted avg     0.8584    0.8550    0.8521       400

Validation Loss: 0.3623127043247223
              precision    recall  f1-score   support

           0     0.8077    0.9130    0.8571        23
           2     0.8519    0.7667    0.8070        30
           4     0.2857    0.2500    0.2667         8
           5     0.7143    0.5556    0.6250        18
           6     0.7593    0.7593    0.7593        54
           7     0.7447    0.6364    0.6863        55
           9     0.9244    0.9811    0.9519       212

    accuracy                         0.8500       400
   macro avg     0.7268    0.6946    0.7076       400
weighted avg     0.8430    0.8500    0.8447       400

Validation Loss: 0.4018784463405609
              precision    recall  f1-score   support

           0     0.8750    0.9130    0.8936        23
           2     0.8333    0.8333    0.8333        30
           4     0.5000    0.6250    0.5556         8
           5     0.8571    0.6667    0.7500        18
           6     0.8163    0.7407    0.7767        54
           7     0.7143    0.5455    0.6186        55
           9     0.9048    0.9858    0.9436       212

    accuracy                         0.8550       400
   macro avg     0.7858    0.7586    0.7673       400
weighted avg     0.8493    0.8550    0.8487       400

Final Test Loss: 0.04825878758399824
              precision    recall  f1-score   support

           0     0.9394    0.9118    0.9254        34
           2     0.7778    0.7000    0.7368        30
           4     0.2500    0.1667    0.2000         6
           5     0.3333    0.3846    0.3571        13
           6     0.7966    0.7705    0.7833        61
           7     0.5932    0.6731    0.6306        52
           9     0.9966    0.9963    0.9965      3804

    accuracy                         0.9825      4000
   macro avg     0.6696    0.6576    0.6614      4000
weighted avg     0.9829    0.9825    0.9826      4000

